alert_id,customer_id,amount,account_age_days,prior_orders,prior_disputes,delivery_status,delivery_proof,device_fingerprint,address_hash,days_since_purchase,complaint_category,complaint_text,persona,ring_archetype,text_contradiction,would_win_if_fought
ALT00000,CUST00649,3368.45,1500,47,1,delivered,otp,dev_d9a09007,addr_65d0b517,3,not_as_described,Item is not what the listing showed. Quality is poor.,honest,,False,1
ALT00001,CUST01361,1963.48,424,23,0,lost,none,dev_3c38c3f0,addr_61fe800a,17,item_not_received,I have not received this package even after 17 days.,honest,,False,0
ALT00002,CUST01740,1868.58,148,17,1,delivered,signed,dev_172f0d9b,addr_02ac1c61,5,not_as_described,Item is not what the listing showed. Quality is poor.,opportunist,,False,1
ALT00003,CUST00583,2799.47,247,6,1,delivered,otp,dev_c62f3461,addr_b9fc829f,34,duplicate_charge,Two payments went out for a single purchase.,honest,,False,0
ALT00004,CUST00194,5213.14,1179,31,0,lost,none,dev_1cf14654,addr_28ce231e,21,unauthorised,"Unknown charge from your store, I never placed any order.",honest,,False,0
ALT00005,CUST01192,1347.83,810,23,1,in_transit,none,dev_567c5d44,addr_fed747be,18,item_not_received,Nothing was delivered to my address. Please refund the amount. Kindly help.,honest,,False,0
ALT00006,CUST01182,1413.19,88,1,2,in_transit,none,dev_435b6625,addr_e7e399b8,36,unauthorised,"This charge is not mine, my card was used without permission.",ring,household,False,0
ALT00007,CUST00638,239.69,1179,32,1,lost,none,dev_c90ec689,addr_8a45e02e,43,not_as_described,"Received the wrong variant, this is not what I ordered. Kindly help.",honest,,False,0
ALT00008,CUST00106,4953.32,707,47,0,delivered,signed,dev_cc21cbdb,addr_d86065a2,1,duplicate_charge,Two payments went out for a single purchase.,honest,,False,1
ALT00009,CUST00960,1534.81,454,18,3,in_transit,otp,dev_85a0daf6,addr_e656cfbc,26,not_as_described,Item is not what the listing showed. Quality is poor. This keeps happening.,opportunist,,False,1
ALT00010,CUST01149,1174.92,1221,23,0,in_transit,none,dev_26d3e222,addr_09b4413c,22,item_not_received,Nothing was delivered to my address. Please refund the amount.,honest,,False,0
ALT00011,CUST00963,1293.29,1251,42,1,in_transit,otp,dev_04de78f8,addr_938f2b90,9,item_not_received,I have not received this package even after 9 days.,honest,,False,1
ALT00012,CUST01395,3670.42,979,34,1,delivered,signed,dev_741f5545,addr_9b247a55,13,unauthorised,I did not authorise this transaction on my card.,honest,,False,1
ALT00013,CUST00432,2450.11,1333,24,1,in_transit,otp,dev_e8c35a79,addr_eba2a67c,43,duplicate_charge,"Charged twice for the same order, please reverse one debit. Kindly help.",honest,,False,1
ALT00014,CUST00599,1424.93,232,5,1,delivered,signed,dev_0308aa5e,addr_fa3c1628,38,not_as_described,"Received the wrong variant, this is not what I ordered.",honest,,False,1
ALT00015,CUST01262,1325.82,804,18,0,in_transit,otp,dev_73dd3bc6,addr_638e1388,27,item_not_received,Order never arrived. Tracking shows delivered but nothing reached me.,honest,,False,1
ALT00016,CUST00830,4941.0,877,15,1,delivered,otp,dev_a5f60735,addr_b7f60cdf,37,not_as_described,Product does not match the description on your site. Kindly help.,honest,,False,1
ALT00017,CUST00245,926.75,661,48,0,in_transit,otp,dev_02472360,addr_e959137f,16,duplicate_charge,Duplicate debit of the same amount on the same day.,honest,,False,1
ALT00018,CUST00472,1924.67,29,3,0,lost,none,dev_3f086a9e,addr_243191eb,5,unauthorised,I did not authorise this transaction on my card. Refund immediately.,ring,tight,False,0
ALT00019,CUST00230,1602.96,295,15,1,delivered,otp,dev_bf8f81ea,addr_165607c0,45,unauthorised,I did not authorise this transaction on my card. The box was torn when I opened it. I raised this before and got no response.,opportunist,,True,0
ALT00020,CUST00665,1600.57,567,9,2,lost,none,dev_c9257285,addr_a30bd3b5,34,item_not_received,Order never arrived. Tracking shows delivered but nothing reached me. I raised this before and got no response.,opportunist,,False,0
ALT00021,CUST00723,753.44,55,1,0,delivered,otp,dev_ca8b6e4c,addr_7f7ac78c,16,duplicate_charge,Two payments went out for a single purchase. Refund immediately.,ring,dropship,False,1
ALT00022,CUST00895,5586.98,89,0,2,delivered,signed,dev_8d204cf6,addr_e7e399b8,4,unauthorised,"Unknown charge from your store, I never placed any order. Refund immediately.",ring,household,False,1
ALT00023,CUST01073,1883.76,431,20,4,delivered,signed,dev_f5264ea2,addr_596ed71c,10,unauthorised,"Unknown charge from your store, I never placed any order.",opportunist,,False,1
ALT00024,CUST01201,4136.88,310,24,0,delivered,signed,dev_909e21ba,addr_b2a0f778,13,item_not_received,I have not received this package even after 13 days.,honest,,False,1
ALT00025,CUST00552,2554.63,172,3,4,delivered,signed,dev_25aa620f,addr_4dbbb7cd,2,duplicate_charge,Two payments went out for a single purchase. I raised this before and got no response.,opportunist,,False,1
ALT00026,CUST00448,2001.59,934,24,1,lost,none,dev_8d3a5d76,addr_9b4bf377,42,not_as_described,Item is not what the listing showed. Quality is poor.,honest,,False,0
ALT00027,CUST01477,1701.45,335,11,1,delivered,signed,dev_1fd28b9e,addr_a928a5b2,43,item_not_received,Nothing was delivered to my address. Please refund the amount.,opportunist,,False,1
ALT00028,CUST00494,1709.68,885,13,0,in_transit,none,dev_d93d8722,addr_c4df5b8d,16,item_not_received,Nothing was delivered to my address. Please refund the amount.,honest,,False,0
ALT00029,CUST01082,702.98,811,48,0,delivered,none,dev_7b53359e,addr_46e1ee40,45,item_not_received,Nothing was delivered to my address. Please refund the amount.,honest,,False,0
ALT00030,CUST00002,1044.71,1022,15,1,in_transit,otp,dev_0fbc6377,addr_c25a6eb3,13,not_as_described,Item is not what the listing showed. Quality is poor. Kindly help.,honest,,False,1
ALT00031,CUST00627,3622.08,23,0,1,in_transit,none,dev_b87189e1,addr_0182c481,45,unauthorised,"Unknown charge from your store, I never placed any order. Refund immediately.",ring,dropship,False,0
ALT00032,CUST01371,1689.58,364,4,1,in_transit,none,dev_bd1a2704,addr_2cdc1cc0,37,not_as_described,Item is not what the listing showed. Quality is poor. I raised this before and got no response.,opportunist,,False,0
ALT00033,CUST00093,4696.56,1290,50,0,in_transit,none,dev_ce6322b6,addr_12738a23,16,not_as_described,"Received the wrong variant, this is not what I ordered.",honest,,False,1
ALT00034,CUST00882,1082.11,552,45,0,lost,none,dev_e797f3ae,addr_18e824e9,5,item_not_received,"Order never arrived. Tracking shows delivered but nothing reached me. The size is wrong, I want to send it back.",honest,,True,0
ALT00035,CUST00419,1697.94,266,33,1,delivered,otp,dev_d1151fff,addr_fe7402cd,7,unauthorised,"Unknown charge from your store, I never placed any order.",honest,,False,0
ALT00036,CUST00452,1469.54,1381,13,0,in_transit,none,dev_6c5540f0,addr_58e7edf8,7,item_not_received,"Nothing was delivered to my address. Please refund the amount. The size is wrong, I want to send it back.",honest,,True,0
ALT00037,CUST00574,1885.96,1351,7,0,in_transit,otp,dev_5c94563a,addr_ba751921,38,duplicate_charge,"Charged twice for the same order, please reverse one debit.",honest,,False,1
ALT00038,CUST00697,4405.67,1025,14,1,lost,none,dev_09eda6f5,addr_3cd1ff3f,6,not_as_described,Product does not match the description on your site. Kindly help.,honest,,False,0
ALT00039,CUST01528,6993.97,1265,33,0,delivered,otp,dev_ae27d432,addr_7d23d479,45,item_not_received,Nothing was delivered to my address. Please refund the amount. Kindly help.,honest,,False,1
ALT00040,CUST01492,3003.07,587,47,1,delivered,otp,dev_fb5f5290,addr_f68b6ba0,14,unauthorised,I did not authorise this transaction on my card.,honest,,False,0
ALT00041,CUST01031,1276.21,5,0,3,delivered,none,dev_b87189e1,addr_a0d763f0,28,not_as_described,"Received the wrong variant, this is not what I ordered. Refund immediately.",ring,dropship,False,0
ALT00042,CUST01139,2142.11,468,11,1,delivered,signed,dev_44b0703f,addr_380cfd3d,41,item_not_received,Order never arrived. Tracking shows delivered but nothing reached me.,opportunist,,False,1
ALT00043,CUST00479,8349.42,662,40,1,in_transit,none,dev_daf93e99,addr_addb8943,13,unauthorised,I did not authorise this transaction on my card.,honest,,False,0
ALT00044,CUST00943,2377.94,1491,50,1,delivered,signed,dev_fabfa7ef,addr_d93eea4d,3,not_as_described,Product does not match the description on your site. Kindly help.,honest,,False,1
ALT00045,CUST00418,1712.73,52,2,1,delivered,otp,dev_6af01106,addr_64907a63,44,unauthorised,I did not authorise this transaction on my card. Refund immediately.,ring,dropship,False,0
ALT00046,CUST00774,1832.21,584,14,2,delivered,signed,dev_e0b7d818,addr_6485525e,44,not_as_described,Item is not what the listing showed. Quality is poor.,opportunist,,False,1
ALT00047,CUST01565,2991.55,1277,28,0,delivered,signed,dev_19dd3e8c,addr_4d407b28,28,not_as_described,Product does not match the description on your site.,honest,,False,1
ALT00048,CUST00545,1110.74,938,23,0,in_transit,none,dev_a6388854,addr_5893ef12,44,unauthorised,"This charge is not mine, my card was used without permission.",honest,,False,0
ALT00049,CUST01697,1441.6,501,21,0,lost,none,dev_d76d9612,addr_03288b00,37,not_as_described,"Received the wrong variant, this is not what I ordered.",honest,,False,0
ALT00050,CUST00352,4808.27,1318,26,0,delivered,otp,dev_af475b49,addr_2285b2ef,17,item_not_received,Order never arrived. Tracking shows delivered but nothing reached me.,honest,,False,1
ALT00051,CUST00605,2920.29,405,48,0,delivered,otp,dev_edd97a1a,addr_e0decc3d,38,duplicate_charge,Duplicate debit of the same amount on the same day.,honest,,False,1
ALT00052,CUST00110,2398.3,306,3,4,delivered,otp,dev_2fe12ed8,addr_87e81b25,8,duplicate_charge,Duplicate debit of the same amount on the same day. This keeps happening.,opportunist,,False,0
ALT00053,CUST01459,5030.87,783,10,0,in_transit,none,dev_45d5a68d,addr_6ffe33b3,34,item_not_received,Order never arrived. Tracking shows delivered but nothing reached me.,honest,,False,0
ALT00054,CUST00103,1215.92,1064,27,0,delivered,otp,dev_f9fc9c3f,addr_1182e8e7,16,duplicate_charge,Two payments went out for a single purchase. Kindly help.,honest,,False,1
ALT00055,CUST01100,1744.76,166,4,3,delivered,signed,dev_bc775a20,addr_1533fe82,12,not_as_described,Item is not what the listing showed. Quality is poor.,opportunist,,False,1
ALT00056,CUST01431,1816.29,448,5,3,delivered,otp,dev_e987cfb2,addr_35e0edd6,5,not_as_described,Product does not match the description on your site. I raised this before and got no response.,opportunist,,False,0
ALT00057,CUST00943,1671.52,1491,50,1,delivered,signed,dev_fabfa7ef,addr_d93eea4d,2,unauthorised,I did not authorise this transaction on my card. The box was torn when I opened it. Kindly help.,honest,,True,0
ALT00058,CUST00062,2217.97,225,20,0,in_transit,otp,dev_78c59073,addr_266bf2ea,21,item_not_received,Order never arrived. Tracking shows delivered but nothing reached me. Kindly help.,honest,,False,1
ALT00059,CUST00389,1809.13,891,40,0,delivered,otp,dev_945d91a5,addr_75a72686,35,not_as_described,Item is not what the listing showed. Quality is poor. Kindly help.,honest,,False,1
ALT00060,CUST01532,1650.27,1325,15,1,lost,none,dev_9b49bd26,addr_f6e07cc0,10,item_not_received,I have not received this package even after 10 days. Kindly help.,honest,,False,0
ALT00061,CUST00235,1116.62,60,3,0,in_transit,none,dev_c37637d6,addr_a057c558,19,unauthorised,I did not authorise this transaction on my card.,ring,tight,False,0
ALT00062,CUST01117,10973.71,671,12,1,in_transit,none,dev_3a4fece7,addr_33304e33,37,not_as_described,"Received the wrong variant, this is not what I ordered.",honest,,False,0
ALT00063,CUST01069,1810.21,451,9,3,lost,none,dev_7c45d65d,addr_ce4f4c66,12,item_not_received,I have not received this package even after 12 days. I raised this before and got no response.,opportunist,,False,0
ALT00064,CUST00960,2561.61,454,18,3,delivered,signed,dev_85a0daf6,addr_710fc415,39,item_not_received,I have not received this package even after 39 days. It stopped working after two days of use. This keeps happening.,opportunist,,True,0
ALT00065,CUST00699,2173.8,229,6,3,delivered,otp,dev_461aef63,addr_2b589b3f,10,item_not_received,I have not received this package even after 10 days.,opportunist,,False,1
ALT00066,CUST01633,532.47,794,17,0,in_transit,otp,dev_1e42d2b8,addr_cbf6aa23,33,not_as_described,"Received the wrong variant, this is not what I ordered.",honest,,False,1
ALT00067,CUST01354,2409.07,1187,47,0,delivered,signed,dev_3e4c943a,addr_b32d3c81,37,item_not_received,Nothing was delivered to my address. Please refund the amount. Kindly help.,honest,,False,1
ALT00068,CUST00080,1528.87,768,47,0,delivered,signed,dev_b8f40e5e,addr_c840789b,27,item_not_received,Nothing was delivered to my address. Please refund the amount.,honest,,False,1
ALT00069,CUST01610,3314.6,802,12,1,lost,none,dev_2b1fc2ab,addr_45f3dc5a,41,unauthorised,I did not authorise this transaction on my card.,honest,,False,0
ALT00070,CUST00124,1771.93,1374,47,0,in_transit,otp,dev_ec1b55dd,addr_0a42be3f,4,not_as_described,"Received the wrong variant, this is not what I ordered.",honest,,False,1
ALT00071,CUST01709,2947.9,610,17,1,delivered,none,dev_1e1e5d91,addr_2639e214,1,duplicate_charge,Duplicate debit of the same amount on the same day. Kindly help.,honest,,False,1
ALT00072,CUST00529,2194.54,315,11,4,lost,none,dev_0f2f633b,addr_a3beb445,36,not_as_described,Item is not what the listing showed. Quality is poor. This keeps happening.,opportunist,,False,0
ALT00073,CUST00397,1142.49,1286,8,1,in_transit,otp,dev_941c23fa,addr_20dda0ff,13,not_as_described,"Received the wrong variant, this is not what I ordered.",honest,,False,0
ALT00074,CUST00496,4260.62,1426,40,0,in_transit,otp,dev_27afbff9,addr_5dfb1922,44,item_not_received,Nothing was delivered to my address. Please refund the amount. It stopped working after two days of use. Kindly help.,honest,,True,1
ALT00075,CUST00349,7291.21,986,6,0,delivered,otp,dev_d399956c,addr_0b328c23,20,not_as_described,"Received the wrong variant, this is not what I ordered.",honest,,False,1
ALT00076,CUST00042,7211.82,1043,40,1,delivered,signed,dev_650e78e4,addr_60dc12eb,24,unauthorised,I did not authorise this transaction on my card.,honest,,False,1
ALT00077,CUST00634,1451.83,1218,28,1,lost,none,dev_cd180a82,addr_ba220065,30,item_not_received,I have not received this package even after 30 days. Kindly help.,honest,,False,0
ALT00078,CUST00798,4840.09,329,15,1,delivered,none,dev_46a56fe8,addr_4cbc9044,19,not_as_described,Item is not what the listing showed. Quality is poor.,honest,,False,1
ALT00079,CUST01615,9420.22,1033,28,0,delivered,otp,dev_d7be7b4f,addr_3c6d3173,44,item_not_received,Nothing was delivered to my address. Please refund the amount.,honest,,False,1
ALT00080,CUST01369,4640.38,555,14,2,delivered,signed,dev_93c379fd,addr_fe2181fd,18,not_as_described,Item is not what the listing showed. Quality is poor. This keeps happening.,opportunist,,False,1
ALT00081,CUST00223,3834.23,240,30,1,delivered,otp,dev_a6d5dac6,addr_1e0914d2,12,not_as_described,"Received the wrong variant, this is not what I ordered. Kindly help.",honest,,False,1
ALT00082,CUST00274,780.99,1228,49,0,delivered,otp,dev_92efd363,addr_37387270,45,item_not_received,Nothing was delivered to my address. Please refund the amount. Kindly help.,honest,,False,1
ALT00083,CUST00117,1881.76,584,5,3,lost,none,dev_bfcff645,addr_bf2c1fd1,14,item_not_received,Order never arrived. Tracking shows delivered but nothing reached me. This keeps happening.,opportunist,,False,0
ALT00084,CUST00527,1134.83,1140,33,1,in_transit,otp,dev_7f9ad277,addr_50e96888,21,duplicate_charge,Two payments went out for a single purchase. Kindly help.,honest,,False,0
ALT00085,CUST00454,1679.49,1441,37,0,in_transit,none,dev_939b462d,addr_41357e8c,6,unauthorised,"Unknown charge from your store, I never placed any order. The size is wrong, I want to send it back. Kindly help.",honest,,True,0
ALT00086,CUST01799,4409.38,944,22,1,in_transit,none,dev_b62a7941,addr_3f39562d,39,not_as_described,Item is not what the listing showed. Quality is poor. Kindly help.,honest,,False,0
ALT00087,CUST00187,775.7,1264,34,0,delivered,signed,dev_6b6a8061,addr_6a18e5af,26,item_not_received,Order never arrived. Tracking shows delivered but nothing reached me.,honest,,False,1
ALT00088,CUST01750,563.2,73,1,2,delivered,signed,dev_f4a985b0,addr_9ef17e4f,40,item_not_received,I have not received this package even after 40 days. Refund immediately.,ring,tight,False,1
ALT00089,CUST00195,2583.6,606,35,0,delivered,otp,dev_2e625a6f,addr_a26d18f6,36,not_as_described,Item is not what the listing showed. Quality is poor.,honest,,False,0
ALT00090,CUST00427,2754.25,300,3,3,in_transit,none,dev_68b49b00,addr_514f6fd9,2,duplicate_charge,Two payments went out for a single purchase.,opportunist,,False,0
ALT00091,CUST01125,4292.18,293,46,1,delivered,otp,dev_a6b07458,addr_a394ed54,16,duplicate_charge,Two payments went out for a single purchase.,honest,,False,1
ALT00092,CUST01304,3441.46,428,6,1,in_transit,none,dev_3eb13b90,addr_8b9d2434,19,item_not_received,Nothing was delivered to my address. Please refund the amount.,honest,,False,0
ALT00093,CUST00006,2842.49,217,9,1,in_transit,none,dev_a90e319d,addr_1b9ec5f9,26,not_as_described,Product does not match the description on your site.,honest,,False,0
ALT00094,CUST00274,1238.9,1228,49,0,in_transit,none,dev_92efd363,addr_37387270,39,item_not_received,Nothing was delivered to my address. Please refund the amount. It stopped working after two days of use.,honest,,True,1
ALT00095,CUST01104,2690.32,784,35,1,delivered,signed,dev_19cb84c8,addr_2f51aca6,22,not_as_described,Product does not match the description on your site.,honest,,False,1
ALT00096,CUST01549,2833.06,538,33,1,lost,none,dev_63e73896,addr_9b72a9fe,11,item_not_received,Order never arrived. Tracking shows delivered but nothing reached me.,honest,,False,1
ALT00097,CUST00924,1203.27,885,20,0,delivered,signed,dev_a6276167,addr_b3ed8f33,17,item_not_received,Order never arrived. Tracking shows delivered but nothing reached me. Kindly help.,honest,,False,1
ALT00098,CUST01097,10784.97,512,5,4,delivered,otp,dev_32888f78,addr_96e15645,41,unauthorised,"This charge is not mine, my card was used without permission. The size is wrong, I want to send it back. I raised this before and got no response.",opportunist,,True,0
ALT00099,CUST00891,3303.57,840,32,1,lost,none,dev_aa448259,addr_ec48bf55,34,unauthorised,"Unknown charge from your store, I never placed any order.",honest,,False,0
ALT00100,CUST00873,964.41,405,13,0,in_transit,none,dev_9a0270da,addr_f69777a1,3,item_not_received,Nothing was delivered to my address. Please refund the amount.,honest,,False,0
ALT00101,CUST00739,4311.42,382,42,0,delivered,none,dev_82ab23a0,addr_d8feb8de,2,item_not_received,Order never arrived. Tracking shows delivered but nothing reached me.,honest,,False,0
ALT00102,CUST01526,5008.39,708,22,0,delivered,none,dev_1bac27a7,addr_df465290,17,unauthorised,I did not authorise this transaction on my card.,honest,,False,0
ALT00103,CUST01042,3136.5,690,36,1,delivered,signed,dev_1cdcc4c2,addr_980bc81e,41,item_not_received,Nothing was delivered to my address. Please refund the amount. Kindly help.,honest,,False,1
ALT00104,CUST00292,1792.6,429,9,0,delivered,none,dev_8babce3b,addr_d5a804eb,19,unauthorised,I did not authorise this transaction on my card.,honest,,False,0
ALT00105,CUST00622,1163.66,639,16,1,in_transit,none,dev_47a48c42,addr_e2280fe3,34,item_not_received,I have not received this package even after 34 days.,honest,,False,0
ALT00106,CUST00486,2068.26,530,48,1,delivered,otp,dev_94372280,addr_ee757637,34,not_as_described,"Received the wrong variant, this is not what I ordered.",honest,,False,0
ALT00107,CUST00434,1844.86,442,8,2,delivered,signed,dev_8af2820e,addr_ae26f348,4,unauthorised,"Unknown charge from your store, I never placed any order. The box was torn when I opened it. This keeps happening.",opportunist,,True,1
ALT00108,CUST00754,2951.24,1182,47,1,lost,none,dev_956abfdf,addr_f9f6b641,5,not_as_described,"Received the wrong variant, this is not what I ordered. Kindly help.",honest,,False,0
ALT00109,CUST00372,22567.34,390,7,0,lost,none,dev_850ef0ad,addr_5f5ba255,29,unauthorised,"This charge is not mine, my card was used without permission. Kindly help.",honest,,False,0
ALT00110,CUST01446,2391.56,311,46,1,delivered,none,dev_1db1ce86,addr_2ae7dc19,40,not_as_described,Product does not match the description on your site.,honest,,False,1
ALT00111,CUST01700,974.02,201,6,2,delivered,otp,dev_f7048d14,addr_287e09f1,44,not_as_described,Item is not what the listing showed. Quality is poor. This keeps happening.,opportunist,,False,1
ALT00112,CUST00605,5067.5,405,48,0,delivered,otp,dev_edd97a1a,addr_e0decc3d,41,not_as_described,Item is not what the listing showed. Quality is poor.,honest,,False,1
ALT00113,CUST01157,1987.21,1295,5,1,delivered,signed,dev_7a211151,addr_5fa72012,20,not_as_described,Item is not what the listing showed. Quality is poor.,honest,,False,0
ALT00114,CUST00221,4143.47,474,43,0,delivered,otp,dev_977f199a,addr_470367f7,19,unauthorised,"This charge is not mine, my card was used without permission. Kindly help.",honest,,False,0
ALT00115,CUST01146,1503.28,768,42,1,lost,none,dev_5a29fe6b,addr_9ceab67b,40,item_not_received,Order never arrived. Tracking shows delivered but nothing reached me.,honest,,False,0
ALT00116,CUST01311,4274.8,1070,29,0,delivered,otp,dev_5fc57ff4,addr_8cf0f97b,2,duplicate_charge,"Charged twice for the same order, please reverse one debit. Kindly help.",honest,,False,0
ALT00117,CUST00442,1005.12,1329,21,1,delivered,none,dev_260ccfb4,addr_647ac591,34,unauthorised,"Unknown charge from your store, I never placed any order. Kindly help.",honest,,False,0
ALT00118,CUST01233,1947.64,65,12,2,lost,none,dev_75666394,addr_280d4e22,34,not_as_described,"Received the wrong variant, this is not what I ordered.",opportunist,,False,0
ALT00119,CUST00705,1427.93,889,44,0,lost,none,dev_98e52499,addr_277d1be9,8,duplicate_charge,Duplicate debit of the same amount on the same day. Kindly help.,honest,,False,0
ALT00120,CUST01249,1041.82,558,12,2,delivered,signed,dev_85d8cc08,addr_5cd0094c,10,unauthorised,"This charge is not mine, my card was used without permission. This keeps happening.",opportunist,,False,1
ALT00121,CUST00544,2516.61,1280,45,1,delivered,otp,dev_98d3148b,addr_9c7eb575,23,not_as_described,Product does not match the description on your site.,honest,,False,0
ALT00122,CUST01698,2320.36,493,47,0,in_transit,otp,dev_69df14e9,addr_46707cd6,1,item_not_received,Order never arrived. Tracking shows delivered but nothing reached me. Kindly help.,honest,,False,0
ALT00123,CUST01701,835.87,41,1,3,delivered,signed,dev_a510f7b4,addr_ffc7aba2,34,item_not_received,Order never arrived. Tracking shows delivered but nothing reached me. Refund immediately.,ring,dropship,False,1
ALT00124,CUST01727,5544.68,257,42,0,delivered,signed,dev_5dcd0d40,addr_957edc3c,16,not_as_described,Product does not match the description on your site.,honest,,False,1
ALT00125,CUST01282,5408.53,304,10,1,in_transit,none,dev_d450281c,addr_0b49452d,11,duplicate_charge,"Charged twice for the same order, please reverse one debit.",honest,,False,0
ALT00126,CUST00013,1527.52,372,20,2,delivered,otp,dev_1f6c6a86,addr_fa584a4b,25,not_as_described,Product does not match the description on your site.,opportunist,,False,0
ALT00127,CUST00153,2860.59,1015,25,1,delivered,signed,dev_a205e54f,addr_c82f78fd,2,not_as_described,Item is not what the listing showed. Quality is poor.,honest,,False,0
ALT00128,CUST01080,2747.99,402,18,1,delivered,otp,dev_96e1a522,addr_f52ef4a6,41,item_not_received,Order never arrived. Tracking shows delivered but nothing reached me.,honest,,False,1
ALT00129,CUST00835,7493.21,957,29,1,in_transit,none,dev_031eef96,addr_584cb0f7,34,duplicate_charge,Duplicate debit of the same amount on the same day.,honest,,False,0
ALT00130,CUST01314,2222.11,357,24,0,delivered,signed,dev_905f9096,addr_d9750f00,15,unauthorised,I did not authorise this transaction on my card.,honest,,False,1
ALT00131,CUST00902,2690.42,426,19,2,delivered,signed,dev_10116af4,addr_902a73ae,29,item_not_received,Nothing was delivered to my address. Please refund the amount.,opportunist,,False,1
ALT00132,CUST01221,2565.1,178,19,2,delivered,signed,dev_79a759de,addr_08aa6127,32,unauthorised,I did not authorise this transaction on my card.,opportunist,,False,1
ALT00133,CUST01157,2540.89,1295,5,1,in_transit,otp,dev_7a211151,addr_5fa72012,39,duplicate_charge,Two payments went out for a single purchase.,honest,,False,1
ALT00134,CUST00813,1066.84,1180,35,0,lost,none,dev_973e129c,addr_6930b0c4,17,not_as_described,Item is not what the listing showed. Quality is poor.,honest,,False,0
ALT00135,CUST00415,482.88,1055,38,1,delivered,signed,dev_a78eb37c,addr_bba8a7e5,21,item_not_received,Order never arrived. Tracking shows delivered but nothing reached me.,honest,,False,1
ALT00136,CUST00821,2992.03,426,12,2,delivered,otp,dev_059167e1,addr_663ab809,1,item_not_received,Nothing was delivered to my address. Please refund the amount.,opportunist,,False,1
ALT00137,CUST00160,1033.65,25,2,0,delivered,signed,dev_a510f7b4,addr_4cc378c3,28,item_not_received,Order never arrived. Tracking shows delivered but nothing reached me. Refund immediately.,ring,dropship,False,1
ALT00138,CUST01015,1661.38,1037,28,1,delivered,none,dev_51284026,addr_61e30fb4,13,not_as_described,"Received the wrong variant, this is not what I ordered.",honest,,False,0
ALT00139,CUST01367,3523.25,236,8,2,delivered,signed,dev_2e7e4cef,addr_c95bc917,11,not_as_described,Item is not what the listing showed. Quality is poor.,opportunist,,False,1
ALT00140,CUST01769,1642.1,242,11,2,delivered,otp,dev_90a67567,addr_3030d7f4,7,duplicate_charge,"Charged twice for the same order, please reverse one debit. I raised this before and got no response.",opportunist,,False,1
ALT00141,CUST00419,749.76,266,33,1,delivered,otp,dev_d1151fff,addr_fe7402cd,35,not_as_described,Item is not what the listing showed. Quality is poor.,honest,,False,1
ALT00142,CUST01517,13661.71,728,45,1,in_transit,none,dev_d17ad9bd,addr_42710779,11,not_as_described,Item is not what the listing showed. Quality is poor.,honest,,False,0
ALT00143,CUST01707,3785.11,431,7,1,delivered,signed,dev_e39836bb,addr_3d9c4e64,38,not_as_described,Item is not what the listing showed. Quality is poor. Kindly help.,honest,,False,0
ALT00144,CUST00396,394.9,84,17,4,delivered,none,dev_0f4e2726,addr_70a6d78b,37,not_as_described,Product does not match the description on your site. This keeps happening.,opportunist,,False,0
ALT00145,CUST01242,2587.6,772,43,1,delivered,otp,dev_8e485223,addr_30e912f2,15,duplicate_charge,"Charged twice for the same order, please reverse one debit. Kindly help.",honest,,False,1
ALT00146,CUST00362,1125.92,573,16,0,delivered,none,dev_2947fd26,addr_1dee4b6d,22,not_as_described,Product does not match the description on your site.,honest,,False,1
ALT00147,CUST01513,2003.15,855,18,1,delivered,otp,dev_501ba851,addr_dd34aa18,41,not_as_described,"Received the wrong variant, this is not what I ordered. Kindly help.",honest,,False,0
ALT00148,CUST00243,3392.22,254,47,1,delivered,otp,dev_6449cb6f,addr_a56b61e0,32,not_as_described,"Received the wrong variant, this is not what I ordered. Kindly help.",honest,,False,1
ALT00149,CUST01597,4609.58,503,41,0,in_transit,otp,dev_ecc817a6,addr_693016ea,1,item_not_received,I have not received this package even after 1 days. Kindly help.,honest,,False,1
ALT00150,CUST00294,1474.83,935,5,1,delivered,otp,dev_22f3f068,addr_d0b1fde0,41,item_not_received,Order never arrived. Tracking shows delivered but nothing reached me.,honest,,False,1
ALT00151,CUST01390,1267.33,1388,16,1,in_transit,none,dev_77d468ea,addr_16f32b93,22,not_as_described,Item is not what the listing showed. Quality is poor. Kindly help.,honest,,False,0
ALT00152,CUST00542,756.16,226,38,0,delivered,signed,dev_06783c34,addr_253421bc,42,item_not_received,Order never arrived. Tracking shows delivered but nothing reached me. Kindly help.,honest,,False,0
ALT00153,CUST00284,4818.33,11,0,0,delivered,signed,dev_f2602a26,addr_8af41753,39,unauthorised,I did not authorise this transaction on my card. Refund immediately.,ring,tight,False,0
ALT00154,CUST01276,13411.03,843,5,0,delivered,signed,dev_1861c9f3,addr_3fa2bde0,2,not_as_described,Item is not what the listing showed. Quality is poor.,honest,,False,1
ALT00155,CUST01742,5311.32,1112,29,1,delivered,signed,dev_99afee64,addr_2fb50401,15,not_as_described,Product does not match the description on your site. Kindly help.,honest,,False,1
ALT00156,CUST01467,6482.58,1398,32,1,delivered,otp,dev_f8140102,addr_785299f4,9,item_not_received,Nothing was delivered to my address. Please refund the amount. Kindly help.,honest,,False,1
ALT00157,CUST01048,1210.13,566,41,0,in_transit,otp,dev_5bda0655,addr_7cd61da4,41,duplicate_charge,Duplicate debit of the same amount on the same day.,honest,,False,1
ALT00158,CUST00580,3220.35,527,25,1,in_transit,otp,dev_28caaa1d,addr_7781321e,29,not_as_described,Item is not what the listing showed. Quality is poor. Kindly help.,honest,,False,1
ALT00159,CUST01341,4266.03,1083,38,1,delivered,signed,dev_87a20e22,addr_cd638ba8,35,item_not_received,I have not received this package even after 35 days.,honest,,False,1
ALT00160,CUST01104,200.0,784,35,1,in_transit,none,dev_19cb84c8,addr_2f51aca6,2,not_as_described,"Received the wrong variant, this is not what I ordered.",honest,,False,0
ALT00161,CUST01597,924.52,503,41,0,in_transit,otp,dev_ecc817a6,addr_693016ea,40,item_not_received,"I have not received this package even after 40 days. The size is wrong, I want to send it back.",honest,,True,1
ALT00162,CUST01109,8844.49,213,31,0,delivered,otp,dev_e09016b6,addr_f374190d,33,duplicate_charge,Duplicate debit of the same amount on the same day.,honest,,False,1
ALT00163,CUST01714,654.83,430,14,1,in_transit,none,dev_7f5d21f2,addr_ec344cf0,37,item_not_received,Nothing was delivered to my address. Please refund the amount. Kindly help.,honest,,False,1
ALT00164,CUST00651,7518.2,83,2,3,delivered,signed,dev_f0d1fa72,addr_4a9b37f0,44,unauthorised,"This charge is not mine, my card was used without permission.",ring,tight,False,1
ALT00165,CUST01424,651.66,946,7,1,delivered,signed,dev_1a50aec3,addr_ee0caeb5,24,duplicate_charge,Two payments went out for a single purchase. Kindly help.,honest,,False,1
ALT00166,CUST01268,958.83,755,36,1,in_transit,otp,dev_eed15809,addr_a7e60e4e,44,not_as_described,Product does not match the description on your site.,honest,,False,1
ALT00167,CUST00062,3270.79,225,20,0,delivered,signed,dev_78c59073,addr_266bf2ea,12,duplicate_charge,Two payments went out for a single purchase.,honest,,False,1
ALT00168,CUST00514,2343.34,1377,9,0,delivered,otp,dev_f8ede0ca,addr_a4704d48,26,not_as_described,Item is not what the listing showed. Quality is poor.,honest,,False,0
ALT00169,CUST01692,1591.58,848,24,1,in_transit,none,dev_efca07ae,addr_ea452afd,41,item_not_received,Nothing was delivered to my address. Please refund the amount. Kindly help.,honest,,False,0
ALT00170,CUST01514,8502.49,1492,42,1,delivered,signed,dev_07997940,addr_32a4a8a4,15,not_as_described,Product does not match the description on your site. Kindly help.,honest,,False,1
ALT00171,CUST00211,1539.72,478,4,1,in_transit,otp,dev_10652764,addr_c96782fb,26,not_as_described,Item is not what the listing showed. Quality is poor. This keeps happening.,opportunist,,False,0
ALT00172,CUST01559,771.13,1433,40,1,delivered,none,dev_a43f683a,addr_a151ed02,22,not_as_described,Item is not what the listing showed. Quality is poor. Kindly help.,honest,,False,0
ALT00173,CUST00351,3208.08,583,11,4,delivered,otp,dev_5a2d465b,addr_1d59b308,15,unauthorised,I did not authorise this transaction on my card.,opportunist,,False,0
ALT00174,CUST01762,2013.8,865,48,1,lost,none,dev_141283fb,addr_9d1911a5,36,not_as_described,"Received the wrong variant, this is not what I ordered.",honest,,False,0
ALT00175,CUST00052,1460.5,642,38,1,lost,none,dev_2ccda2af,addr_17b4e75b,17,not_as_described,Product does not match the description on your site.,honest,,False,0
ALT00176,CUST00032,2634.53,1032,7,1,delivered,otp,dev_ddcf5003,addr_f0c44ecb,19,unauthorised,I did not authorise this transaction on my card.,honest,,False,0
ALT00177,CUST00627,1301.27,23,0,1,delivered,signed,dev_b87189e1,addr_0182c481,33,unauthorised,I did not authorise this transaction on my card. Refund immediately.,ring,dropship,False,0
ALT00178,CUST01226,1632.45,1489,22,0,delivered,signed,dev_e2c6093e,addr_109b851a,22,not_as_described,"Received the wrong variant, this is not what I ordered.",honest,,False,1
ALT00179,CUST00176,3004.04,879,44,0,in_transit,none,dev_ce7334f2,addr_de4379cb,20,item_not_received,I have not received this package even after 20 days. The box was torn when I opened it.,honest,,True,0
ALT00180,CUST01694,3619.59,1233,46,0,delivered,signed,dev_0a0537f0,addr_b526b22d,24,unauthorised,"This charge is not mine, my card was used without permission.",honest,,False,1
ALT00181,CUST01490,3529.73,1445,36,0,in_transit,none,dev_a8d3110e,addr_74283491,16,not_as_described,"Received the wrong variant, this is not what I ordered.",honest,,False,0
ALT00182,CUST00093,1207.6,1290,50,0,in_transit,otp,dev_ce6322b6,addr_12738a23,40,item_not_received,Nothing was delivered to my address. Please refund the amount. Kindly help.,honest,,False,0
ALT00183,CUST01643,483.22,1314,15,1,delivered,none,dev_a87d21ff,addr_3f9304fa,3,unauthorised,"This charge is not mine, my card was used without permission.",honest,,False,0
ALT00184,CUST01260,782.52,883,13,1,delivered,none,dev_b4a69f3c,addr_8f9797b0,34,not_as_described,Product does not match the description on your site.,honest,,False,0
ALT00185,CUST01239,1617.27,557,9,4,in_transit,none,dev_1d447f41,addr_a3e53892,31,item_not_received,I have not received this package even after 31 days. The colour is nothing like the photos.,opportunist,,True,0
ALT00186,CUST00677,1835.31,473,37,1,delivered,none,dev_f3d5f737,addr_6c3786c2,27,unauthorised,"Unknown charge from your store, I never placed any order. The size is wrong, I want to send it back.",honest,,True,0
ALT00187,CUST01103,5619.29,1212,30,0,delivered,signed,dev_b00805cc,addr_e2add909,32,item_not_received,Nothing was delivered to my address. Please refund the amount. Kindly help.,honest,,False,1
ALT00188,CUST00572,6698.62,1114,5,1,delivered,signed,dev_35adde88,addr_b173fcdf,24,not_as_described,Product does not match the description on your site. Kindly help.,honest,,False,1
ALT00189,CUST00589,2248.13,623,18,0,delivered,signed,dev_91f0647d,addr_88438de2,8,duplicate_charge,Duplicate debit of the same amount on the same day.,honest,,False,1
ALT00190,CUST00680,2908.93,884,44,1,delivered,none,dev_0b16dac4,addr_bd8bf603,3,item_not_received,I have not received this package even after 3 days. The colour is nothing like the photos. Kindly help.,honest,,True,0
ALT00191,CUST01325,1977.08,243,42,0,in_transit,none,dev_96a402f2,addr_01d74256,16,item_not_received,I have not received this package even after 16 days.,honest,,False,0
ALT00192,CUST00141,1101.59,523,39,1,delivered,signed,dev_eefb2a24,addr_e7094153,34,not_as_described,Product does not match the description on your site. Kindly help.,honest,,False,1
ALT00193,CUST00871,13075.94,347,11,1,delivered,signed,dev_ffb1c192,addr_46368d12,20,item_not_received,I have not received this package even after 20 days. I raised this before and got no response.,opportunist,,False,1
ALT00194,CUST01201,5909.96,310,24,0,delivered,otp,dev_909e21ba,addr_b2a0f778,45,item_not_received,I have not received this package even after 45 days.,honest,,False,1
ALT00195,CUST01305,4328.23,992,28,1,in_transit,otp,dev_bf5023f4,addr_114b9547,19,not_as_described,Item is not what the listing showed. Quality is poor. Kindly help.,honest,,False,0
ALT00196,CUST00013,2185.48,372,20,2,delivered,otp,dev_1f6c6a86,addr_fa584a4b,11,duplicate_charge,"Charged twice for the same order, please reverse one debit.",opportunist,,False,1
ALT00197,CUST01076,1030.02,297,24,1,delivered,otp,dev_cdfa76af,addr_f53ba020,7,unauthorised,I did not authorise this transaction on my card.,honest,,False,1
ALT00198,CUST00409,5058.63,656,34,1,delivered,none,dev_a83c1c2b,addr_b7461b72,41,not_as_described,Product does not match the description on your site.,honest,,False,0
ALT00199,CUST00120,1601.77,70,9,4,delivered,signed,dev_31e43850,addr_9b559178,16,item_not_received,I have not received this package even after 16 days. I raised this before and got no response.,opportunist,,False,1
ALT00200,CUST00049,1948.86,1426,49,0,delivered,otp,dev_5075b55a,addr_0a054950,6,not_as_described,Item is not what the listing showed. Quality is poor.,honest,,False,1
ALT00201,CUST00716,3721.06,613,36,0,delivered,signed,dev_38749f3c,addr_49902258,24,unauthorised,"This charge is not mine, my card was used without permission.",honest,,False,1
ALT00202,CUST00776,7003.73,748,14,1,delivered,otp,dev_a247541d,addr_bd5a0c9e,10,item_not_received,I have not received this package even after 10 days. Kindly help.,honest,,False,1
ALT00203,CUST01134,1527.97,1241,30,1,delivered,signed,dev_0d53551a,addr_a2c8cf62,12,item_not_received,Nothing was delivered to my address. Please refund the amount.,honest,,False,1
ALT00204,CUST00359,2626.08,399,20,0,delivered,otp,dev_637e4b01,addr_8a4a0e2d,14,item_not_received,Order never arrived. Tracking shows delivered but nothing reached me.,honest,,False,1
ALT00205,CUST00372,5891.12,390,7,0,delivered,otp,dev_850ef0ad,addr_5f5ba255,40,not_as_described,Product does not match the description on your site.,honest,,False,0
ALT00206,CUST01805,1471.78,30,1,2,delivered,signed,dev_188a7f55,addr_5aeb90f6,21,unauthorised,"Unknown charge from your store, I never placed any order. Refund immediately.",ring,tight,False,0
ALT00207,CUST00483,1255.65,558,5,2,delivered,signed,dev_aff54774,addr_e3c443f1,21,unauthorised,"Unknown charge from your store, I never placed any order. This keeps happening.",opportunist,,False,1
ALT00208,CUST00416,7017.03,802,44,0,delivered,none,dev_e7574997,addr_a566e884,8,item_not_received,Nothing was delivered to my address. Please refund the amount. Kindly help.,honest,,False,0
ALT00209,CUST01807,390.91,478,10,0,in_transit,otp,dev_2e07336d,addr_8269041a,15,not_as_described,"Received the wrong variant, this is not what I ordered.",honest,,False,0
ALT00210,CUST00506,8387.75,1217,37,1,lost,none,dev_4cad66c5,addr_f82c6ad8,17,not_as_described,Product does not match the description on your site.,honest,,False,0
ALT00211,CUST01251,1707.91,1387,43,1,in_transit,none,dev_77097749,addr_15b52908,29,item_not_received,Order never arrived. Tracking shows delivered but nothing reached me.,honest,,False,0
ALT00212,CUST01169,2199.8,1214,28,0,delivered,signed,dev_397bfdd7,addr_72e89652,16,item_not_received,Nothing was delivered to my address. Please refund the amount.,honest,,False,1
ALT00213,CUST01472,6505.92,201,6,4,delivered,otp,dev_e74f232b,addr_3192c29c,21,unauthorised,I did not authorise this transaction on my card.,opportunist,,False,0
ALT00214,CUST00057,4252.38,425,12,1,in_transit,none,dev_925f2cc6,addr_273ef6f4,7,unauthorised,"This charge is not mine, my card was used without permission. Kindly help.",honest,,False,0
ALT00215,CUST01619,646.28,127,15,3,in_transit,none,dev_9a0fb0b8,addr_8f9afd51,13,item_not_received,Nothing was delivered to my address. Please refund the amount. I raised this before and got no response.,opportunist,,False,0
ALT00216,CUST01242,1077.59,772,43,1,in_transit,none,dev_8e485223,addr_30e912f2,30,not_as_described,"Received the wrong variant, this is not what I ordered. Kindly help.",honest,,False,0
ALT00217,CUST00431,2343.04,1119,19,0,delivered,otp,dev_d5c9fdc7,addr_fc043f08,43,duplicate_charge,"Charged twice for the same order, please reverse one debit.",honest,,False,0
ALT00218,CUST01305,5094.82,992,28,1,delivered,none,dev_bf5023f4,addr_114b9547,3,unauthorised,"This charge is not mine, my card was used without permission.",honest,,False,1
ALT00219,CUST00794,3302.99,506,35,0,delivered,otp,dev_2d36226c,addr_7fe5a4b6,37,duplicate_charge,"Charged twice for the same order, please reverse one debit.",honest,,False,1
ALT00220,CUST00136,2312.76,1017,48,1,delivered,none,dev_ee6ffbea,addr_79ff89d9,37,duplicate_charge,"Charged twice for the same order, please reverse one debit.",honest,,False,0
ALT00221,CUST01316,1529.73,1127,39,1,delivered,otp,dev_93f3503d,addr_32173525,38,unauthorised,I did not authorise this transaction on my card.,honest,,False,0
ALT00222,CUST00407,10731.86,304,5,1,delivered,otp,dev_4684833e,addr_6791346c,13,unauthorised,"Unknown charge from your store, I never placed any order. The size is wrong, I want to send it back. I raised this before and got no response.",opportunist,,True,0
ALT00223,CUST00169,2009.63,1053,48,0,delivered,otp,dev_7951d52b,addr_6b8da340,8,item_not_received,Nothing was delivered to my address. Please refund the amount.,honest,,False,1
ALT00224,CUST01498,5063.75,505,43,0,delivered,signed,dev_9cf20859,addr_2999bbef,44,item_not_received,I have not received this package even after 44 days.,honest,,False,1
ALT00225,CUST01541,1931.27,19,1,3,delivered,signed,dev_0a14b309,addr_72557e4e,44,unauthorised,"This charge is not mine, my card was used without permission. The size is wrong, I want to send it back.",ring,household,True,1
ALT00226,CUST00265,697.99,1491,32,0,lost,none,dev_86514886,addr_4a6b836b,40,item_not_received,Order never arrived. Tracking shows delivered but nothing reached me. Kindly help.,honest,,False,0
ALT00227,CUST00702,434.5,503,10,0,delivered,none,dev_f7e9101d,addr_4c80d33a,16,unauthorised,I did not authorise this transaction on my card.,honest,,False,0
ALT00228,CUST01171,3005.22,1109,27,1,delivered,signed,dev_ff86cc31,addr_f2a9dc8a,1,item_not_received,Nothing was delivered to my address. Please refund the amount. Kindly help.,honest,,False,1
ALT00229,CUST01661,4149.19,1302,34,1,delivered,otp,dev_f1613bab,addr_d653d4bb,19,item_not_received,I have not received this package even after 19 days.,honest,,False,1
ALT00230,CUST01617,7747.77,224,48,0,delivered,signed,dev_19ca9c1b,addr_dca1adcc,22,not_as_described,Product does not match the description on your site. Kindly help.,honest,,False,0
ALT00231,CUST00668,2074.41,952,44,0,lost,none,dev_22319050,addr_27372b52,19,item_not_received,Nothing was delivered to my address. Please refund the amount.,honest,,False,0
ALT00232,CUST01434,1737.34,1486,16,0,in_transit,none,dev_ccc4c0a9,addr_5cce495d,23,duplicate_charge,"Charged twice for the same order, please reverse one debit. Kindly help.",honest,,False,0
ALT00233,CUST01507,2838.85,1034,12,1,delivered,otp,dev_1fa54251,addr_22cb2720,43,item_not_received,Order never arrived. Tracking shows delivered but nothing reached me. Kindly help.,honest,,False,1
ALT00234,CUST01194,868.92,1289,48,1,delivered,signed,dev_e214d458,addr_e24c724b,30,item_not_received,"Order never arrived. Tracking shows delivered but nothing reached me. The size is wrong, I want to send it back.",honest,,True,0
ALT00235,CUST01125,2791.38,293,46,1,delivered,signed,dev_a6b07458,addr_a394ed54,9,item_not_received,I have not received this package even after 9 days.,honest,,False,1
ALT00236,CUST01520,2798.71,207,44,1,in_transit,none,dev_03200c4e,addr_ceb557ac,31,item_not_received,Order never arrived. Tracking shows delivered but nothing reached me.,honest,,False,0
ALT00237,CUST01257,1809.09,160,20,1,delivered,signed,dev_a247a4f5,addr_7a71ce7b,4,not_as_described,Product does not match the description on your site. This keeps happening.,opportunist,,False,1
ALT00238,CUST00174,2218.21,1219,45,1,delivered,none,dev_4d560a3d,addr_67f5ae02,15,item_not_received,Nothing was delivered to my address. Please refund the amount. Kindly help.,honest,,False,0
ALT00239,CUST00219,2298.32,393,34,0,delivered,signed,dev_23c97a1e,addr_030f9be9,44,duplicate_charge,"Charged twice for the same order, please reverse one debit. Kindly help.",honest,,False,0
ALT00240,CUST01454,1506.35,1042,24,1,in_transit,none,dev_bd03d33b,addr_301c6abf,4,item_not_received,I have not received this package even after 4 days.,honest,,False,0
ALT00241,CUST01155,3749.67,1464,31,0,lost,none,dev_9fbeffb3,addr_7412c272,24,not_as_described,"Received the wrong variant, this is not what I ordered. Kindly help.",honest,,False,0
ALT00242,CUST00132,2446.1,981,32,0,delivered,otp,dev_a998c8e1,addr_79912c51,23,unauthorised,I did not authorise this transaction on my card.,honest,,False,1
ALT00243,CUST00514,3419.58,1377,9,0,delivered,signed,dev_f8ede0ca,addr_a4704d48,17,unauthorised,I did not authorise this transaction on my card.,honest,,False,1
ALT00244,CUST01136,599.44,453,48,0,delivered,signed,dev_3defa7ba,addr_7233d5af,8,unauthorised,"Unknown charge from your store, I never placed any order. The size is wrong, I want to send it back. Kindly help.",honest,,True,1
ALT00245,CUST00470,6542.18,774,13,0,delivered,signed,dev_970c9eb4,addr_e80382eb,6,unauthorised,"Unknown charge from your store, I never placed any order.",honest,,False,1
ALT00246,CUST01114,8254.21,375,36,0,delivered,signed,dev_2031d750,addr_a8e56e0c,24,unauthorised,"Unknown charge from your store, I never placed any order.",honest,,False,1
ALT00247,CUST01778,2436.51,200,7,1,in_transit,none,dev_9883e9b1,addr_84820c08,4,duplicate_charge,"Charged twice for the same order, please reverse one debit.",honest,,False,0
ALT00248,CUST01041,12728.97,528,49,1,delivered,otp,dev_819f2393,addr_5a1341e7,30,item_not_received,Order never arrived. Tracking shows delivered but nothing reached me.,honest,,False,0
ALT00249,CUST01665,9818.66,1144,45,1,in_transit,none,dev_75a66981,addr_aab612c9,34,not_as_described,"Received the wrong variant, this is not what I ordered.",honest,,False,0
ALT00250,CUST00408,3822.15,509,41,0,in_transit,none,dev_f9005224,addr_6b579789,13,item_not_received,Order never arrived. Tracking shows delivered but nothing reached me. It stopped working after two days of use. Kindly help.,honest,,True,0
ALT00251,CUST01760,7068.03,469,13,3,delivered,signed,dev_12581998,addr_3c33499f,28,not_as_described,Item is not what the listing showed. Quality is poor.,opportunist,,False,1
ALT00252,CUST00246,5429.82,555,5,1,delivered,signed,dev_a76c11cb,addr_03113626,13,duplicate_charge,"Charged twice for the same order, please reverse one debit.",honest,,False,1
ALT00253,CUST00520,495.25,248,47,0,in_transit,none,dev_6601ddd0,addr_c5f8bc16,28,duplicate_charge,"Charged twice for the same order, please reverse one debit.",honest,,False,0
ALT00254,CUST01198,1632.74,183,18,3,delivered,signed,dev_511f0533,addr_81c4dda8,31,item_not_received,I have not received this package even after 31 days. The box was torn when I opened it. I raised this before and got no response.,opportunist,,True,0
ALT00255,CUST00676,2617.86,881,8,1,delivered,signed,dev_43c1136c,addr_70c98336,8,item_not_received,"Nothing was delivered to my address. Please refund the amount. The size is wrong, I want to send it back.",honest,,True,1
ALT00256,CUST00516,348.89,177,4,1,delivered,otp,dev_2c8fabbc,addr_b2dfb075,16,item_not_received,Nothing was delivered to my address. Please refund the amount. This keeps happening.,opportunist,,False,1
ALT00257,CUST01550,5086.35,1364,31,1,in_transit,otp,dev_12af97e4,addr_965d744f,41,duplicate_charge,Duplicate debit of the same amount on the same day.,honest,,False,0
ALT00258,CUST00645,2925.13,434,48,1,delivered,none,dev_5715bd6f,addr_4b22d308,12,item_not_received,Nothing was delivered to my address. Please refund the amount. It stopped working after two days of use. Kindly help.,honest,,True,1
ALT00259,CUST01700,2180.89,201,6,2,in_transit,otp,dev_f7048d14,addr_287e09f1,32,duplicate_charge,Duplicate debit of the same amount on the same day. This keeps happening.,opportunist,,False,1
ALT00260,CUST01009,4345.71,894,20,0,delivered,otp,dev_59afb1d1,addr_ac249f30,38,item_not_received,I have not received this package even after 38 days.,honest,,False,1
ALT00261,CUST01234,2196.74,907,48,0,delivered,signed,dev_f554e1f8,addr_d8e8b97c,25,not_as_described,Item is not what the listing showed. Quality is poor.,honest,,False,1
ALT00262,CUST00993,3110.85,734,25,1,delivered,signed,dev_bc4015fa,addr_516c3b0a,18,not_as_described,Item is not what the listing showed. Quality is poor.,honest,,False,1
ALT00263,CUST01560,1989.27,1474,32,0,delivered,signed,dev_8cc2e0f0,addr_42bb8f63,33,unauthorised,"Unknown charge from your store, I never placed any order. Kindly help.",honest,,False,1
ALT00264,CUST00233,1910.45,79,9,2,lost,none,dev_418495a4,addr_61e561bb,1,not_as_described,Item is not what the listing showed. Quality is poor. I raised this before and got no response.,opportunist,,False,0
ALT00265,CUST01736,1525.44,175,12,4,lost,none,dev_f8281e0b,addr_2d1b143e,2,not_as_described,Product does not match the description on your site.,opportunist,,False,0
ALT00266,CUST00216,2071.42,427,36,0,delivered,signed,dev_93364f7e,addr_b7f28572,43,item_not_received,Order never arrived. Tracking shows delivered but nothing reached me. Kindly help.,honest,,False,1
ALT00267,CUST01636,866.04,776,33,1,delivered,signed,dev_a9252745,addr_795741bb,40,unauthorised,I did not authorise this transaction on my card.,honest,,False,1
ALT00268,CUST00171,3342.66,469,16,0,lost,none,dev_3b705092,addr_aff7ff5d,35,duplicate_charge,Duplicate debit of the same amount on the same day. Kindly help.,honest,,False,0
ALT00269,CUST00062,12667.93,225,20,0,in_transit,none,dev_78c59073,addr_266bf2ea,35,duplicate_charge,Two payments went out for a single purchase.,honest,,False,0
ALT00270,CUST01095,1683.35,1278,10,1,in_transit,otp,dev_822c4d32,addr_04aac1b7,11,item_not_received,I have not received this package even after 11 days. Kindly help.,honest,,False,1
ALT00271,CUST01050,1965.32,133,16,3,in_transit,none,dev_24a0db6e,addr_5c3bc3e5,29,item_not_received,Order never arrived. Tracking shows delivered but nothing reached me.,opportunist,,False,1
ALT00272,CUST00531,1407.09,536,21,1,delivered,signed,dev_ded255d0,addr_cde22f1c,43,item_not_received,"Order never arrived. Tracking shows delivered but nothing reached me. The size is wrong, I want to send it back. Kindly help.",honest,,True,1
ALT00273,CUST00174,1125.58,1219,45,1,delivered,signed,dev_4d560a3d,addr_67f5ae02,43,unauthorised,"Unknown charge from your store, I never placed any order. The size is wrong, I want to send it back. Kindly help.",honest,,True,1
ALT00274,CUST01673,2016.31,423,15,1,in_transit,otp,dev_25e050f6,addr_05cf079e,18,duplicate_charge,Duplicate debit of the same amount on the same day. Kindly help.,honest,,False,1
ALT00275,CUST00867,916.03,403,8,0,delivered,otp,dev_2dd93719,addr_53b3618b,26,not_as_described,Product does not match the description on your site. Kindly help.,honest,,False,1
ALT00276,CUST00102,11731.31,601,26,0,delivered,otp,dev_d5574241,addr_af521b94,8,item_not_received,Nothing was delivered to my address. Please refund the amount.,honest,,False,1
ALT00277,CUST00230,1836.42,295,15,1,delivered,signed,dev_bf8f81ea,addr_d9c099f6,42,unauthorised,"Unknown charge from your store, I never placed any order. This keeps happening.",opportunist,,False,0
ALT00278,CUST00459,2275.54,763,32,1,delivered,signed,dev_da018d29,addr_7580e4e9,30,item_not_received,Order never arrived. Tracking shows delivered but nothing reached me.,honest,,False,1
ALT00279,CUST01310,4553.5,574,17,1,delivered,otp,dev_df223246,addr_a2ed50b9,41,not_as_described,Product does not match the description on your site.,honest,,False,1
ALT00280,CUST00785,1303.35,843,46,1,in_transit,otp,dev_1d0af7f7,addr_bc55300b,16,duplicate_charge,Duplicate debit of the same amount on the same day.,honest,,False,1
ALT00281,CUST00052,1386.88,642,38,1,delivered,otp,dev_2ccda2af,addr_17b4e75b,29,item_not_received,"Order never arrived. Tracking shows delivered but nothing reached me. The size is wrong, I want to send it back.",honest,,True,1
ALT00282,CUST00327,777.55,347,32,0,lost,none,dev_670a858c,addr_1987e6d0,16,not_as_described,"Received the wrong variant, this is not what I ordered. Kindly help.",honest,,False,0
ALT00283,CUST01119,1296.54,17,1,2,delivered,otp,dev_f4a985b0,addr_9ef17e4f,15,unauthorised,"Unknown charge from your store, I never placed any order. Reverse this now.",ring,tight,False,0
ALT00284,CUST01027,342.64,249,19,1,delivered,signed,dev_62a876d7,addr_496ec0c9,17,not_as_described,"Received the wrong variant, this is not what I ordered.",honest,,False,1
ALT00285,CUST01541,4553.68,19,1,3,delivered,otp,dev_0a14b309,addr_72557e4e,2,item_not_received,Order never arrived. Tracking shows delivered but nothing reached me. Refund immediately.,ring,household,False,0
ALT00286,CUST00151,953.61,65,0,3,delivered,otp,dev_6af01106,addr_9fa3fe4b,16,unauthorised,I did not authorise this transaction on my card. Reverse this now.,ring,dropship,False,0
ALT00287,CUST00834,966.39,1201,46,0,delivered,signed,dev_0bb9a8f6,addr_216aebcf,1,unauthorised,I did not authorise this transaction on my card.,honest,,False,1
ALT00288,CUST00657,2362.7,1121,34,1,delivered,signed,dev_96792482,addr_21084dd9,45,item_not_received,I have not received this package even after 45 days. It stopped working after two days of use.,honest,,True,1
ALT00289,CUST01014,1108.84,669,12,0,delivered,signed,dev_66ba7e51,addr_256df639,21,item_not_received,Nothing was delivered to my address. Please refund the amount.,honest,,False,1
ALT00290,CUST00560,1023.66,941,43,0,delivered,otp,dev_a93e7b5b,addr_1d03c3d5,5,not_as_described,Product does not match the description on your site.,honest,,False,1
ALT00291,CUST01530,895.99,574,12,1,delivered,otp,dev_74dfb83f,addr_d5f0fb6a,39,unauthorised,"Unknown charge from your store, I never placed any order. Kindly help.",honest,,False,1
ALT00292,CUST01493,1635.16,197,13,2,delivered,signed,dev_94369f5d,addr_504089fa,10,unauthorised,I did not authorise this transaction on my card. It stopped working after two days of use. This keeps happening.,opportunist,,True,1
ALT00293,CUST00378,1266.21,1150,36,1,lost,none,dev_1177fdd5,addr_f334685d,17,not_as_described,Product does not match the description on your site. Kindly help.,honest,,False,0
ALT00294,CUST01102,1808.65,420,11,1,delivered,none,dev_1585665d,addr_556ff3c1,38,not_as_described,"Received the wrong variant, this is not what I ordered. This keeps happening.",opportunist,,False,0
ALT00295,CUST00780,1656.46,84,20,3,delivered,otp,dev_2dc12143,addr_6ac475a5,21,unauthorised,I did not authorise this transaction on my card.,opportunist,,False,0
ALT00296,CUST01256,2193.43,815,50,0,delivered,otp,dev_ce4758be,addr_ea2c7a51,44,item_not_received,Order never arrived. Tracking shows delivered but nothing reached me. Kindly help.,honest,,False,1
ALT00297,CUST00781,7769.43,923,23,1,in_transit,none,dev_f4ca6e70,addr_890a83b4,8,item_not_received,I have not received this package even after 8 days. The box was torn when I opened it.,honest,,True,0
ALT00298,CUST01705,8059.89,862,33,0,delivered,otp,dev_2dcafc82,addr_74661e6f,26,not_as_described,"Received the wrong variant, this is not what I ordered.",honest,,False,1
ALT00299,CUST00509,1799.15,83,12,4,delivered,otp,dev_fd5baf20,addr_d983dadf,33,item_not_received,I have not received this package even after 33 days.,opportunist,,False,1
ALT00300,CUST00100,3491.45,419,36,0,delivered,otp,dev_1947ea42,addr_d617b9c0,9,not_as_described,Product does not match the description on your site. Kindly help.,honest,,False,1
ALT00301,CUST00512,7232.73,416,32,0,delivered,signed,dev_edd0ce02,addr_e713f930,25,not_as_described,Product does not match the description on your site. Kindly help.,honest,,False,1
ALT00302,CUST01256,725.45,815,50,0,delivered,otp,dev_ce4758be,addr_ea2c7a51,28,item_not_received,I have not received this package even after 28 days.,honest,,False,1
ALT00303,CUST00867,2260.94,403,8,0,in_transit,none,dev_2dd93719,addr_53b3618b,29,not_as_described,Product does not match the description on your site.,honest,,False,0
ALT00304,CUST01169,2460.85,1214,28,0,delivered,none,dev_397bfdd7,addr_72e89652,15,unauthorised,"This charge is not mine, my card was used without permission.",honest,,False,1
ALT00305,CUST00496,1496.08,1426,40,0,in_transit,none,dev_27afbff9,addr_5dfb1922,26,not_as_described,Item is not what the listing showed. Quality is poor. Kindly help.,honest,,False,1
ALT00306,CUST00377,1297.13,875,31,1,in_transit,none,dev_f1f8343e,addr_8cd321b0,19,item_not_received,Nothing was delivered to my address. Please refund the amount. It stopped working after two days of use. Kindly help.,honest,,True,0
ALT00307,CUST01245,1091.93,1097,23,0,delivered,none,dev_7fd255ee,addr_a2224f96,44,item_not_received,Order never arrived. Tracking shows delivered but nothing reached me.,honest,,False,0
ALT00308,CUST00311,1827.67,94,11,4,delivered,none,dev_65f69897,addr_7458d92c,28,unauthorised,"This charge is not mine, my card was used without permission.",opportunist,,False,0
ALT00309,CUST01564,1389.37,1207,17,0,delivered,signed,dev_e604bfbe,addr_6924e248,6,item_not_received,Order never arrived. Tracking shows delivered but nothing reached me.,honest,,False,1
ALT00310,CUST01744,2779.12,216,30,1,delivered,none,dev_4d07018b,addr_c1b4fd44,34,not_as_described,Item is not what the listing showed. Quality is poor.,honest,,False,1
ALT00311,CUST01557,2116.03,905,49,0,in_transit,otp,dev_e4eb8000,addr_78d9a88a,1,duplicate_charge,Two payments went out for a single purchase. Kindly help.,honest,,False,1
ALT00312,CUST01057,1352.55,225,41,1,in_transit,otp,dev_782a65e0,addr_70c2903f,31,not_as_described,Product does not match the description on your site.,honest,,False,1
ALT00313,CUST00401,4196.82,1300,16,0,in_transit,none,dev_c9160147,addr_1db67101,39,item_not_received,I have not received this package even after 39 days.,honest,,False,0
ALT00314,CUST01642,2402.9,807,32,1,delivered,signed,dev_af4637b3,addr_eea77ea8,17,unauthorised,I did not authorise this transaction on my card.,honest,,False,1
ALT00315,CUST01495,4182.56,398,8,1,delivered,signed,dev_f204be89,addr_6b0ae0e3,17,item_not_received,I have not received this package even after 17 days.,honest,,False,1
ALT00316,CUST00880,1257.36,910,38,1,delivered,otp,dev_2abe1585,addr_e2ec13f4,35,not_as_described,"Received the wrong variant, this is not what I ordered. Kindly help.",honest,,False,1
ALT00317,CUST00717,3586.78,1466,48,1,lost,none,dev_83d1677a,addr_a904babd,24,not_as_described,Product does not match the description on your site.,honest,,False,0
ALT00318,CUST00634,553.68,1218,28,1,delivered,otp,dev_cd180a82,addr_ba220065,15,not_as_described,"Received the wrong variant, this is not what I ordered.",honest,,False,1
ALT00319,CUST01632,1971.34,491,16,3,in_transit,none,dev_d03a9ed2,addr_3276ab75,4,duplicate_charge,Two payments went out for a single purchase. This keeps happening.,opportunist,,False,0
ALT00320,CUST00752,2300.48,938,5,1,delivered,otp,dev_166ecfe3,addr_7af6cd41,13,unauthorised,I did not authorise this transaction on my card.,honest,,False,1
ALT00321,CUST00396,838.6,84,17,4,delivered,otp,dev_0f4e2726,addr_70a6d78b,35,not_as_described,Product does not match the description on your site. This keeps happening.,opportunist,,False,1
ALT00322,CUST01502,2772.71,1432,18,0,in_transit,none,dev_59fe1c45,addr_173d5030,29,item_not_received,Order never arrived. Tracking shows delivered but nothing reached me.,honest,,False,0
ALT00323,CUST01360,1946.39,531,25,0,delivered,otp,dev_e519dd7e,addr_d88f1c94,32,unauthorised,"Unknown charge from your store, I never placed any order. Kindly help.",honest,,False,1
ALT00324,CUST00777,1561.9,993,31,1,delivered,otp,dev_55ab946d,addr_54669d19,23,duplicate_charge,Duplicate debit of the same amount on the same day. Kindly help.,honest,,False,1
ALT00325,CUST00124,1323.89,1374,47,0,in_transit,none,dev_ec1b55dd,addr_0a42be3f,25,item_not_received,I have not received this package even after 25 days.,honest,,False,0
ALT00326,CUST01463,4214.19,353,35,1,in_transit,otp,dev_b15516bc,addr_a65bb1f2,13,duplicate_charge,Two payments went out for a single purchase. Kindly help.,honest,,False,0
ALT00327,CUST01623,1194.12,1174,49,0,lost,none,dev_34c6ea9b,addr_a3cb9e18,35,item_not_received,I have not received this package even after 35 days. Kindly help.,honest,,False,0
ALT00328,CUST00469,17479.27,1406,7,1,delivered,signed,dev_05f4949b,addr_6fe05fa2,3,item_not_received,Nothing was delivered to my address. Please refund the amount.,honest,,False,1
ALT00329,CUST01464,2551.07,259,10,1,in_transit,none,dev_a8d791b6,addr_f4881671,33,not_as_described,Product does not match the description on your site.,honest,,False,0
ALT00330,CUST01725,2382.69,383,33,1,delivered,none,dev_5da3f9cf,addr_4282b6e4,17,item_not_received,I have not received this package even after 17 days.,honest,,False,1
ALT00331,CUST00875,3343.71,1235,34,1,delivered,otp,dev_e9aa144b,addr_a8c6dbc0,24,unauthorised,"Unknown charge from your store, I never placed any order. Kindly help.",honest,,False,0
ALT00332,CUST00445,8460.08,32,1,1,delivered,otp,dev_6af01106,addr_cac5a4c6,42,item_not_received,Order never arrived. Tracking shows delivered but nothing reached me. Reverse this now.,ring,dropship,False,1
ALT00333,CUST01220,1332.3,871,12,0,delivered,otp,dev_6e3f683a,addr_2112507c,33,duplicate_charge,Duplicate debit of the same amount on the same day. Kindly help.,honest,,False,1
ALT00334,CUST00790,3641.24,499,23,0,in_transit,none,dev_b6d1f6bb,addr_7aa4f052,28,not_as_described,Product does not match the description on your site. Kindly help.,honest,,False,0
ALT00335,CUST00124,3505.05,1374,47,0,delivered,none,dev_ec1b55dd,addr_0a42be3f,45,not_as_described,"Received the wrong variant, this is not what I ordered.",honest,,False,0
ALT00336,CUST00561,5322.42,694,31,1,in_transit,none,dev_b63b4dc3,addr_046a0df5,17,not_as_described,Item is not what the listing showed. Quality is poor.,honest,,False,0
ALT00337,CUST01659,1755.18,936,49,0,delivered,otp,dev_1e43fbd2,addr_4e8adc4b,25,not_as_described,Item is not what the listing showed. Quality is poor.,honest,,False,1
ALT00338,CUST00270,1760.21,432,11,4,lost,none,dev_5ec74b9e,addr_5b693697,42,unauthorised,"Unknown charge from your store, I never placed any order.",opportunist,,False,0
ALT00339,CUST00309,4941.75,578,20,3,lost,none,dev_89cb09aa,addr_13707fcb,43,duplicate_charge,Two payments went out for a single purchase.,opportunist,,False,0
ALT00340,CUST01805,450.26,30,1,2,delivered,none,dev_188a7f55,addr_5aeb90f6,33,unauthorised,I did not authorise this transaction on my card.,ring,tight,False,0
ALT00341,CUST00248,1637.97,799,46,1,in_transit,otp,dev_50c1b8f7,addr_88145bde,8,item_not_received,Order never arrived. Tracking shows delivered but nothing reached me. The box was torn when I opened it.,honest,,True,1
ALT00342,CUST00129,2915.77,1010,20,0,delivered,signed,dev_f80590f0,addr_b0d515ab,8,not_as_described,Item is not what the listing showed. Quality is poor. Kindly help.,honest,,False,1
ALT00343,CUST01722,1833.1,475,24,1,delivered,otp,dev_acce693e,addr_927c5ea7,44,not_as_described,Product does not match the description on your site.,honest,,False,1
ALT00344,CUST00249,1530.79,106,3,3,delivered,signed,dev_d5da16fd,addr_c67736bc,24,item_not_received,Order never arrived. Tracking shows delivered but nothing reached me. This keeps happening.,opportunist,,False,0
ALT00345,CUST00592,1040.97,542,10,0,lost,none,dev_38749f3c,addr_085eb489,42,not_as_described,Product does not match the description on your site. Kindly help.,honest,,False,0
ALT00346,CUST01546,2818.33,1379,43,0,delivered,otp,dev_95eef45c,addr_db2c0eb7,36,not_as_described,Item is not what the listing showed. Quality is poor.,honest,,False,1
ALT00347,CUST00633,1049.86,760,14,1,delivered,none,dev_2a3dd769,addr_94fd0594,44,item_not_received,Order never arrived. Tracking shows delivered but nothing reached me.,honest,,False,0
ALT00348,CUST01501,1571.34,1325,9,1,in_transit,none,dev_abf39096,addr_402d105b,26,item_not_received,I have not received this package even after 26 days.,honest,,False,0
ALT00349,CUST00674,5019.24,1172,38,1,in_transit,otp,dev_c190b0cf,addr_16a48bfa,38,duplicate_charge,Two payments went out for a single purchase.,honest,,False,0
ALT00350,CUST00678,2367.87,756,19,0,delivered,otp,dev_f18cccdc,addr_1be5a4c3,43,not_as_described,"Received the wrong variant, this is not what I ordered.",honest,,False,1
ALT00351,CUST00188,873.33,363,25,1,delivered,none,dev_4e76833a,addr_6d15f16f,24,not_as_described,Item is not what the listing showed. Quality is poor. Kindly help.,honest,,False,0
ALT00352,CUST00184,1102.74,1328,5,1,in_transit,none,dev_17dc8eff,addr_e9b5c5cf,15,duplicate_charge,"Charged twice for the same order, please reverse one debit.",honest,,False,1
ALT00353,CUST01109,7968.93,213,31,0,in_transit,otp,dev_e09016b6,addr_f374190d,7,not_as_described,Product does not match the description on your site. Kindly help.,honest,,False,0
ALT00354,CUST00550,3107.98,1167,15,0,in_transit,none,dev_bfcf214e,addr_aac4363f,34,not_as_described,"Received the wrong variant, this is not what I ordered. Kindly help.",honest,,False,0
ALT00355,CUST01556,6594.09,315,17,1,delivered,signed,dev_4024c424,addr_d6e1ba00,36,item_not_received,Order never arrived. Tracking shows delivered but nothing reached me.,honest,,False,1
ALT00356,CUST01242,1513.32,772,43,1,delivered,signed,dev_8e485223,addr_30e912f2,28,item_not_received,I have not received this package even after 28 days. Kindly help.,honest,,False,1
ALT00357,CUST01396,1900.62,472,11,2,delivered,otp,dev_27051d96,addr_2da6b974,24,not_as_described,Item is not what the listing showed. Quality is poor. I raised this before and got no response.,opportunist,,False,0
ALT00358,CUST00928,1796.76,386,18,4,in_transit,none,dev_f90c9f84,addr_555df8c6,25,not_as_described,Item is not what the listing showed. Quality is poor.,opportunist,,False,0
ALT00359,CUST00271,7172.56,513,28,0,delivered,otp,dev_52fbe43b,addr_0f8035f5,30,duplicate_charge,Two payments went out for a single purchase.,honest,,False,1
ALT00360,CUST00619,5204.67,716,13,1,lost,none,dev_41c7d9b3,addr_bdce4d4d,1,not_as_described,Item is not what the listing showed. Quality is poor.,honest,,False,0
ALT00361,CUST01605,898.18,1169,40,0,delivered,signed,dev_154ff37d,addr_27c00f89,8,item_not_received,I have not received this package even after 8 days. Kindly help.,honest,,False,1
ALT00362,CUST00184,1427.99,1328,5,1,delivered,signed,dev_17dc8eff,addr_e9b5c5cf,39,item_not_received,Order never arrived. Tracking shows delivered but nothing reached me. Kindly help.,honest,,False,1
ALT00363,CUST01378,1035.65,483,37,1,in_transit,none,dev_1c11f735,addr_a0a04dc4,10,not_as_described,Item is not what the listing showed. Quality is poor. Kindly help.,honest,,False,0
ALT00364,CUST01459,306.12,783,10,0,delivered,none,dev_45d5a68d,addr_6ffe33b3,12,not_as_described,Item is not what the listing showed. Quality is poor. Kindly help.,honest,,False,1
ALT00365,CUST00977,2574.6,502,28,1,delivered,otp,dev_4d330569,addr_eba18fa8,17,not_as_described,"Received the wrong variant, this is not what I ordered.",honest,,False,1
ALT00366,CUST00215,20890.21,365,36,1,in_transit,none,dev_2d445af8,addr_a26e865b,19,item_not_received,I have not received this package even after 19 days.,honest,,False,1
ALT00367,CUST01596,10045.09,1167,17,0,delivered,signed,dev_4c610ae8,addr_daaf7529,9,not_as_described,"Received the wrong variant, this is not what I ordered.",honest,,False,0
ALT00368,CUST01454,3647.27,1042,24,1,delivered,none,dev_bd03d33b,addr_301c6abf,41,item_not_received,I have not received this package even after 41 days.,honest,,False,0
ALT00369,CUST00108,2731.78,260,26,1,delivered,signed,dev_1059ea28,addr_13badc91,31,item_not_received,Nothing was delivered to my address. Please refund the amount. Kindly help.,honest,,False,1
ALT00370,CUST00671,838.16,708,10,1,in_transit,none,dev_f7636b4d,addr_b51bd20f,18,duplicate_charge,"Charged twice for the same order, please reverse one debit.",honest,,False,0
ALT00371,CUST00994,2581.95,851,34,1,delivered,none,dev_10c1de9c,addr_0766699f,12,unauthorised,"Unknown charge from your store, I never placed any order.",honest,,False,0
ALT00372,CUST00492,2404.46,739,33,1,delivered,none,dev_436e3c49,addr_05cf079e,35,item_not_received,Order never arrived. Tracking shows delivered but nothing reached me.,honest,,False,0
ALT00373,CUST00134,19108.48,342,12,2,delivered,signed,dev_9cc41ca3,addr_cb9aefff,45,not_as_described,Item is not what the listing showed. Quality is poor.,opportunist,,False,1
ALT00374,CUST01176,3447.35,48,1,2,delivered,signed,dev_b8180f1c,addr_04eb1694,30,item_not_received,Nothing was delivered to my address. Please refund the amount.,ring,household,False,1
ALT00375,CUST00645,5488.15,434,48,1,delivered,signed,dev_5715bd6f,addr_4b22d308,24,duplicate_charge,Two payments went out for a single purchase.,honest,,False,1
ALT00376,CUST01681,1345.63,410,5,0,in_transit,otp,dev_d73d52ba,addr_824723c3,9,duplicate_charge,"Charged twice for the same order, please reverse one debit.",honest,,False,1
ALT00377,CUST00946,4556.95,590,50,0,delivered,signed,dev_e991e6d5,addr_4caa568b,1,item_not_received,I have not received this package even after 1 days. The box was torn when I opened it. Kindly help.,honest,,True,1
ALT00378,CUST01175,307.16,659,11,1,in_transit,none,dev_5b7887ed,addr_9d9e4da2,21,not_as_described,Item is not what the listing showed. Quality is poor. Kindly help.,honest,,False,0
ALT00379,CUST00288,6500.32,1436,21,0,in_transit,none,dev_176132ed,addr_f366bad4,27,not_as_described,"Received the wrong variant, this is not what I ordered.",honest,,False,0
ALT00380,CUST00269,1101.36,1462,12,1,delivered,signed,dev_1452e130,addr_2336d60b,8,not_as_described,Product does not match the description on your site.,honest,,False,1
ALT00381,CUST01278,848.44,1345,40,1,in_transit,none,dev_b49b4b72,addr_bc5c3cd8,10,not_as_described,Item is not what the listing showed. Quality is poor.,honest,,False,0
ALT00382,CUST01660,1945.59,1407,23,0,delivered,signed,dev_82aa5c46,addr_6593b659,5,unauthorised,I did not authorise this transaction on my card. The colour is nothing like the photos.,honest,,True,1
ALT00383,CUST01586,4375.49,246,24,1,delivered,otp,dev_8b60c511,addr_882ccd1e,12,item_not_received,Order never arrived. Tracking shows delivered but nothing reached me. It stopped working after two days of use.,honest,,True,1
ALT00384,CUST00524,1932.11,466,40,0,delivered,none,dev_1f4a8ca1,addr_c012a0ff,10,item_not_received,I have not received this package even after 10 days.,honest,,False,0
ALT00385,CUST01117,930.19,671,12,1,delivered,otp,dev_3a4fece7,addr_33304e33,38,not_as_described,Product does not match the description on your site.,honest,,False,0
ALT00386,CUST00613,1588.26,286,8,2,lost,none,dev_9c5a342e,addr_b8e3fb43,36,not_as_described,"Received the wrong variant, this is not what I ordered. This keeps happening.",opportunist,,False,0
ALT00387,CUST01740,1722.31,148,17,1,delivered,none,dev_172f0d9b,addr_02ac1c61,22,not_as_described,"Received the wrong variant, this is not what I ordered. This keeps happening.",opportunist,,False,0
ALT00388,CUST00102,3426.07,601,26,0,delivered,signed,dev_d5574241,addr_af521b94,6,item_not_received,Order never arrived. Tracking shows delivered but nothing reached me.,honest,,False,1
ALT00389,CUST01156,2209.66,829,26,1,delivered,otp,dev_278e2f60,addr_b1299cb7,35,not_as_described,"Received the wrong variant, this is not what I ordered.",honest,,False,1
ALT00390,CUST00087,2526.32,1048,7,0,delivered,otp,dev_735444fb,addr_7fb33be5,43,unauthorised,I did not authorise this transaction on my card.,honest,,False,1
ALT00391,CUST00170,1135.51,706,7,0,lost,none,dev_c55ffde8,addr_4b25c483,33,not_as_described,Item is not what the listing showed. Quality is poor. Kindly help.,honest,,False,0
ALT00392,CUST01406,1850.65,596,17,1,delivered,signed,dev_1397df7e,addr_09cd33a6,29,item_not_received,Nothing was delivered to my address. Please refund the amount.,opportunist,,False,1
ALT00393,CUST00831,3917.22,855,14,1,in_transit,otp,dev_f9f15e65,addr_d08ce31e,40,duplicate_charge,"Charged twice for the same order, please reverse one debit.",honest,,False,1
ALT00394,CUST01674,2147.71,1205,32,1,lost,none,dev_9a7fde23,addr_332ac35a,6,item_not_received,Order never arrived. Tracking shows delivered but nothing reached me. Kindly help.,honest,,False,0
ALT00395,CUST00276,1391.43,299,46,1,delivered,none,dev_61a2d612,addr_661b9738,37,unauthorised,I did not authorise this transaction on my card.,honest,,False,1
ALT00396,CUST01761,1778.04,756,35,0,delivered,otp,dev_5c0d8fcc,addr_60b217f9,6,duplicate_charge,"Charged twice for the same order, please reverse one debit.",honest,,False,1
ALT00397,CUST00439,7929.89,987,48,0,in_transit,none,dev_7de7f41a,addr_fda2f9a0,23,duplicate_charge,Two payments went out for a single purchase. Kindly help.,honest,,False,0
ALT00398,CUST01264,6368.84,543,15,0,delivered,signed,dev_53bf8b10,addr_8aad0665,32,item_not_received,Nothing was delivered to my address. Please refund the amount. The colour is nothing like the photos.,honest,,True,1
ALT00399,CUST00949,379.03,438,13,0,in_transit,otp,dev_f23e323d,addr_7e1ca5a1,36,duplicate_charge,Two payments went out for a single purchase. Kindly help.,honest,,False,1
ALT00400,CUST01521,667.55,330,35,1,delivered,signed,dev_c72c1fe3,addr_1beaf6ac,15,item_not_received,Order never arrived. Tracking shows delivered but nothing reached me.,honest,,False,1
ALT00401,CUST00804,1140.08,335,24,0,delivered,otp,dev_c12a34f4,addr_c8497436,20,item_not_received,Order never arrived. Tracking shows delivered but nothing reached me. Kindly help.,honest,,False,1
ALT00402,CUST01185,1752.73,159,4,2,delivered,signed,dev_300a491a,addr_f3cef8b7,3,item_not_received,I have not received this package even after 3 days.,opportunist,,False,1
ALT00403,CUST00147,3335.97,387,4,4,delivered,otp,dev_cefc0e85,addr_36a2bf69,15,duplicate_charge,Duplicate debit of the same amount on the same day. This keeps happening.,opportunist,,False,0
ALT00404,CUST00356,1145.08,906,32,0,lost,none,dev_aac93316,addr_0ba078e8,16,not_as_described,Product does not match the description on your site. Kindly help.,honest,,False,1
ALT00405,CUST00697,1213.42,1025,14,1,delivered,signed,dev_09eda6f5,addr_3cd1ff3f,4,item_not_received,Nothing was delivered to my address. Please refund the amount. Kindly help.,honest,,False,1
ALT00406,CUST00026,1189.08,1424,33,1,delivered,signed,dev_225f52ab,addr_d00dcc4f,36,not_as_described,Item is not what the listing showed. Quality is poor. Kindly help.,honest,,False,1
ALT00407,CUST00792,2401.7,420,32,0,in_transit,otp,dev_e1e89e7e,addr_ba3df7ff,29,duplicate_charge,Two payments went out for a single purchase.,honest,,False,1
ALT00408,CUST01593,1976.74,1384,11,1,delivered,signed,dev_45fb3e8a,addr_87f3c9a4,18,not_as_described,Product does not match the description on your site.,honest,,False,1
ALT00409,CUST01356,1639.13,18,2,3,delivered,otp,dev_c37637d6,addr_a057c558,45,not_as_described,Item is not what the listing showed. Quality is poor.,ring,tight,False,1
ALT00410,CUST00005,1817.41,273,17,0,delivered,otp,dev_97cb4585,addr_7d3e5830,11,unauthorised,I did not authorise this transaction on my card.,honest,,False,0
ALT00411,CUST01296,2695.81,205,14,1,delivered,signed,dev_a2f5a68b,addr_49a5fd0d,25,not_as_described,"Received the wrong variant, this is not what I ordered.",honest,,False,1
ALT00412,CUST00801,2737.61,1169,40,1,delivered,signed,dev_54aebd1b,addr_b3ee4d3b,12,not_as_described,Product does not match the description on your site.,honest,,False,1
ALT00413,CUST01354,1263.13,1187,47,0,lost,none,dev_3e4c943a,addr_b32d3c81,10,unauthorised,"This charge is not mine, my card was used without permission.",honest,,False,0
ALT00414,CUST01753,995.5,823,10,0,delivered,signed,dev_8d8b4c60,addr_7d15c353,37,unauthorised,"Unknown charge from your store, I never placed any order. The box was torn when I opened it.",honest,,True,1
ALT00415,CUST00500,534.16,72,0,0,delivered,otp,dev_aec61694,addr_18720dc7,27,unauthorised,I did not authorise this transaction on my card.,ring,tight,False,0
ALT00416,CUST00238,9896.97,985,37,1,delivered,signed,dev_2ac1d5ca,addr_d2e76deb,9,item_not_received,I have not received this package even after 9 days. Kindly help.,honest,,False,1
ALT00417,CUST00685,768.72,1012,7,0,lost,none,dev_4027b283,addr_22f06403,30,duplicate_charge,Duplicate debit of the same amount on the same day. Kindly help.,honest,,False,0
ALT00418,CUST01617,1103.39,224,48,0,lost,none,dev_19ca9c1b,addr_dca1adcc,37,not_as_described,Item is not what the listing showed. Quality is poor.,honest,,False,0
ALT00419,CUST01215,4200.25,369,36,1,in_transit,none,dev_f94d8fcb,addr_eb4d8f42,20,unauthorised,I did not authorise this transaction on my card.,honest,,False,0
ALT00420,CUST00858,664.43,1330,33,1,delivered,none,dev_5af56a23,addr_2f900058,45,unauthorised,"This charge is not mine, my card was used without permission. Kindly help.",honest,,False,0
ALT00421,CUST00382,497.48,683,28,0,delivered,otp,dev_a5135ea0,addr_0f8035f5,2,not_as_described,Item is not what the listing showed. Quality is poor.,honest,,False,0
ALT00422,CUST00234,1389.66,864,8,0,delivered,signed,dev_d2ed3196,addr_f71925ae,36,item_not_received,I have not received this package even after 36 days. The colour is nothing like the photos.,honest,,True,1
ALT00423,CUST01325,5044.48,243,42,0,in_transit,none,dev_96a402f2,addr_01d74256,11,unauthorised,"Unknown charge from your store, I never placed any order. The size is wrong, I want to send it back. Kindly help.",honest,,True,0
ALT00424,CUST00008,2150.99,1307,5,0,in_transit,otp,dev_d9441fa5,addr_2a935d62,24,duplicate_charge,Two payments went out for a single purchase.,honest,,False,1
ALT00425,CUST01582,13793.51,1229,6,0,delivered,signed,dev_8827f0b5,addr_f65e52fd,22,not_as_described,Product does not match the description on your site. Kindly help.,honest,,False,1
ALT00426,CUST01803,3910.49,549,19,1,delivered,otp,dev_99d090fd,addr_43b7a0ef,31,not_as_described,Product does not match the description on your site. Kindly help.,honest,,False,1
ALT00427,CUST00192,738.65,1064,43,0,delivered,otp,dev_62801c45,addr_f143262f,22,unauthorised,"Unknown charge from your store, I never placed any order. Kindly help.",honest,,False,1
ALT00428,CUST01236,2405.94,433,11,0,in_transit,otp,dev_008ffab9,addr_ccc7147f,5,item_not_received,Nothing was delivered to my address. Please refund the amount.,honest,,False,1
ALT00429,CUST01041,552.72,528,49,1,lost,none,dev_819f2393,addr_5a1341e7,12,not_as_described,"Received the wrong variant, this is not what I ordered.",honest,,False,0
ALT00430,CUST01774,3530.11,198,8,4,delivered,signed,dev_0283a43b,addr_7872420e,11,not_as_described,Item is not what the listing showed. Quality is poor.,opportunist,,False,1
ALT00431,CUST00110,1482.11,306,3,4,delivered,signed,dev_2fe12ed8,addr_87e81b25,9,item_not_received,Order never arrived. Tracking shows delivered but nothing reached me. This keeps happening.,opportunist,,False,1
ALT00432,CUST00318,3456.1,60,5,3,delivered,signed,dev_ab09ec62,addr_f5931884,18,item_not_received,Order never arrived. Tracking shows delivered but nothing reached me. I raised this before and got no response.,opportunist,,False,1
ALT00433,CUST00737,8755.64,201,5,4,delivered,otp,dev_14013b99,addr_4c589a8e,44,unauthorised,I did not authorise this transaction on my card.,opportunist,,False,0
ALT00434,CUST01298,8391.05,306,48,1,delivered,signed,dev_020e2e6a,addr_7aededf4,45,duplicate_charge,"Charged twice for the same order, please reverse one debit.",honest,,False,1
ALT00435,CUST00267,1930.65,682,33,1,in_transit,none,dev_f43ba052,addr_02ed73ce,9,not_as_described,Item is not what the listing showed. Quality is poor.,honest,,False,0
ALT00436,CUST01470,4383.51,1294,29,0,delivered,none,dev_798b0757,addr_f6419405,33,unauthorised,"I did not authorise this transaction on my card. The size is wrong, I want to send it back.",honest,,True,0
ALT00437,CUST00810,1642.85,220,13,4,delivered,otp,dev_c9eb6e3c,addr_eeced5b3,23,unauthorised,"This charge is not mine, my card was used without permission. I raised this before and got no response.",opportunist,,False,0
ALT00438,CUST00728,2614.36,584,12,1,delivered,otp,dev_3730dfba,addr_5682d038,15,not_as_described,Item is not what the listing showed. Quality is poor. Kindly help.,honest,,False,1
ALT00439,CUST00046,604.61,509,49,0,delivered,none,dev_b4d6f3e6,addr_f287b989,44,item_not_received,I have not received this package even after 44 days.,honest,,False,0
ALT00440,CUST00774,1120.27,584,14,2,in_transit,none,dev_e0b7d818,addr_6485525e,11,item_not_received,Order never arrived. Tracking shows delivered but nothing reached me.,opportunist,,False,0
ALT00441,CUST00539,3597.06,754,24,1,delivered,none,dev_3b048a8b,addr_b8a6171f,18,not_as_described,Product does not match the description on your site.,honest,,False,0
ALT00442,CUST00802,497.43,1110,28,1,delivered,otp,dev_1a2bd69c,addr_16591c89,13,unauthorised,"This charge is not mine, my card was used without permission.",honest,,False,0
ALT00443,CUST01026,2394.72,854,47,1,delivered,signed,dev_b5a47200,addr_3967e60a,27,duplicate_charge,Two payments went out for a single purchase.,honest,,False,1
ALT00444,CUST00784,2571.34,735,28,1,delivered,signed,dev_774c0afa,addr_b8f0188e,37,item_not_received,I have not received this package even after 37 days.,honest,,False,1
ALT00445,CUST00123,3701.27,1369,43,1,delivered,signed,dev_db9a0eb7,addr_b5b81351,17,unauthorised,"This charge is not mine, my card was used without permission.",honest,,False,1
ALT00446,CUST00801,607.1,1169,40,1,lost,none,dev_54aebd1b,addr_b3ee4d3b,39,not_as_described,Product does not match the description on your site.,honest,,False,0
ALT00447,CUST01162,525.25,774,39,0,delivered,signed,dev_d9b59f84,addr_d226a8b3,25,not_as_described,"Received the wrong variant, this is not what I ordered.",honest,,False,1
ALT00448,CUST00265,5110.51,1491,32,0,in_transit,none,dev_86514886,addr_4a6b836b,28,not_as_described,Item is not what the listing showed. Quality is poor.,honest,,False,1
ALT00449,CUST00300,2573.1,492,14,1,delivered,otp,dev_e4edc295,addr_e39940dd,22,not_as_described,"Received the wrong variant, this is not what I ordered. Kindly help.",honest,,False,1
ALT00450,CUST00309,1661.33,578,20,3,delivered,otp,dev_89cb09aa,addr_17e6ae99,3,not_as_described,Product does not match the description on your site. This keeps happening.,opportunist,,False,0
ALT00451,CUST01265,587.42,570,27,1,delivered,otp,dev_6c914882,addr_83a5f421,41,not_as_described,Product does not match the description on your site.,honest,,False,0
ALT00452,CUST01680,1571.33,692,46,0,in_transit,none,dev_f57a431e,addr_5228ed8d,37,not_as_described,"Received the wrong variant, this is not what I ordered.",honest,,False,0
ALT00453,CUST00411,876.02,523,34,0,delivered,otp,dev_e9a1fa6f,addr_9be578c7,19,duplicate_charge,"Charged twice for the same order, please reverse one debit.",honest,,False,1
ALT00454,CUST01365,4866.16,515,49,0,delivered,otp,dev_20363a73,addr_3b90908e,17,item_not_received,Nothing was delivered to my address. Please refund the amount.,honest,,False,1
ALT00455,CUST00158,719.5,680,11,1,delivered,otp,dev_9e98961d,addr_e66e2c11,34,unauthorised,"This charge is not mine, my card was used without permission. Kindly help.",honest,,False,0
ALT00456,CUST00546,1822.0,1396,35,0,delivered,otp,dev_82010c62,addr_d9f195d0,45,unauthorised,"This charge is not mine, my card was used without permission.",honest,,False,0
ALT00457,CUST01630,4421.32,1104,10,0,delivered,otp,dev_8c1e9464,addr_d343bf88,18,duplicate_charge,"Charged twice for the same order, please reverse one debit.",honest,,False,1
ALT00458,CUST00491,3736.34,846,12,0,delivered,otp,dev_3108d448,addr_bd1531c8,18,duplicate_charge,Two payments went out for a single purchase. Kindly help.,honest,,False,1
ALT00459,CUST01217,1501.65,516,4,3,in_transit,none,dev_cb2c0efb,addr_a5f62181,5,item_not_received,Order never arrived. Tracking shows delivered but nothing reached me.,opportunist,,False,0
ALT00460,CUST00702,3781.97,503,10,0,delivered,signed,dev_f7e9101d,addr_4c80d33a,1,not_as_described,Product does not match the description on your site.,honest,,False,1
ALT00461,CUST01040,4428.04,1465,32,1,delivered,signed,dev_263553ba,addr_f541a44e,39,unauthorised,"Unknown charge from your store, I never placed any order.",honest,,False,1
ALT00462,CUST00813,2474.44,1180,35,0,delivered,signed,dev_973e129c,addr_6930b0c4,16,item_not_received,Order never arrived. Tracking shows delivered but nothing reached me. The colour is nothing like the photos.,honest,,True,1
ALT00463,CUST01591,3228.08,68,2,0,in_transit,none,dev_c37637d6,addr_a057c558,18,duplicate_charge,Two payments went out for a single purchase.,ring,tight,False,0
ALT00464,CUST01666,1842.2,796,32,0,in_transit,otp,dev_9d642932,addr_6aa42c9f,4,not_as_described,Product does not match the description on your site. Kindly help.,honest,,False,0
ALT00465,CUST01195,1658.05,159,12,4,delivered,otp,dev_b0cab249,addr_b78a2037,27,item_not_received,Order never arrived. Tracking shows delivered but nothing reached me. This keeps happening.,opportunist,,False,1
ALT00466,CUST01658,2262.15,542,18,0,delivered,otp,dev_204db9da,addr_6c624c2c,30,item_not_received,Order never arrived. Tracking shows delivered but nothing reached me. Kindly help.,honest,,False,1
ALT00467,CUST01322,2264.92,1421,14,1,delivered,signed,dev_c552f3c5,addr_3fac4317,23,duplicate_charge,"Charged twice for the same order, please reverse one debit.",honest,,False,1
ALT00468,CUST00162,2396.35,1334,36,0,delivered,otp,dev_bb15894a,addr_7acabb76,36,item_not_received,Order never arrived. Tracking shows delivered but nothing reached me.,honest,,False,1
ALT00469,CUST01670,1490.8,789,36,1,lost,none,dev_2154be4a,addr_db38f306,12,item_not_received,I have not received this package even after 12 days.,honest,,False,0
ALT00470,CUST01728,2667.28,313,45,0,delivered,none,dev_570e5af5,addr_d757ad38,8,not_as_described,Item is not what the listing showed. Quality is poor. Kindly help.,honest,,False,1
ALT00471,CUST00335,1470.07,978,11,1,in_transit,none,dev_d8f56413,addr_9a8dca03,44,duplicate_charge,Duplicate debit of the same amount on the same day. Kindly help.,honest,,False,0
ALT00472,CUST00841,1726.03,86,16,1,in_transit,none,dev_97e1bc36,addr_f8ef32ee,10,unauthorised,"This charge is not mine, my card was used without permission. This keeps happening.",opportunist,,False,0
ALT00473,CUST00663,3135.94,924,18,1,delivered,signed,dev_30aed12d,addr_bcb3636d,18,item_not_received,Nothing was delivered to my address. Please refund the amount. Kindly help.,honest,,False,1
ALT00474,CUST00731,428.28,7,0,0,in_transit,otp,dev_188a7f55,addr_5aeb90f6,29,item_not_received,Order never arrived. Tracking shows delivered but nothing reached me. Refund immediately.,ring,tight,False,1
ALT00475,CUST00666,4617.46,344,45,1,delivered,otp,dev_9adda7c8,addr_274b369e,2,item_not_received,Nothing was delivered to my address. Please refund the amount.,honest,,False,1
ALT00476,CUST01493,1712.29,197,13,2,delivered,signed,dev_94369f5d,addr_504089fa,43,item_not_received,Order never arrived. Tracking shows delivered but nothing reached me. This keeps happening.,opportunist,,False,1
ALT00477,CUST01417,2808.98,1058,17,0,in_transit,otp,dev_cb7b0b3a,addr_fd498e20,14,item_not_received,I have not received this package even after 14 days.,honest,,False,1
ALT00478,CUST00071,2368.33,679,41,1,delivered,signed,dev_d18183d1,addr_3ca5be29,23,not_as_described,Product does not match the description on your site.,honest,,False,0
ALT00479,CUST00360,5462.48,1341,39,0,lost,none,dev_2f237c4d,addr_f90fb6e4,42,item_not_received,Order never arrived. Tracking shows delivered but nothing reached me.,honest,,False,0
ALT00480,CUST00261,1422.69,1241,29,1,in_transit,none,dev_76da3875,addr_b1cb62d0,23,duplicate_charge,"Charged twice for the same order, please reverse one debit.",honest,,False,0
ALT00481,CUST00346,7316.92,218,24,0,delivered,otp,dev_55c551fc,addr_8639bd41,15,unauthorised,"Unknown charge from your store, I never placed any order. Kindly help.",honest,,False,1
ALT00482,CUST01245,1512.2,1097,23,0,delivered,signed,dev_7fd255ee,addr_a2224f96,45,duplicate_charge,Two payments went out for a single purchase.,honest,,False,1
ALT00483,CUST00264,1545.73,187,5,2,delivered,signed,dev_84391819,addr_c1b0f44b,3,not_as_described,Product does not match the description on your site. I raised this before and got no response.,opportunist,,False,1
ALT00484,CUST00093,7596.0,1290,50,0,delivered,signed,dev_ce6322b6,addr_12738a23,8,not_as_described,Item is not what the listing showed. Quality is poor.,honest,,False,1
ALT00485,CUST00079,1710.76,96,14,1,delivered,otp,dev_f32d2812,addr_b92c23e3,7,item_not_received,Order never arrived. Tracking shows delivered but nothing reached me. This keeps happening.,opportunist,,False,1
ALT00486,CUST01388,1114.24,1016,37,1,delivered,none,dev_2286e3f8,addr_8f2e08d3,32,unauthorised,"Unknown charge from your store, I never placed any order.",honest,,False,0
ALT00487,CUST01093,426.82,948,27,0,in_transit,none,dev_521be8c2,addr_4e089bb4,31,unauthorised,"This charge is not mine, my card was used without permission.",honest,,False,0
ALT00488,CUST00297,1580.53,374,17,4,delivered,none,dev_f086424a,addr_ae3a1f32,45,item_not_received,Nothing was delivered to my address. Please refund the amount.,opportunist,,False,0
ALT00489,CUST01299,791.33,1330,8,0,delivered,otp,dev_be6127a8,addr_318910ec,10,item_not_received,Nothing was delivered to my address. Please refund the amount. Kindly help.,honest,,False,0
ALT00490,CUST01403,1978.22,423,10,4,in_transit,otp,dev_6c2d1b96,addr_e49dda44,12,duplicate_charge,"Charged twice for the same order, please reverse one debit. I raised this before and got no response.",opportunist,,False,0
ALT00491,CUST00374,1918.19,1203,38,1,in_transit,none,dev_0c90e028,addr_b7c4b3ee,22,not_as_described,"Received the wrong variant, this is not what I ordered. Kindly help.",honest,,False,0
ALT00492,CUST00100,1094.72,419,36,0,lost,none,dev_1947ea42,addr_d617b9c0,41,item_not_received,Order never arrived. Tracking shows delivered but nothing reached me.,honest,,False,0
ALT00493,CUST01751,1913.01,270,15,2,delivered,otp,dev_a8f0e3e0,addr_4e1e2f3d,44,item_not_received,I have not received this package even after 44 days. This keeps happening.,opportunist,,False,1
ALT00494,CUST00645,850.38,434,48,1,delivered,otp,dev_5715bd6f,addr_4b22d308,8,item_not_received,Order never arrived. Tracking shows delivered but nothing reached me.,honest,,False,0
ALT00495,CUST01351,3056.57,1156,47,0,delivered,otp,dev_a3871e92,addr_52ca9ced,43,item_not_received,"Nothing was delivered to my address. Please refund the amount. The size is wrong, I want to send it back.",honest,,True,1
ALT00496,CUST01169,2543.98,1214,28,0,in_transit,none,dev_397bfdd7,addr_72e89652,24,not_as_described,Item is not what the listing showed. Quality is poor.,honest,,False,0
ALT00497,CUST01496,3356.26,537,29,0,in_transit,otp,dev_fc3d3348,addr_747b6dba,31,not_as_described,"Received the wrong variant, this is not what I ordered.",honest,,False,1
ALT00498,CUST00514,1284.24,1377,9,0,delivered,otp,dev_f8ede0ca,addr_a4704d48,43,duplicate_charge,Two payments went out for a single purchase.,honest,,False,1
ALT00499,CUST00876,1406.21,1335,24,0,lost,none,dev_2260e70f,addr_8da01097,5,item_not_received,I have not received this package even after 5 days.,honest,,False,0
ALT00500,CUST00556,1284.62,613,39,1,in_transit,otp,dev_b2384849,addr_23245211,37,item_not_received,Nothing was delivered to my address. Please refund the amount. Kindly help.,honest,,False,1
ALT00501,CUST00769,6067.27,416,15,1,delivered,signed,dev_774f6354,addr_681134e2,36,item_not_received,Order never arrived. Tracking shows delivered but nothing reached me.,honest,,False,0
ALT00502,CUST01645,7386.64,1457,5,0,delivered,signed,dev_d91738f8,addr_50bf2995,28,item_not_received,Order never arrived. Tracking shows delivered but nothing reached me. Kindly help.,honest,,False,1
ALT00503,CUST01775,1359.49,291,20,0,delivered,signed,dev_30259856,addr_d527189b,6,unauthorised,I did not authorise this transaction on my card. Kindly help.,honest,,False,1
ALT00504,CUST00498,1381.07,605,50,0,in_transit,none,dev_21bd55eb,addr_77e0ee02,40,not_as_described,"Received the wrong variant, this is not what I ordered. Kindly help.",honest,,False,0
ALT00505,CUST01160,1537.02,192,6,3,delivered,signed,dev_2672a20c,addr_099396ff,34,not_as_described,"Received the wrong variant, this is not what I ordered. I raised this before and got no response.",opportunist,,False,1
ALT00506,CUST00473,3781.94,970,43,1,delivered,otp,dev_63021daa,addr_fbda05ae,9,unauthorised,"Unknown charge from your store, I never placed any order.",honest,,False,1
ALT00507,CUST00942,1081.29,883,17,1,lost,none,dev_40018cbe,addr_d86f4bb4,34,not_as_described,Product does not match the description on your site. Kindly help.,honest,,False,0
ALT00508,CUST00860,2540.19,534,8,1,delivered,otp,dev_5c75352c,addr_f4852088,41,duplicate_charge,"Charged twice for the same order, please reverse one debit.",honest,,False,1
ALT00509,CUST01234,3505.1,907,48,0,delivered,otp,dev_f554e1f8,addr_d8e8b97c,13,item_not_received,Order never arrived. Tracking shows delivered but nothing reached me. The colour is nothing like the photos.,honest,,True,1
ALT00510,CUST00296,1688.69,430,13,1,delivered,signed,dev_c06e6481,addr_a5448d55,2,item_not_received,Nothing was delivered to my address. Please refund the amount. This keeps happening.,opportunist,,False,1
ALT00511,CUST00934,5547.31,809,23,0,in_transit,none,dev_7d2f4e58,addr_7ad465a1,1,item_not_received,Order never arrived. Tracking shows delivered but nothing reached me.,honest,,False,0
ALT00512,CUST01149,683.74,1221,23,0,delivered,signed,dev_26d3e222,addr_09b4413c,28,not_as_described,"Received the wrong variant, this is not what I ordered.",honest,,False,1
ALT00513,CUST01172,1186.44,1467,28,0,delivered,otp,dev_35469cb1,addr_0d95ee72,6,item_not_received,I have not received this package even after 6 days.,honest,,False,1
ALT00514,CUST00873,1422.3,405,13,0,delivered,signed,dev_9a0270da,addr_f69777a1,3,duplicate_charge,Two payments went out for a single purchase.,honest,,False,1
ALT00515,CUST00722,2671.03,1025,28,0,delivered,signed,dev_668c8477,addr_31d4ee09,38,item_not_received,Nothing was delivered to my address. Please refund the amount.,honest,,False,1
ALT00516,CUST01262,18918.44,804,18,0,delivered,otp,dev_73dd3bc6,addr_638e1388,41,item_not_received,Order never arrived. Tracking shows delivered but nothing reached me. Kindly help.,honest,,False,0
ALT00517,CUST01425,1406.36,495,13,0,delivered,signed,dev_5fcf3219,addr_997c0dc9,24,item_not_received,Order never arrived. Tracking shows delivered but nothing reached me.,honest,,False,1
ALT00518,CUST00716,3942.65,613,36,0,delivered,otp,dev_38749f3c,addr_49902258,44,not_as_described,"Received the wrong variant, this is not what I ordered.",honest,,False,1
ALT00519,CUST00480,10611.58,230,36,0,lost,none,dev_578799d9,addr_cca99089,40,duplicate_charge,Duplicate debit of the same amount on the same day. Kindly help.,honest,,False,0
ALT00520,CUST01740,1828.07,148,17,1,delivered,otp,dev_172f0d9b,addr_161f77a1,26,item_not_received,I have not received this package even after 26 days. I raised this before and got no response.,opportunist,,False,0
ALT00521,CUST01543,1628.44,357,7,1,delivered,none,dev_b67cb2ac,addr_952aed00,15,duplicate_charge,Two payments went out for a single purchase. This keeps happening.,opportunist,,False,0
ALT00522,CUST00248,4435.56,799,46,1,delivered,none,dev_50c1b8f7,addr_88145bde,39,not_as_described,Product does not match the description on your site.,honest,,False,0
ALT00523,CUST00564,3398.82,162,8,2,delivered,signed,dev_9c130aa7,addr_47469fb7,18,not_as_described,Item is not what the listing showed. Quality is poor. This keeps happening.,opportunist,,False,1
ALT00524,CUST01554,7149.77,372,31,1,delivered,otp,dev_2e904b5c,addr_e05b1892,10,not_as_described,Item is not what the listing showed. Quality is poor. Kindly help.,honest,,False,1
ALT00525,CUST00672,3833.0,238,15,4,delivered,signed,dev_ec20d201,addr_9ca5b74f,14,unauthorised,I did not authorise this transaction on my card.,opportunist,,False,0
ALT00526,CUST00322,1915.91,492,33,0,delivered,signed,dev_d317d8c9,addr_d8ddbbc0,37,duplicate_charge,"Charged twice for the same order, please reverse one debit.",honest,,False,1
ALT00527,CUST01415,2501.65,56,0,1,delivered,none,dev_51ffdef6,addr_b6caf840,31,unauthorised,I did not authorise this transaction on my card. Refund immediately.,ring,tight,False,0
ALT00528,CUST01290,1792.22,526,16,4,in_transit,none,dev_5a0ae917,addr_55f8bbb8,22,not_as_described,Item is not what the listing showed. Quality is poor.,opportunist,,False,0
ALT00529,CUST00020,3151.12,647,44,0,delivered,signed,dev_e9a0c20d,addr_b72479b7,20,not_as_described,Item is not what the listing showed. Quality is poor.,honest,,False,1
ALT00530,CUST01481,3103.7,623,16,0,delivered,otp,dev_b25c5b50,addr_866b329a,10,unauthorised,I did not authorise this transaction on my card.,honest,,False,1
ALT00531,CUST01594,4425.28,803,37,0,in_transit,otp,dev_c92efe01,addr_ed360bb7,14,item_not_received,I have not received this package even after 14 days.,honest,,False,0
ALT00532,CUST01770,622.67,458,3,2,delivered,otp,dev_9dd3c15a,addr_03a1beac,22,item_not_received,Order never arrived. Tracking shows delivered but nothing reached me. This keeps happening.,opportunist,,False,1
ALT00533,CUST00881,4189.38,1057,14,1,lost,none,dev_b0c4a01c,addr_eba742d2,37,item_not_received,I have not received this package even after 37 days. Kindly help.,honest,,False,0
ALT00534,CUST00738,700.85,502,20,0,delivered,signed,dev_257d5e52,addr_328067a1,26,not_as_described,Item is not what the listing showed. Quality is poor.,honest,,False,1
ALT00535,CUST00148,2769.97,361,32,0,delivered,otp,dev_8ba435cc,addr_523ae993,14,not_as_described,Item is not what the listing showed. Quality is poor.,honest,,False,1
ALT00536,CUST01697,1569.99,501,21,0,delivered,none,dev_d76d9612,addr_03288b00,3,unauthorised,"This charge is not mine, my card was used without permission.",honest,,False,0
ALT00537,CUST00599,6171.11,232,5,1,delivered,signed,dev_0308aa5e,addr_fa3c1628,2,not_as_described,Item is not what the listing showed. Quality is poor. Kindly help.,honest,,False,0
ALT00538,CUST00923,648.54,1033,36,1,in_transit,none,dev_d22e3226,addr_28b26b1b,45,not_as_described,Product does not match the description on your site.,honest,,False,1
ALT00539,CUST00066,2563.72,42,0,1,delivered,none,dev_51ffdef6,addr_b6caf840,21,duplicate_charge,Duplicate debit of the same amount on the same day. Refund immediately.,ring,tight,False,1
ALT00540,CUST00781,3125.14,923,23,1,in_transit,none,dev_f4ca6e70,addr_890a83b4,10,duplicate_charge,Duplicate debit of the same amount on the same day. Kindly help.,honest,,False,0
ALT00541,CUST00997,1622.12,1427,26,0,delivered,signed,dev_ec191606,addr_9bd972ca,13,not_as_described,"Received the wrong variant, this is not what I ordered.",honest,,False,1
ALT00542,CUST01723,2561.74,1264,26,0,delivered,signed,dev_11654cb3,addr_69479974,24,not_as_described,Item is not what the listing showed. Quality is poor.,honest,,False,1
ALT00543,CUST01669,1875.05,105,18,1,delivered,none,dev_0c4ceedf,addr_f189d0b1,22,not_as_described,Item is not what the listing showed. Quality is poor.,opportunist,,False,0
ALT00544,CUST00273,1373.22,318,46,1,delivered,signed,dev_8d3a5d76,addr_bc547d54,1,unauthorised,"This charge is not mine, my card was used without permission.",honest,,False,1
ALT00545,CUST01174,3043.09,277,41,1,lost,none,dev_b4732eb6,addr_b0c46ddc,1,item_not_received,Order never arrived. Tracking shows delivered but nothing reached me.,honest,,False,1
ALT00546,CUST00836,8355.67,1056,40,1,delivered,signed,dev_5db2f6ce,addr_6fa5f03f,43,not_as_described,"Received the wrong variant, this is not what I ordered.",honest,,False,1
ALT00547,CUST01670,2088.31,789,36,1,delivered,none,dev_2154be4a,addr_db38f306,31,item_not_received,I have not received this package even after 31 days.,honest,,False,0
ALT00548,CUST01532,644.96,1325,15,1,delivered,signed,dev_9b49bd26,addr_f6e07cc0,4,not_as_described,Item is not what the listing showed. Quality is poor.,honest,,False,1
ALT00549,CUST01504,340.7,206,9,4,in_transit,otp,dev_14a9ee59,addr_083a1c27,36,duplicate_charge,"Charged twice for the same order, please reverse one debit.",opportunist,,False,0
ALT00550,CUST00059,927.0,584,25,0,delivered,otp,dev_26f341c8,addr_05aa5eab,9,duplicate_charge,"Charged twice for the same order, please reverse one debit. Kindly help.",honest,,False,1
ALT00551,CUST00606,4032.34,1491,38,1,delivered,none,dev_c90b9454,addr_4ccf0a4b,2,unauthorised,I did not authorise this transaction on my card. The colour is nothing like the photos.,honest,,True,0
ALT00552,CUST00106,743.78,707,47,0,in_transit,none,dev_cc21cbdb,addr_d86065a2,27,item_not_received,Nothing was delivered to my address. Please refund the amount. Kindly help.,honest,,False,0
ALT00553,CUST00947,4635.91,361,44,1,in_transit,none,dev_3da70577,addr_24a35cf2,31,duplicate_charge,Two payments went out for a single purchase.,honest,,False,0
ALT00554,CUST00847,3837.86,733,42,1,delivered,otp,dev_1e26ed31,addr_9ee339ff,12,not_as_described,Item is not what the listing showed. Quality is poor.,honest,,False,1
ALT00555,CUST00736,2029.82,427,26,0,delivered,signed,dev_4e19392b,addr_3d7a774e,29,duplicate_charge,Duplicate debit of the same amount on the same day.,honest,,False,1
ALT00556,CUST01288,603.84,1125,9,0,in_transit,otp,dev_bff30c8d,addr_e097dedb,22,item_not_received,Order never arrived. Tracking shows delivered but nothing reached me.,honest,,False,0
ALT00557,CUST00648,1226.45,306,46,1,delivered,otp,dev_dfc620ce,addr_d9e604b3,45,not_as_described,"Received the wrong variant, this is not what I ordered.",honest,,False,1
ALT00558,CUST01552,1798.93,478,39,1,delivered,otp,dev_b118cad6,addr_df377ff8,10,duplicate_charge,Two payments went out for a single purchase.,honest,,False,1
ALT00559,CUST01284,2978.71,1140,50,1,delivered,otp,dev_09b2eae6,addr_12c0620c,12,duplicate_charge,"Charged twice for the same order, please reverse one debit.",honest,,False,1
ALT00560,CUST00176,762.19,879,44,0,lost,none,dev_ce7334f2,addr_de4379cb,30,item_not_received,Order never arrived. Tracking shows delivered but nothing reached me. Kindly help.,honest,,False,0
ALT00561,CUST00709,7534.14,474,37,1,lost,none,dev_45d8a6ad,addr_cf0e6d2b,40,not_as_described,Product does not match the description on your site.,honest,,False,0
ALT00562,CUST00930,1814.01,564,14,3,in_transit,none,dev_6424fa05,addr_ccc34f70,32,unauthorised,"Unknown charge from your store, I never placed any order.",opportunist,,False,0
ALT00563,CUST00721,1798.49,186,4,4,delivered,none,dev_4e4a516f,addr_d5883c8f,45,not_as_described,"Received the wrong variant, this is not what I ordered.",opportunist,,False,0
ALT00564,CUST00353,2955.19,1016,35,1,delivered,none,dev_3bd13a43,addr_63dba8c8,17,duplicate_charge,"Charged twice for the same order, please reverse one debit. Kindly help.",honest,,False,0
ALT00565,CUST00930,1688.07,564,14,3,delivered,signed,dev_6424fa05,addr_76c6533e,10,unauthorised,"Unknown charge from your store, I never placed any order. I raised this before and got no response.",opportunist,,False,0
ALT00566,CUST01210,3255.95,721,5,0,in_transit,none,dev_940c3503,addr_0b981ccd,13,not_as_described,Product does not match the description on your site. Kindly help.,honest,,False,0
ALT00567,CUST00003,989.59,475,12,1,delivered,otp,dev_0ee52f63,addr_16718639,19,item_not_received,Order never arrived. Tracking shows delivered but nothing reached me.,honest,,False,1
ALT00568,CUST01028,2906.66,371,12,3,in_transit,none,dev_77a63918,addr_6e78cd59,39,not_as_described,Item is not what the listing showed. Quality is poor. I raised this before and got no response.,opportunist,,False,0
ALT00569,CUST00951,6385.73,1085,50,1,delivered,signed,dev_757e2b43,addr_33a2ca5f,40,duplicate_charge,Duplicate debit of the same amount on the same day. Kindly help.,honest,,False,1
ALT00570,CUST00715,1850.29,211,9,2,delivered,otp,dev_4d20d6cf,addr_2f4187bc,44,item_not_received,I have not received this package even after 44 days. I raised this before and got no response.,opportunist,,False,1
ALT00571,CUST01299,3353.28,1330,8,0,delivered,signed,dev_be6127a8,addr_318910ec,21,duplicate_charge,"Charged twice for the same order, please reverse one debit.",honest,,False,1
ALT00572,CUST00378,1242.73,1150,36,1,delivered,otp,dev_1177fdd5,addr_f334685d,11,item_not_received,Nothing was delivered to my address. Please refund the amount.,honest,,False,1
ALT00573,CUST00035,10206.7,513,8,1,delivered,none,dev_f89617fa,addr_170fad32,6,item_not_received,Order never arrived. Tracking shows delivered but nothing reached me. Kindly help.,honest,,False,0
ALT00574,CUST00755,1931.48,531,5,2,delivered,none,dev_dd558095,addr_0da761fd,19,item_not_received,Order never arrived. Tracking shows delivered but nothing reached me. The box was torn when I opened it.,opportunist,,True,1
ALT00575,CUST01211,570.95,653,6,1,delivered,otp,dev_b58dfc59,addr_3106e8ce,26,unauthorised,"This charge is not mine, my card was used without permission. Kindly help.",honest,,False,0
ALT00576,CUST01474,3568.84,349,7,2,in_transit,none,dev_36d5187b,addr_2d98f251,12,not_as_described,Product does not match the description on your site.,opportunist,,False,0
ALT00577,CUST00087,1745.22,1048,7,0,delivered,signed,dev_735444fb,addr_7fb33be5,40,not_as_described,Product does not match the description on your site. Kindly help.,honest,,False,1
ALT00578,CUST01128,2161.2,293,13,3,delivered,signed,dev_b8d11a8f,addr_67f3e4bf,15,unauthorised,I did not authorise this transaction on my card. I raised this before and got no response.,opportunist,,False,1
ALT00579,CUST01175,18059.69,659,11,1,delivered,none,dev_5b7887ed,addr_9d9e4da2,11,unauthorised,I did not authorise this transaction on my card. The colour is nothing like the photos.,honest,,True,0
ALT00580,CUST01697,1448.83,501,21,0,delivered,signed,dev_d76d9612,addr_03288b00,33,unauthorised,"Unknown charge from your store, I never placed any order.",honest,,False,1
ALT00581,CUST01102,3029.98,420,11,1,delivered,signed,dev_1585665d,addr_556ff3c1,32,not_as_described,Item is not what the listing showed. Quality is poor.,opportunist,,False,1
ALT00582,CUST01563,3317.75,288,34,0,delivered,otp,dev_60e7a113,addr_8d5288f1,35,item_not_received,I have not received this package even after 35 days. The colour is nothing like the photos. Kindly help.,honest,,True,1
ALT00583,CUST00001,1765.48,696,7,0,delivered,signed,dev_30d73df7,addr_70e7e756,33,not_as_described,"Received the wrong variant, this is not what I ordered. Kindly help.",honest,,False,0
ALT00584,CUST01074,1567.45,565,18,1,delivered,otp,dev_fd81a925,addr_73e9b99b,25,not_as_described,"Received the wrong variant, this is not what I ordered. This keeps happening.",opportunist,,False,1
ALT00585,CUST00636,17012.82,1056,15,1,in_transit,none,dev_e7d3f770,addr_3acdc514,28,item_not_received,I have not received this package even after 28 days. Kindly help.,honest,,False,0
ALT00586,CUST00369,2166.32,1184,26,0,delivered,signed,dev_00b3700f,addr_abf0263e,10,duplicate_charge,"Charged twice for the same order, please reverse one debit.",honest,,False,1
ALT00587,CUST00374,1048.51,1203,38,1,delivered,otp,dev_0c90e028,addr_b7c4b3ee,11,item_not_received,Order never arrived. Tracking shows delivered but nothing reached me.,honest,,False,1
ALT00588,CUST01500,2280.18,365,46,0,delivered,otp,dev_17efa621,addr_61177270,45,duplicate_charge,"Charged twice for the same order, please reverse one debit.",honest,,False,1
ALT00589,CUST01766,1896.64,1259,33,0,delivered,signed,dev_3f76be1d,addr_1064005c,38,unauthorised,"Unknown charge from your store, I never placed any order. Kindly help.",honest,,False,1
ALT00590,CUST01078,1185.48,7,3,2,delivered,signed,dev_e2b6ef5d,addr_9268b5df,8,unauthorised,I did not authorise this transaction on my card.,ring,household,False,1
ALT00591,CUST01792,1673.57,141,14,1,delivered,signed,dev_ea258d83,addr_3af834f2,11,unauthorised,"Unknown charge from your store, I never placed any order.",opportunist,,False,1
ALT00592,CUST01104,1358.99,784,35,1,delivered,otp,dev_19cb84c8,addr_2f51aca6,7,item_not_received,I have not received this package even after 7 days. The colour is nothing like the photos.,honest,,True,1
ALT00593,CUST00500,3592.83,72,0,0,in_transit,none,dev_aec61694,addr_18720dc7,36,unauthorised,"Unknown charge from your store, I never placed any order. Reverse this now.",ring,tight,False,0
ALT00594,CUST00331,7255.04,1152,23,0,lost,none,dev_12e89d10,addr_f1faf665,40,unauthorised,I did not authorise this transaction on my card.,honest,,False,0
ALT00595,CUST00815,4846.14,756,31,0,delivered,signed,dev_3cd61f5e,addr_f362d408,28,unauthorised,I did not authorise this transaction on my card. Kindly help.,honest,,False,0
ALT00596,CUST00423,2323.17,1049,28,0,in_transit,none,dev_3a6a22d9,addr_cd40b648,25,not_as_described,Item is not what the listing showed. Quality is poor.,honest,,False,0
ALT00597,CUST00834,1274.24,1201,46,0,in_transit,otp,dev_0bb9a8f6,addr_216aebcf,6,duplicate_charge,Duplicate debit of the same amount on the same day.,honest,,False,0
ALT00598,CUST01808,4726.38,964,30,1,delivered,otp,dev_90a3fbbf,addr_39d1c7ff,26,unauthorised,I did not authorise this transaction on my card.,honest,,False,1
ALT00599,CUST00888,3789.15,376,24,1,delivered,none,dev_25ee2f0f,addr_6c0046f0,5,item_not_received,Order never arrived. Tracking shows delivered but nothing reached me.,honest,,False,0
ALT00600,CUST01468,6766.81,1211,24,0,delivered,signed,dev_04a434e7,addr_e1831003,33,not_as_described,"Received the wrong variant, this is not what I ordered.",honest,,False,1
ALT00601,CUST00944,1968.01,68,14,3,in_transit,none,dev_f56febb1,addr_b9c6b26b,5,unauthorised,"Unknown charge from your store, I never placed any order.",opportunist,,False,0
ALT00602,CUST00831,2612.23,855,14,1,lost,none,dev_f9f15e65,addr_d08ce31e,25,not_as_described,Product does not match the description on your site.,honest,,False,0
ALT00603,CUST00865,1613.09,671,34,0,in_transit,none,dev_3d305a07,addr_bd75f95c,38,unauthorised,"Unknown charge from your store, I never placed any order.",honest,,False,1
ALT00604,CUST00506,2627.71,1217,37,1,in_transit,none,dev_4cad66c5,addr_f82c6ad8,30,not_as_described,"Received the wrong variant, this is not what I ordered.",honest,,False,0
ALT00605,CUST00943,918.88,1491,50,1,in_transit,otp,dev_fabfa7ef,addr_d93eea4d,45,duplicate_charge,Two payments went out for a single purchase. Kindly help.,honest,,False,0
ALT00606,CUST00858,1408.24,1330,33,1,delivered,otp,dev_5af56a23,addr_2f900058,45,item_not_received,Order never arrived. Tracking shows delivered but nothing reached me. Kindly help.,honest,,False,1
ALT00607,CUST01383,27453.77,670,18,1,delivered,otp,dev_45667c48,addr_ec95b3ac,45,unauthorised,"Unknown charge from your store, I never placed any order.",honest,,False,0
ALT00608,CUST01093,2034.22,948,27,0,delivered,signed,dev_521be8c2,addr_4e089bb4,37,duplicate_charge,"Charged twice for the same order, please reverse one debit.",honest,,False,1
ALT00609,CUST00917,846.7,960,24,1,delivered,otp,dev_4da273ed,addr_7c659dc9,11,not_as_described,"Received the wrong variant, this is not what I ordered.",honest,,False,1
ALT00610,CUST01233,3567.56,65,12,2,delivered,signed,dev_75666394,addr_280d4e22,29,not_as_described,Product does not match the description on your site. This keeps happening.,opportunist,,False,1
ALT00611,CUST00046,5582.48,509,49,0,delivered,otp,dev_b4d6f3e6,addr_f287b989,40,item_not_received,Order never arrived. Tracking shows delivered but nothing reached me.,honest,,False,1
ALT00612,CUST01175,2009.97,659,11,1,delivered,otp,dev_5b7887ed,addr_9d9e4da2,36,not_as_described,"Received the wrong variant, this is not what I ordered. Kindly help.",honest,,False,0
ALT00613,CUST01392,452.74,521,8,0,delivered,otp,dev_54c29d5c,addr_f9722cc1,37,not_as_described,"Received the wrong variant, this is not what I ordered.",honest,,False,1
ALT00614,CUST00154,1026.22,340,43,0,lost,none,dev_3c365296,addr_98326856,39,item_not_received,Order never arrived. Tracking shows delivered but nothing reached me.,honest,,False,0
ALT00615,CUST00946,585.5,590,50,0,delivered,otp,dev_e991e6d5,addr_4caa568b,41,not_as_described,Item is not what the listing showed. Quality is poor.,honest,,False,1
ALT00616,CUST01501,12106.24,1325,9,1,delivered,otp,dev_abf39096,addr_402d105b,25,item_not_received,I have not received this package even after 25 days.,honest,,False,1
ALT00617,CUST00647,551.14,1038,45,1,delivered,otp,dev_6a1d9731,addr_8e49d0f9,33,not_as_described,Item is not what the listing showed. Quality is poor.,honest,,False,1
ALT00618,CUST00350,1697.96,84,13,1,delivered,none,dev_e414f2c5,addr_3faadfd6,26,item_not_received,Nothing was delivered to my address. Please refund the amount. This keeps happening.,opportunist,,False,0
ALT00619,CUST00125,1357.16,959,48,1,delivered,otp,dev_ffdba2ee,addr_d11ce5c8,17,item_not_received,Order never arrived. Tracking shows delivered but nothing reached me.,honest,,False,1
ALT00620,CUST01139,7746.99,468,11,1,in_transit,none,dev_44b0703f,addr_380cfd3d,13,not_as_described,"Received the wrong variant, this is not what I ordered. I raised this before and got no response.",opportunist,,False,0
ALT00621,CUST00624,1926.45,548,13,4,delivered,otp,dev_d3c6e5a0,addr_6c99ce56,39,item_not_received,Nothing was delivered to my address. Please refund the amount. I raised this before and got no response.,opportunist,,False,1
ALT00622,CUST00851,1684.91,223,16,4,lost,none,dev_976710d7,addr_d5969658,10,item_not_received,Order never arrived. Tracking shows delivered but nothing reached me.,opportunist,,False,0
ALT00623,CUST00435,7137.21,481,14,0,delivered,signed,dev_c9c23e69,addr_86cac6f4,44,not_as_described,Item is not what the listing showed. Quality is poor. Kindly help.,honest,,False,0
ALT00624,CUST01780,1383.32,1214,7,0,in_transit,none,dev_9716108e,addr_dea4ae17,14,not_as_described,"Received the wrong variant, this is not what I ordered.",honest,,False,0
ALT00625,CUST00599,1247.78,232,5,1,delivered,signed,dev_0308aa5e,addr_fa3c1628,29,not_as_described,"Received the wrong variant, this is not what I ordered.",honest,,False,1
ALT00626,CUST01166,2160.9,967,19,0,delivered,otp,dev_25637cc3,addr_09ce3cfb,2,duplicate_charge,Duplicate debit of the same amount on the same day.,honest,,False,1
ALT00627,CUST00331,5983.85,1152,23,0,delivered,otp,dev_12e89d10,addr_f1faf665,8,item_not_received,I have not received this package even after 8 days.,honest,,False,0
ALT00628,CUST01408,4255.4,442,5,4,delivered,signed,dev_8185716a,addr_8f909d9d,20,duplicate_charge,"Charged twice for the same order, please reverse one debit. This keeps happening.",opportunist,,False,1
ALT00629,CUST01219,200.0,566,50,0,lost,none,dev_6b69b4ae,addr_723dfacd,18,not_as_described,"Received the wrong variant, this is not what I ordered. Kindly help.",honest,,False,0
ALT00630,CUST00820,1622.83,616,26,0,in_transit,none,dev_ec170298,addr_d8ddbbc0,20,not_as_described,"Received the wrong variant, this is not what I ordered.",honest,,False,0
ALT00631,CUST01612,852.59,932,6,0,in_transit,none,dev_247474b3,addr_70be9630,23,item_not_received,I have not received this package even after 23 days.,honest,,False,0
ALT00632,CUST00645,734.74,434,48,1,lost,none,dev_5715bd6f,addr_4b22d308,12,unauthorised,I did not authorise this transaction on my card. Kindly help.,honest,,False,0
ALT00633,CUST00016,5923.62,1294,6,0,delivered,signed,dev_651a6277,addr_0367ee2c,43,not_as_described,"Received the wrong variant, this is not what I ordered.",honest,,False,1
ALT00634,CUST00529,2122.01,315,11,4,delivered,otp,dev_0f2f633b,addr_a3beb445,35,item_not_received,Nothing was delivered to my address. Please refund the amount.,opportunist,,False,1
ALT00635,CUST01230,3312.59,1119,42,1,delivered,signed,dev_ce4a2bbd,addr_b2b9437a,15,unauthorised,I did not authorise this transaction on my card.,honest,,False,1
ALT00636,CUST01700,1913.62,201,6,2,delivered,signed,dev_f7048d14,addr_94e4339d,23,item_not_received,Order never arrived. Tracking shows delivered but nothing reached me. This keeps happening.,opportunist,,False,1
ALT00637,CUST00510,372.08,383,14,1,in_transit,otp,dev_f3c1114d,addr_adb94a81,9,not_as_described,Item is not what the listing showed. Quality is poor.,honest,,False,0
ALT00638,CUST01468,2740.92,1211,24,0,in_transit,none,dev_04a434e7,addr_e1831003,41,item_not_received,I have not received this package even after 41 days.,honest,,False,0
ALT00639,CUST00871,3833.7,347,11,1,in_transit,none,dev_ffb1c192,addr_46368d12,35,not_as_described,"Received the wrong variant, this is not what I ordered. This keeps happening.",opportunist,,False,0
ALT00640,CUST00657,676.41,1121,34,1,in_transit,none,dev_96792482,addr_21084dd9,21,item_not_received,Order never arrived. Tracking shows delivered but nothing reached me. Kindly help.,honest,,False,0
ALT00641,CUST01723,4536.98,1264,26,0,delivered,otp,dev_11654cb3,addr_69479974,26,item_not_received,I have not received this package even after 26 days. It stopped working after two days of use. Kindly help.,honest,,True,1
ALT00642,CUST00172,6242.44,1351,31,1,delivered,signed,dev_2253e706,addr_3e2bf9c9,34,duplicate_charge,Two payments went out for a single purchase.,honest,,False,1
ALT00643,CUST01227,1607.2,346,19,3,delivered,signed,dev_e47ca3af,addr_df397fa5,31,item_not_received,I have not received this package even after 31 days. I raised this before and got no response.,opportunist,,False,1
ALT00644,CUST01789,5301.48,1349,39,1,delivered,otp,dev_956269f0,addr_5cabcc97,8,unauthorised,I did not authorise this transaction on my card.,honest,,False,1
ALT00645,CUST01189,2705.31,1310,13,0,delivered,otp,dev_a7087280,addr_235b275b,13,not_as_described,"Received the wrong variant, this is not what I ordered. Kindly help.",honest,,False,1
ALT00646,CUST00416,2077.95,802,44,0,delivered,signed,dev_e7574997,addr_a566e884,2,not_as_described,Item is not what the listing showed. Quality is poor.,honest,,False,1
ALT00647,CUST01085,2139.57,561,21,0,delivered,signed,dev_a7610e80,addr_8d0653e2,45,unauthorised,"This charge is not mine, my card was used without permission.",honest,,False,0
ALT00648,CUST01050,4116.44,133,16,3,delivered,otp,dev_24a0db6e,addr_f9a013be,36,item_not_received,"Nothing was delivered to my address. Please refund the amount. The size is wrong, I want to send it back.",opportunist,,True,1
ALT00649,CUST00019,2061.92,484,6,0,delivered,otp,dev_d0a73b72,addr_5e516bf8,44,item_not_received,"Order never arrived. Tracking shows delivered but nothing reached me. The size is wrong, I want to send it back. Kindly help.",honest,,True,1
ALT00650,CUST00626,1902.08,121,19,3,delivered,otp,dev_cc5bf684,addr_a266530e,21,item_not_received,Order never arrived. Tracking shows delivered but nothing reached me.,opportunist,,False,1
ALT00651,CUST01048,2486.03,566,41,0,delivered,signed,dev_5bda0655,addr_7cd61da4,31,not_as_described,"Received the wrong variant, this is not what I ordered.",honest,,False,1
ALT00652,CUST01780,3244.3,1214,7,0,delivered,signed,dev_9716108e,addr_dea4ae17,25,not_as_described,Product does not match the description on your site.,honest,,False,1
ALT00653,CUST01205,370.27,1076,12,0,lost,none,dev_36ba4918,addr_5b48961f,15,duplicate_charge,Two payments went out for a single purchase.,honest,,False,0
ALT00654,CUST01203,26825.01,1438,50,1,delivered,signed,dev_d90949aa,addr_9f8ceda5,28,not_as_described,"Received the wrong variant, this is not what I ordered.",honest,,False,1
ALT00655,CUST01248,994.56,378,10,1,delivered,otp,dev_e5dfc7af,addr_f4e580aa,3,item_not_received,I have not received this package even after 3 days. The colour is nothing like the photos. Kindly help.,honest,,True,1
ALT00656,CUST00034,3818.56,689,46,0,in_transit,otp,dev_f9c3ee05,addr_66414954,15,duplicate_charge,"Charged twice for the same order, please reverse one debit.",honest,,False,0
ALT00657,CUST01442,2793.59,282,14,1,delivered,otp,dev_708c4f1a,addr_06822e13,19,not_as_described,Product does not match the description on your site. I raised this before and got no response.,opportunist,,False,1
ALT00658,CUST00798,1270.15,329,15,1,delivered,none,dev_46a56fe8,addr_4cbc9044,20,unauthorised,"Unknown charge from your store, I never placed any order.",honest,,False,0
ALT00659,CUST00897,3516.19,810,29,0,delivered,none,dev_51ee3cc8,addr_52ffeff5,32,not_as_described,Product does not match the description on your site. Kindly help.,honest,,False,0
ALT00660,CUST01169,1012.74,1214,28,0,delivered,otp,dev_397bfdd7,addr_72e89652,8,duplicate_charge,"Charged twice for the same order, please reverse one debit.",honest,,False,0
ALT00661,CUST00146,2151.12,125,14,1,delivered,otp,dev_99056421,addr_f157f169,39,unauthorised,I did not authorise this transaction on my card. I raised this before and got no response.,opportunist,,False,0
ALT00662,CUST01083,12123.44,337,10,0,in_transit,otp,dev_17dded81,addr_bd21bc11,13,duplicate_charge,"Charged twice for the same order, please reverse one debit.",honest,,False,0
ALT00663,CUST00029,1507.82,1209,37,1,lost,none,dev_f309106e,addr_44f00717,34,unauthorised,"This charge is not mine, my card was used without permission.",honest,,False,0
ALT00664,CUST01617,2338.75,224,48,0,in_transit,otp,dev_19ca9c1b,addr_dca1adcc,14,not_as_described,"Received the wrong variant, this is not what I ordered.",honest,,False,0
ALT00665,CUST01071,884.34,821,19,1,lost,none,dev_b5502e2b,addr_8d59c34d,7,duplicate_charge,"Charged twice for the same order, please reverse one debit. Kindly help.",honest,,False,0
ALT00666,CUST00445,3897.72,32,1,1,delivered,signed,dev_6af01106,addr_cac5a4c6,28,unauthorised,I did not authorise this transaction on my card. Reverse this now.,ring,dropship,False,1
ALT00667,CUST00503,1146.1,998,24,0,delivered,none,dev_48bfb602,addr_a06109db,6,unauthorised,"Unknown charge from your store, I never placed any order.",honest,,False,0
ALT00668,CUST01681,2841.63,410,5,0,delivered,otp,dev_d73d52ba,addr_824723c3,37,not_as_described,Item is not what the listing showed. Quality is poor.,honest,,False,0
ALT00669,CUST00958,5189.39,409,23,1,delivered,signed,dev_0219a9c7,addr_17172654,28,item_not_received,Order never arrived. Tracking shows delivered but nothing reached me.,honest,,False,1
ALT00670,CUST00183,1781.97,1487,44,1,delivered,otp,dev_93cd59bf,addr_328067a1,35,unauthorised,"Unknown charge from your store, I never placed any order.",honest,,False,1
ALT00671,CUST01574,3567.94,830,30,0,in_transit,otp,dev_9927839b,addr_d1e2b878,21,duplicate_charge,"Charged twice for the same order, please reverse one debit. Kindly help.",honest,,False,1
ALT00672,CUST00808,2987.58,1379,39,0,delivered,otp,dev_2c6710bd,addr_102f4f5c,16,item_not_received,Order never arrived. Tracking shows delivered but nothing reached me.,honest,,False,1
ALT00673,CUST01756,5376.98,677,19,1,delivered,none,dev_1d9ddb86,addr_1672380e,20,duplicate_charge,Duplicate debit of the same amount on the same day.,honest,,False,0
ALT00674,CUST00715,1766.97,211,9,2,delivered,otp,dev_4d20d6cf,addr_2f4187bc,4,item_not_received,Nothing was delivered to my address. Please refund the amount. This keeps happening.,opportunist,,False,0
ALT00675,CUST00251,3584.8,895,27,0,delivered,signed,dev_a847bce7,addr_11d059b2,20,duplicate_charge,Duplicate debit of the same amount on the same day.,honest,,False,1
ALT00676,CUST00423,1943.9,1049,28,0,delivered,none,dev_3a6a22d9,addr_cd40b648,34,duplicate_charge,"Charged twice for the same order, please reverse one debit.",honest,,False,0
ALT00677,CUST01551,2457.11,759,43,1,delivered,none,dev_a1d8507b,addr_82a4e22e,45,item_not_received,Nothing was delivered to my address. Please refund the amount.,honest,,False,1
ALT00678,CUST00428,869.72,1325,25,1,delivered,otp,dev_3eacdb28,addr_123cf911,1,item_not_received,I have not received this package even after 1 days.,honest,,False,1
ALT00679,CUST00751,649.34,328,21,1,delivered,signed,dev_3be8a5df,addr_ab286d09,6,not_as_described,"Received the wrong variant, this is not what I ordered.",honest,,False,1
ALT00680,CUST00490,950.81,641,16,1,delivered,otp,dev_0088b13a,addr_8c2b678e,8,not_as_described,"Received the wrong variant, this is not what I ordered.",honest,,False,1
ALT00681,CUST00504,354.11,1204,25,0,delivered,otp,dev_5c6ebf5a,addr_da92e740,9,item_not_received,I have not received this package even after 9 days.,honest,,False,1
ALT00682,CUST00372,8916.98,390,7,0,delivered,none,dev_850ef0ad,addr_5f5ba255,27,not_as_described,"Received the wrong variant, this is not what I ordered.",honest,,False,0
ALT00683,CUST00702,5210.05,503,10,0,lost,none,dev_f7e9101d,addr_4c80d33a,34,item_not_received,I have not received this package even after 34 days. The box was torn when I opened it. Kindly help.,honest,,True,0
ALT00684,CUST01398,5087.29,423,7,4,delivered,signed,dev_75566ff1,addr_fb5435ba,45,item_not_received,I have not received this package even after 45 days. This keeps happening.,opportunist,,False,1
ALT00685,CUST01786,1675.54,1177,29,0,in_transit,none,dev_30c9a2be,addr_ad3f5dd4,27,duplicate_charge,"Charged twice for the same order, please reverse one debit.",honest,,False,0
ALT00686,CUST00254,677.81,62,1,1,in_transit,otp,dev_ab24f74a,addr_1d480843,13,item_not_received,Order never arrived. Tracking shows delivered but nothing reached me. Refund immediately.,ring,dropship,False,0
ALT00687,CUST00438,545.34,1151,18,1,delivered,signed,dev_9b4e164b,addr_b7e6a14c,28,not_as_described,Product does not match the description on your site.,honest,,False,1
ALT00688,CUST00539,7162.63,754,24,1,delivered,otp,dev_3b048a8b,addr_b8a6171f,34,not_as_described,Product does not match the description on your site.,honest,,False,0
ALT00689,CUST01626,3566.44,319,42,0,delivered,signed,dev_bf7b539b,addr_0ea2622b,3,not_as_described,"Received the wrong variant, this is not what I ordered.",honest,,False,1
ALT00690,CUST00532,4209.46,787,31,0,delivered,none,dev_c4db5a62,addr_6b9cd71c,39,not_as_described,Product does not match the description on your site.,honest,,False,1
ALT00691,CUST00354,2804.59,707,25,1,delivered,otp,dev_9457f388,addr_014cc3a1,40,item_not_received,I have not received this package even after 40 days.,honest,,False,0
ALT00692,CUST00229,1163.43,1469,28,0,in_transit,otp,dev_d1ad3e51,addr_aee7c7a5,16,duplicate_charge,Duplicate debit of the same amount on the same day. Kindly help.,honest,,False,1
ALT00693,CUST00929,1739.63,931,10,1,delivered,otp,dev_a42d10f5,addr_47263c24,13,not_as_described,Product does not match the description on your site.,honest,,False,1
ALT00694,CUST01650,953.08,983,45,0,delivered,otp,dev_50d3ba03,addr_f49816ad,7,item_not_received,Nothing was delivered to my address. Please refund the amount.,honest,,False,1
ALT00695,CUST00415,864.33,1055,38,1,delivered,signed,dev_a78eb37c,addr_bba8a7e5,34,not_as_described,Product does not match the description on your site.,honest,,False,1
ALT00696,CUST00420,4820.19,683,32,0,delivered,signed,dev_24ef65a7,addr_2cd6e8df,33,unauthorised,I did not authorise this transaction on my card.,honest,,False,1
ALT00697,CUST00581,581.19,1375,19,0,in_transit,none,dev_2cd10b9f,addr_eb6d2fed,17,not_as_described,Item is not what the listing showed. Quality is poor. Kindly help.,honest,,False,0
ALT00698,CUST00017,958.04,1047,29,0,delivered,otp,dev_85671b58,addr_af70de70,23,item_not_received,Order never arrived. Tracking shows delivered but nothing reached me.,honest,,False,1
ALT00699,CUST01116,1824.5,481,10,1,delivered,signed,dev_afbffde4,addr_6ad65b8c,11,item_not_received,Order never arrived. Tracking shows delivered but nothing reached me. Kindly help.,honest,,False,1
ALT00700,CUST01735,2415.28,859,20,1,delivered,none,dev_7d4d2add,addr_6a0aa7d5,40,duplicate_charge,Duplicate debit of the same amount on the same day. Kindly help.,honest,,False,0
ALT00701,CUST00729,1844.38,338,5,4,delivered,signed,dev_363cbc32,addr_b142de87,18,item_not_received,Nothing was delivered to my address. Please refund the amount. It stopped working after two days of use.,opportunist,,True,1
ALT00702,CUST01157,710.58,1295,5,1,delivered,signed,dev_7a211151,addr_5fa72012,16,duplicate_charge,"Charged twice for the same order, please reverse one debit. Kindly help.",honest,,False,1
ALT00703,CUST00988,7243.08,519,5,1,in_transit,none,dev_4ba99d78,addr_e55ec749,41,item_not_received,I have not received this package even after 41 days. Kindly help.,honest,,False,0
ALT00704,CUST00953,2071.71,825,31,1,delivered,otp,dev_d862042e,addr_a27a2bda,10,not_as_described,"Received the wrong variant, this is not what I ordered. Kindly help.",honest,,False,1
ALT00705,CUST00833,3298.32,588,5,0,delivered,signed,dev_5fcf5c22,addr_be006ccb,32,item_not_received,Order never arrived. Tracking shows delivered but nothing reached me.,honest,,False,1
ALT00706,CUST00028,2485.76,50,1,1,delivered,none,dev_f53ca48b,addr_6e896265,14,unauthorised,I did not authorise this transaction on my card. Reverse this now.,ring,household,False,0
ALT00707,CUST01696,1734.8,964,49,0,delivered,signed,dev_82c56b21,addr_623ad0fc,34,item_not_received,Order never arrived. Tracking shows delivered but nothing reached me.,honest,,False,1
ALT00708,CUST00972,3105.76,1123,20,1,delivered,otp,dev_ab0e664e,addr_561e16d1,42,not_as_described,Item is not what the listing showed. Quality is poor.,honest,,False,1
ALT00709,CUST01595,5866.46,498,6,1,delivered,otp,dev_f9e38905,addr_3f91c419,16,unauthorised,"Unknown charge from your store, I never placed any order.",honest,,False,0
ALT00710,CUST00143,1709.97,983,33,1,delivered,signed,dev_602a4e57,addr_8a0f9508,38,duplicate_charge,"Charged twice for the same order, please reverse one debit.",honest,,False,1
ALT00711,CUST00952,4167.58,743,30,0,delivered,signed,dev_4ccc9bc2,addr_12922f83,32,item_not_received,Nothing was delivered to my address. Please refund the amount.,honest,,False,1
ALT00712,CUST00053,1217.18,1401,46,0,in_transit,none,dev_19404d24,addr_9e7776ae,30,item_not_received,"Nothing was delivered to my address. Please refund the amount. The size is wrong, I want to send it back.",honest,,True,0
ALT00713,CUST00328,10369.63,1174,41,0,delivered,signed,dev_8c53b74c,addr_4336ffe5,37,unauthorised,"I did not authorise this transaction on my card. The size is wrong, I want to send it back.",honest,,True,1
ALT00714,CUST00291,1092.29,338,7,1,delivered,signed,dev_60971a15,addr_a2ef0f53,21,unauthorised,"Unknown charge from your store, I never placed any order.",honest,,False,1
ALT00715,CUST01622,14607.51,1028,29,0,delivered,otp,dev_d0e656e5,addr_b69f5eab,36,not_as_described,"Received the wrong variant, this is not what I ordered.",honest,,False,1
ALT00716,CUST00931,771.13,676,11,1,delivered,signed,dev_47294739,addr_5d65a441,10,item_not_received,I have not received this package even after 10 days.,honest,,False,1
ALT00717,CUST00376,1634.36,581,17,1,delivered,signed,dev_b6646199,addr_0a2d36a6,10,not_as_described,Item is not what the listing showed. Quality is poor.,honest,,False,1
ALT00718,CUST01203,3247.07,1438,50,1,delivered,signed,dev_d90949aa,addr_9f8ceda5,43,duplicate_charge,Duplicate debit of the same amount on the same day.,honest,,False,1
ALT00719,CUST00624,6253.5,548,13,4,in_transit,none,dev_d3c6e5a0,addr_6c99ce56,31,not_as_described,Product does not match the description on your site.,opportunist,,False,0
ALT00720,CUST00426,8776.97,549,16,1,delivered,signed,dev_2263960a,addr_7c89617d,21,not_as_described,Item is not what the listing showed. Quality is poor.,honest,,False,1
ALT00721,CUST00963,7635.54,1251,42,1,delivered,otp,dev_04de78f8,addr_938f2b90,20,not_as_described,Product does not match the description on your site.,honest,,False,1
ALT00722,CUST00553,527.15,310,46,1,in_transit,otp,dev_48f9fd0d,addr_6f46a41f,45,not_as_described,Product does not match the description on your site. Kindly help.,honest,,False,0
ALT00723,CUST00718,3141.2,1359,16,0,delivered,signed,dev_b2165b5a,addr_40da9c7d,37,item_not_received,Nothing was delivered to my address. Please refund the amount. Kindly help.,honest,,False,1
ALT00724,CUST01723,1145.44,1264,26,0,delivered,otp,dev_11654cb3,addr_69479974,26,not_as_described,Product does not match the description on your site. Kindly help.,honest,,False,1
ALT00725,CUST01643,5064.07,1314,15,1,in_transit,otp,dev_a87d21ff,addr_3f9304fa,27,duplicate_charge,Two payments went out for a single purchase. Kindly help.,honest,,False,0
ALT00726,CUST00876,5644.53,1335,24,0,in_transit,none,dev_2260e70f,addr_8da01097,33,duplicate_charge,"Charged twice for the same order, please reverse one debit.",honest,,False,1
ALT00727,CUST00949,2856.3,438,13,0,delivered,signed,dev_f23e323d,addr_7e1ca5a1,34,item_not_received,I have not received this package even after 34 days.,honest,,False,1
ALT00728,CUST01046,1402.45,84,2,3,in_transit,none,dev_eab10bcf,addr_9268b5df,43,unauthorised,"Unknown charge from your store, I never placed any order.",ring,household,False,0
ALT00729,CUST01171,866.39,1109,27,1,delivered,signed,dev_ff86cc31,addr_f2a9dc8a,9,unauthorised,I did not authorise this transaction on my card. The box was torn when I opened it.,honest,,True,1
ALT00730,CUST01169,1206.4,1214,28,0,in_transit,none,dev_397bfdd7,addr_72e89652,13,unauthorised,I did not authorise this transaction on my card.,honest,,False,1
ALT00731,CUST00471,1158.42,702,35,1,delivered,signed,dev_2bd7d038,addr_441999b6,29,not_as_described,Product does not match the description on your site.,honest,,False,1
ALT00732,CUST00240,2272.05,534,30,1,delivered,none,dev_b1cbc263,addr_89310697,18,not_as_described,Item is not what the listing showed. Quality is poor.,honest,,False,1
ALT00733,CUST01463,5304.99,353,35,1,in_transit,otp,dev_b15516bc,addr_a65bb1f2,11,item_not_received,"Order never arrived. Tracking shows delivered but nothing reached me. The size is wrong, I want to send it back. Kindly help.",honest,,True,0
ALT00734,CUST01520,2421.79,207,44,1,delivered,signed,dev_03200c4e,addr_ceb557ac,1,duplicate_charge,"Charged twice for the same order, please reverse one debit.",honest,,False,1
ALT00735,CUST00124,815.08,1374,47,0,delivered,otp,dev_ec1b55dd,addr_0a42be3f,19,not_as_described,"Received the wrong variant, this is not what I ordered.",honest,,False,1
ALT00736,CUST01215,773.98,369,36,1,delivered,signed,dev_f94d8fcb,addr_eb4d8f42,37,not_as_described,Item is not what the listing showed. Quality is poor.,honest,,False,0
ALT00737,CUST00243,3986.82,254,47,1,delivered,signed,dev_6449cb6f,addr_a56b61e0,6,not_as_described,Product does not match the description on your site. Kindly help.,honest,,False,1
ALT00738,CUST01285,11551.39,765,17,0,delivered,signed,dev_f204be89,addr_f8999246,13,not_as_described,Product does not match the description on your site. Kindly help.,honest,,False,1
ALT00739,CUST01378,2396.99,483,37,1,in_transit,otp,dev_1c11f735,addr_a0a04dc4,37,duplicate_charge,Duplicate debit of the same amount on the same day. Kindly help.,honest,,False,0
ALT00740,CUST01265,1237.99,570,27,1,delivered,signed,dev_6c914882,addr_83a5f421,22,unauthorised,"Unknown charge from your store, I never placed any order.",honest,,False,1
ALT00741,CUST00983,951.38,228,21,0,lost,none,dev_ca0ee8c4,addr_81b13b80,3,not_as_described,Item is not what the listing showed. Quality is poor. Kindly help.,honest,,False,0
ALT00742,CUST01671,3770.65,1491,19,0,in_transit,none,dev_b509109b,addr_02571851,18,not_as_described,Item is not what the listing showed. Quality is poor.,honest,,False,1
ALT00743,CUST00243,8484.07,254,47,1,in_transit,none,dev_6449cb6f,addr_a56b61e0,16,unauthorised,I did not authorise this transaction on my card. Kindly help.,honest,,False,0
ALT00744,CUST01807,1701.45,478,10,0,delivered,signed,dev_2e07336d,addr_8269041a,42,not_as_described,Product does not match the description on your site.,honest,,False,1
ALT00745,CUST00675,1402.73,1372,43,1,delivered,otp,dev_f26d3dd3,addr_4e003d55,20,duplicate_charge,"Charged twice for the same order, please reverse one debit.",honest,,False,1
ALT00746,CUST01302,667.76,840,38,1,delivered,otp,dev_82b60c8e,addr_b01c337e,24,item_not_received,I have not received this package even after 24 days.,honest,,False,0
ALT00747,CUST00841,2349.71,86,16,1,delivered,signed,dev_97e1bc36,addr_f8ef32ee,39,duplicate_charge,Duplicate debit of the same amount on the same day. This keeps happening.,opportunist,,False,1
ALT00748,CUST00559,4285.82,1433,37,1,in_transit,none,dev_80051b10,addr_0b990034,10,not_as_described,Item is not what the listing showed. Quality is poor.,honest,,False,0
ALT00749,CUST01127,1168.17,424,11,0,delivered,none,dev_2049a289,addr_af374e8c,9,unauthorised,"Unknown charge from your store, I never placed any order. Kindly help.",honest,,False,0
ALT00750,CUST00311,1960.3,94,11,4,lost,none,dev_65f69897,addr_7458d92c,33,not_as_described,Item is not what the listing showed. Quality is poor.,opportunist,,False,0
ALT00751,CUST00800,2674.56,815,10,1,delivered,otp,dev_7b874b4a,addr_a46acc9a,5,not_as_described,"Received the wrong variant, this is not what I ordered. Kindly help.",honest,,False,0
ALT00752,CUST00665,4031.49,567,9,2,lost,none,dev_c9257285,addr_a30bd3b5,23,not_as_described,"Received the wrong variant, this is not what I ordered. I raised this before and got no response.",opportunist,,False,0
ALT00753,CUST00327,4980.06,347,32,0,lost,none,dev_670a858c,addr_1987e6d0,30,item_not_received,Order never arrived. Tracking shows delivered but nothing reached me. The colour is nothing like the photos. Kindly help.,honest,,True,0
ALT00754,CUST00193,1132.19,1407,19,0,lost,none,dev_d73e7bb9,addr_e1b41171,9,not_as_described,Item is not what the listing showed. Quality is poor. Kindly help.,honest,,False,0
ALT00755,CUST00237,712.27,389,46,1,delivered,none,dev_e6a7a6b0,addr_6c461d48,41,not_as_described,"Received the wrong variant, this is not what I ordered. Kindly help.",honest,,False,0
ALT00756,CUST00036,463.69,994,40,1,delivered,none,dev_8d536c75,addr_db4bb8eb,3,not_as_described,"Received the wrong variant, this is not what I ordered. Kindly help.",honest,,False,0
ALT00757,CUST00354,3400.89,707,25,1,delivered,signed,dev_9457f388,addr_014cc3a1,4,not_as_described,Item is not what the listing showed. Quality is poor. Kindly help.,honest,,False,1
ALT00758,CUST00496,3072.64,1426,40,0,delivered,otp,dev_27afbff9,addr_5dfb1922,12,item_not_received,Nothing was delivered to my address. Please refund the amount. Kindly help.,honest,,False,0
ALT00759,CUST01284,18380.57,1140,50,1,delivered,signed,dev_09b2eae6,addr_12c0620c,42,item_not_received,Order never arrived. Tracking shows delivered but nothing reached me.,honest,,False,1
ALT00760,CUST01506,2367.42,470,12,1,delivered,otp,dev_e09f6e24,addr_93d640cc,17,item_not_received,Nothing was delivered to my address. Please refund the amount.,opportunist,,False,1
ALT00761,CUST00295,2030.31,290,5,1,lost,none,dev_b79ee140,addr_39e9c6ef,15,not_as_described,"Received the wrong variant, this is not what I ordered.",opportunist,,False,0
ALT00762,CUST00219,2771.89,393,34,0,delivered,signed,dev_23c97a1e,addr_030f9be9,32,item_not_received,Nothing was delivered to my address. Please refund the amount.,honest,,False,1
ALT00763,CUST01007,2902.84,58,3,3,in_transit,none,dev_ab24f74a,addr_e6ace778,23,not_as_described,Item is not what the listing showed. Quality is poor. Refund immediately.,ring,dropship,False,0
ALT00764,CUST00839,1903.19,77,2,0,delivered,signed,dev_ca8b6e4c,addr_c2d031ad,7,not_as_described,"Received the wrong variant, this is not what I ordered. Reverse this now.",ring,dropship,False,1
ALT00765,CUST00375,1161.67,382,26,0,delivered,none,dev_5e24038e,addr_da73dae0,27,not_as_described,"Received the wrong variant, this is not what I ordered. Kindly help.",honest,,False,0
ALT00766,CUST01603,2261.89,916,16,1,delivered,signed,dev_5ac2a176,addr_19f145cc,5,item_not_received,I have not received this package even after 5 days. Kindly help.,honest,,False,1
ALT00767,CUST00905,2191.3,623,31,1,delivered,otp,dev_b20dcb6e,addr_6160a6b4,19,unauthorised,"Unknown charge from your store, I never placed any order.",honest,,False,0
ALT00768,CUST01184,2161.87,89,2,3,delivered,signed,dev_3f086a9e,addr_243191eb,27,item_not_received,Nothing was delivered to my address. Please refund the amount. Refund immediately.,ring,tight,False,1
ALT00769,CUST01025,4425.34,1145,23,1,delivered,none,dev_9acb394a,addr_df7d0dd7,9,duplicate_charge,Two payments went out for a single purchase.,honest,,False,0
ALT00770,CUST01662,2227.87,1369,37,0,in_transit,otp,dev_40767e21,addr_e272d7ca,20,item_not_received,"Nothing was delivered to my address. Please refund the amount. The size is wrong, I want to send it back. Kindly help.",honest,,True,1
ALT00771,CUST00312,724.11,1462,24,1,lost,none,dev_901bcdef,addr_044251db,22,item_not_received,I have not received this package even after 22 days. Kindly help.,honest,,False,0
ALT00772,CUST01511,1315.42,1363,13,0,in_transit,none,dev_61bba5fb,addr_8dca3908,17,item_not_received,Order never arrived. Tracking shows delivered but nothing reached me.,honest,,False,1
ALT00773,CUST01351,1883.85,1156,47,0,delivered,otp,dev_a3871e92,addr_52ca9ced,6,not_as_described,Item is not what the listing showed. Quality is poor. Kindly help.,honest,,False,1
ALT00774,CUST01454,2317.29,1042,24,1,delivered,otp,dev_bd03d33b,addr_301c6abf,6,not_as_described,"Received the wrong variant, this is not what I ordered.",honest,,False,0
ALT00775,CUST00005,3464.21,273,17,0,in_transit,otp,dev_97cb4585,addr_7d3e5830,28,duplicate_charge,Two payments went out for a single purchase.,honest,,False,1
ALT00776,CUST00690,2332.75,1303,35,1,delivered,otp,dev_6090d697,addr_eecf67d2,33,not_as_described,Product does not match the description on your site.,honest,,False,1
ALT00777,CUST01081,411.93,357,46,0,delivered,otp,dev_81cf3252,addr_e5582e16,2,not_as_described,"Received the wrong variant, this is not what I ordered.",honest,,False,1
ALT00778,CUST01773,789.78,292,17,1,in_transit,otp,dev_b67333e0,addr_df9107d5,23,item_not_received,Order never arrived. Tracking shows delivered but nothing reached me.,opportunist,,False,0
ALT00779,CUST00329,3677.32,413,15,0,in_transit,none,dev_8cca8963,addr_81338bdc,13,not_as_described,Item is not what the listing showed. Quality is poor. Kindly help.,honest,,False,0
ALT00780,CUST00381,1841.94,42,0,1,delivered,signed,dev_a4e60afd,addr_31c034f0,4,unauthorised,I did not authorise this transaction on my card.,ring,dropship,False,1
ALT00781,CUST01017,1992.74,440,19,3,delivered,otp,dev_78dc340b,addr_efaaf791,33,not_as_described,Item is not what the listing showed. Quality is poor.,opportunist,,False,0
ALT00782,CUST01431,7840.97,448,5,3,delivered,otp,dev_e987cfb2,addr_35e0edd6,38,not_as_described,Item is not what the listing showed. Quality is poor.,opportunist,,False,1
ALT00783,CUST01653,1367.72,473,11,1,delivered,none,dev_c714d549,addr_7ca9e68f,31,item_not_received,Order never arrived. Tracking shows delivered but nothing reached me. Kindly help.,honest,,False,1
ALT00784,CUST01016,1557.3,13,1,2,in_transit,none,dev_a4e60afd,addr_8e8ded45,30,unauthorised,I did not authorise this transaction on my card. Reverse this now.,ring,dropship,False,0
ALT00785,CUST00214,2855.73,385,37,0,in_transit,none,dev_8be15610,addr_64a0053f,10,unauthorised,"Unknown charge from your store, I never placed any order. Kindly help.",honest,,False,1
ALT00786,CUST01263,1294.99,962,47,0,lost,none,dev_e1b4b7ef,addr_10bc94d3,33,duplicate_charge,"Charged twice for the same order, please reverse one debit. Kindly help.",honest,,False,0
ALT00787,CUST01327,1681.96,189,11,3,delivered,none,dev_7b487db6,addr_4b589ceb,34,not_as_described,Product does not match the description on your site.,opportunist,,False,0
ALT00788,CUST00157,3201.57,1354,24,0,delivered,signed,dev_76c3e642,addr_3ec0a285,34,item_not_received,Order never arrived. Tracking shows delivered but nothing reached me.,honest,,False,1
ALT00789,CUST00340,1888.92,390,16,2,delivered,otp,dev_aa57c6e4,addr_25f5ed6f,34,unauthorised,I did not authorise this transaction on my card. This keeps happening.,opportunist,,False,0
ALT00790,CUST00464,6075.68,418,45,1,delivered,none,dev_7c8b7f1e,addr_3080bed6,2,item_not_received,Nothing was delivered to my address. Please refund the amount.,honest,,False,0
ALT00791,CUST01709,909.25,610,17,1,delivered,none,dev_1e1e5d91,addr_2639e214,38,not_as_described,"Received the wrong variant, this is not what I ordered.",honest,,False,0
ALT00792,CUST01004,1848.97,580,36,0,in_transit,none,dev_8e0ec033,addr_7d592e19,32,not_as_described,Item is not what the listing showed. Quality is poor.,honest,,False,0
ALT00793,CUST00916,1435.05,21,0,3,in_transit,none,dev_ca8b6e4c,addr_7a93ef0e,7,unauthorised,I did not authorise this transaction on my card. Refund immediately.,ring,dropship,False,0
ALT00794,CUST01120,816.16,901,36,1,delivered,otp,dev_c0079336,addr_cfdfc6f9,23,not_as_described,Product does not match the description on your site.,honest,,False,0
ALT00795,CUST00030,4660.36,1359,8,0,in_transit,otp,dev_65c227c0,addr_f8b6bdee,42,item_not_received,Order never arrived. Tracking shows delivered but nothing reached me.,honest,,False,1
ALT00796,CUST00436,4221.17,1277,41,0,in_transit,none,dev_13ab7d2c,addr_c4ac41b5,11,duplicate_charge,Two payments went out for a single purchase. Kindly help.,honest,,False,0
ALT00797,CUST00077,1583.15,1253,46,1,in_transit,none,dev_3625fc20,addr_2fd90ce1,43,not_as_described,Product does not match the description on your site.,honest,,False,0
ALT00798,CUST01734,2180.01,1124,9,0,delivered,signed,dev_4b7f2183,addr_51976e75,25,not_as_described,Product does not match the description on your site. Kindly help.,honest,,False,1
ALT00799,CUST00730,2422.41,904,18,1,delivered,otp,dev_2477f047,addr_2f1a25a8,37,item_not_received,Nothing was delivered to my address. Please refund the amount. Kindly help.,honest,,False,1
ALT00800,CUST01797,853.34,270,44,0,lost,none,dev_a5b40983,addr_7fb75c57,4,item_not_received,I have not received this package even after 4 days.,honest,,False,1
ALT00801,CUST00795,948.62,1257,39,0,delivered,otp,dev_436ae2bb,addr_498bcf67,13,item_not_received,Order never arrived. Tracking shows delivered but nothing reached me.,honest,,False,1
ALT00802,CUST01737,2151.03,1182,32,0,delivered,otp,dev_401ad5cd,addr_1b9b71f0,35,item_not_received,I have not received this package even after 35 days. Kindly help.,honest,,False,1
ALT00803,CUST01751,801.03,270,15,2,delivered,signed,dev_a8f0e3e0,addr_e84e9da0,20,item_not_received,Order never arrived. Tracking shows delivered but nothing reached me.,opportunist,,False,1
ALT00804,CUST00647,2134.37,1038,45,1,in_transit,none,dev_6a1d9731,addr_8e49d0f9,7,item_not_received,I have not received this package even after 7 days.,honest,,False,0
ALT00805,CUST01473,311.91,810,48,1,in_transit,otp,dev_243113fd,addr_0ab1a504,36,not_as_described,Product does not match the description on your site.,honest,,False,1
ALT00806,CUST00827,1512.92,831,30,1,in_transit,none,dev_a939ebd1,addr_8b4bd7e7,43,item_not_received,Order never arrived. Tracking shows delivered but nothing reached me.,honest,,False,0
ALT00807,CUST01126,2813.42,77,1,3,delivered,signed,dev_cd03a402,addr_6e896265,8,item_not_received,I have not received this package even after 8 days. Refund immediately.,ring,household,False,0
ALT00808,CUST00531,2633.4,536,21,1,in_transit,none,dev_ded255d0,addr_cde22f1c,33,item_not_received,Order never arrived. Tracking shows delivered but nothing reached me.,honest,,False,0
ALT00809,CUST00967,5831.2,321,6,0,delivered,signed,dev_eacf33a9,addr_c63ce21d,8,unauthorised,"This charge is not mine, my card was used without permission.",honest,,False,1
ALT00810,CUST00674,851.76,1172,38,1,in_transit,none,dev_c190b0cf,addr_16a48bfa,38,item_not_received,Nothing was delivered to my address. Please refund the amount.,honest,,False,0
ALT00811,CUST00699,2048.59,229,6,3,delivered,signed,dev_461aef63,addr_47543604,41,unauthorised,I did not authorise this transaction on my card. The colour is nothing like the photos. This keeps happening.,opportunist,,True,0
ALT00812,CUST00785,4832.64,843,46,1,delivered,signed,dev_1d0af7f7,addr_bc55300b,24,item_not_received,I have not received this package even after 24 days.,honest,,False,1
ALT00813,CUST00289,2793.53,715,17,0,delivered,signed,dev_178976de,addr_d5e0a664,30,item_not_received,Order never arrived. Tracking shows delivered but nothing reached me.,honest,,False,1
ALT00814,CUST00786,4357.15,848,41,0,in_transit,none,dev_70de13fc,addr_5ea2d56b,31,unauthorised,"This charge is not mine, my card was used without permission. Kindly help.",honest,,False,1
ALT00815,CUST01480,802.24,1492,45,1,in_transit,otp,dev_58e0058f,addr_8a27b0b0,14,item_not_received,I have not received this package even after 14 days. The colour is nothing like the photos. Kindly help.,honest,,True,0
ALT00816,CUST00032,2329.21,1032,7,1,in_transit,none,dev_ddcf5003,addr_f0c44ecb,19,duplicate_charge,Two payments went out for a single purchase. Kindly help.,honest,,False,0
ALT00817,CUST01733,1817.77,1239,10,1,delivered,otp,dev_b998e2d3,addr_4fbc0984,4,item_not_received,I have not received this package even after 4 days.,honest,,False,1
ALT00818,CUST01578,2384.0,281,3,3,in_transit,none,dev_9f1c9fd4,addr_ceb18cd3,26,not_as_described,Item is not what the listing showed. Quality is poor. This keeps happening.,opportunist,,False,0
ALT00819,CUST01057,1116.42,225,41,1,in_transit,none,dev_782a65e0,addr_70c2903f,29,duplicate_charge,Two payments went out for a single purchase.,honest,,False,0
ALT00820,CUST00278,6660.77,572,8,1,in_transit,otp,dev_610cf373,addr_362f5e5c,29,item_not_received,Nothing was delivered to my address. Please refund the amount.,honest,,False,1
ALT00821,CUST00294,3937.2,935,5,1,delivered,signed,dev_22f3f068,addr_d0b1fde0,14,unauthorised,"Unknown charge from your store, I never placed any order. Kindly help.",honest,,False,1
ALT00822,CUST00821,5908.47,426,12,2,delivered,otp,dev_059167e1,addr_567f3096,9,item_not_received,Nothing was delivered to my address. Please refund the amount. I raised this before and got no response.,opportunist,,False,1
ALT00823,CUST01243,2807.82,487,35,1,delivered,none,dev_d770a46e,addr_19bb5bf0,17,not_as_described,Product does not match the description on your site. Kindly help.,honest,,False,0
ALT00824,CUST00478,1209.94,50,0,3,delivered,otp,dev_3f086a9e,addr_243191eb,16,unauthorised,I did not authorise this transaction on my card. Reverse this now.,ring,tight,False,1
ALT00825,CUST01074,1788.28,565,18,1,lost,none,dev_fd81a925,addr_1e87c27e,10,not_as_described,"Received the wrong variant, this is not what I ordered. This keeps happening.",opportunist,,False,1
ALT00826,CUST01748,5149.43,484,33,1,in_transit,otp,dev_4dffc9aa,addr_1e5c5da8,28,not_as_described,Item is not what the listing showed. Quality is poor.,honest,,False,0
ALT00827,CUST00392,1160.64,1223,10,1,delivered,otp,dev_a008ac20,addr_0f4d6c40,4,not_as_described,Product does not match the description on your site. Kindly help.,honest,,False,1
ALT00828,CUST01805,1678.61,30,1,2,delivered,otp,dev_188a7f55,addr_5aeb90f6,11,not_as_described,Item is not what the listing showed. Quality is poor. Reverse this now.,ring,tight,False,1
ALT00829,CUST01442,1784.32,282,14,1,in_transit,none,dev_708c4f1a,addr_3565c8a2,34,item_not_received,Order never arrived. Tracking shows delivered but nothing reached me. I raised this before and got no response.,opportunist,,False,0
ALT00830,CUST01535,3253.56,478,35,0,in_transit,none,dev_a090360d,addr_55c9bf0f,14,not_as_described,Item is not what the listing showed. Quality is poor. Kindly help.,honest,,False,1
ALT00831,CUST00360,13908.45,1341,39,0,delivered,otp,dev_2f237c4d,addr_f90fb6e4,7,not_as_described,"Received the wrong variant, this is not what I ordered.",honest,,False,0
ALT00832,CUST01333,1277.95,1446,31,1,in_transit,none,dev_2edff02e,addr_fc7aa2dc,8,not_as_described,Item is not what the listing showed. Quality is poor.,honest,,False,0
ALT00833,CUST00336,4859.37,408,49,1,delivered,signed,dev_c85aca46,addr_5eddbbbf,35,not_as_described,Item is not what the listing showed. Quality is poor.,honest,,False,1
ALT00834,CUST00549,8096.59,359,50,1,in_transit,none,dev_98986758,addr_71f9b0e2,36,not_as_described,Item is not what the listing showed. Quality is poor.,honest,,False,0
ALT00835,CUST00359,3400.44,399,20,0,in_transit,otp,dev_637e4b01,addr_8a4a0e2d,28,item_not_received,Order never arrived. Tracking shows delivered but nothing reached me. Kindly help.,honest,,False,0
ALT00836,CUST01754,1619.37,864,8,1,in_transit,none,dev_5bc440f1,addr_6e417d47,12,item_not_received,Order never arrived. Tracking shows delivered but nothing reached me.,honest,,False,0
ALT00837,CUST00377,1082.11,875,31,1,delivered,signed,dev_f1f8343e,addr_8cd321b0,4,unauthorised,I did not authorise this transaction on my card.,honest,,False,1
ALT00838,CUST00951,908.61,1085,50,1,in_transit,none,dev_757e2b43,addr_33a2ca5f,14,unauthorised,"This charge is not mine, my card was used without permission.",honest,,False,0
ALT00839,CUST00912,415.13,712,10,1,in_transit,none,dev_a61f0b96,addr_0d41ee47,22,item_not_received,I have not received this package even after 22 days. Kindly help.,honest,,False,0
ALT00840,CUST00406,1829.75,248,13,4,delivered,signed,dev_3a4962d1,addr_b43d4bf9,17,not_as_described,Product does not match the description on your site.,opportunist,,False,0
ALT00841,CUST01746,1620.59,287,5,3,delivered,otp,dev_55d8a81a,addr_c6ec757f,18,item_not_received,Nothing was delivered to my address. Please refund the amount.,opportunist,,False,0
ALT00842,CUST01152,1939.61,336,6,1,delivered,signed,dev_13eb4358,addr_1b4142aa,17,duplicate_charge,Duplicate debit of the same amount on the same day. This keeps happening.,opportunist,,False,1
ALT00843,CUST01674,1745.35,1205,32,1,lost,none,dev_9a7fde23,addr_332ac35a,45,item_not_received,Order never arrived. Tracking shows delivered but nothing reached me.,honest,,False,0
ALT00844,CUST01435,1915.91,870,10,1,delivered,otp,dev_020a4497,addr_335f2f59,6,item_not_received,I have not received this package even after 6 days.,honest,,False,0
ALT00845,CUST00712,2807.9,153,14,1,delivered,signed,dev_a7742626,addr_3d43c4fe,28,unauthorised,"This charge is not mine, my card was used without permission. The size is wrong, I want to send it back. I raised this before and got no response.",opportunist,,True,1
ALT00846,CUST01322,3352.05,1421,14,1,delivered,signed,dev_c552f3c5,addr_3fac4317,36,duplicate_charge,Two payments went out for a single purchase.,honest,,False,1
ALT00847,CUST01204,4124.28,737,14,1,delivered,otp,dev_030974c0,addr_72e5e892,24,not_as_described,"Received the wrong variant, this is not what I ordered. Kindly help.",honest,,False,1
ALT00848,CUST00001,2575.68,696,7,0,delivered,otp,dev_30d73df7,addr_70e7e756,1,item_not_received,I have not received this package even after 1 days.,honest,,False,0
ALT00849,CUST01733,733.4,1239,10,1,in_transit,none,dev_b998e2d3,addr_4fbc0984,35,item_not_received,Nothing was delivered to my address. Please refund the amount. The colour is nothing like the photos. Kindly help.,honest,,True,0
ALT00850,CUST00095,3101.79,87,0,2,delivered,otp,dev_188a7f55,addr_5aeb90f6,20,duplicate_charge,Duplicate debit of the same amount on the same day.,ring,tight,False,0
ALT00851,CUST00572,1269.46,1114,5,1,delivered,otp,dev_35adde88,addr_b173fcdf,15,item_not_received,I have not received this package even after 15 days.,honest,,False,1
ALT00852,CUST00506,6326.74,1217,37,1,delivered,signed,dev_4cad66c5,addr_f82c6ad8,23,item_not_received,I have not received this package even after 23 days. It stopped working after two days of use.,honest,,True,1
ALT00853,CUST01747,2248.64,1373,14,1,lost,none,dev_f8751fd4,addr_544c0132,15,item_not_received,I have not received this package even after 15 days. Kindly help.,honest,,False,0
ALT00854,CUST01398,2709.83,423,7,4,in_transit,none,dev_75566ff1,addr_fb5435ba,26,item_not_received,Nothing was delivered to my address. Please refund the amount.,opportunist,,False,0
ALT00855,CUST01277,20159.49,88,2,3,delivered,otp,dev_ab24f74a,addr_b0b645da,11,item_not_received,I have not received this package even after 11 days.,ring,dropship,False,1
ALT00856,CUST01212,4189.52,501,35,1,delivered,signed,dev_9a73cd2f,addr_4a832ab5,23,not_as_described,Item is not what the listing showed. Quality is poor.,honest,,False,1
ALT00857,CUST01703,3053.32,1043,42,1,lost,none,dev_c96d525e,addr_8c68720e,18,item_not_received,I have not received this package even after 18 days. It stopped working after two days of use. Kindly help.,honest,,True,0
ALT00858,CUST00804,1963.16,335,24,0,delivered,none,dev_c12a34f4,addr_c8497436,9,not_as_described,Item is not what the listing showed. Quality is poor.,honest,,False,1
ALT00859,CUST00497,1654.19,487,3,4,lost,none,dev_68a650ce,addr_f998aaa1,5,not_as_described,"Received the wrong variant, this is not what I ordered.",opportunist,,False,0
ALT00860,CUST00134,1546.36,342,12,2,lost,none,dev_9cc41ca3,addr_cb9aefff,39,item_not_received,I have not received this package even after 39 days. I raised this before and got no response.,opportunist,,False,0
ALT00861,CUST01274,1850.79,175,16,3,lost,none,dev_2508f357,addr_fea95b73,9,item_not_received,I have not received this package even after 9 days. I raised this before and got no response.,opportunist,,False,0
ALT00862,CUST00475,780.04,692,14,1,in_transit,none,dev_d8186112,addr_6906d118,28,item_not_received,I have not received this package even after 28 days.,honest,,False,1
ALT00863,CUST00309,1947.75,578,20,3,delivered,otp,dev_89cb09aa,addr_13707fcb,17,duplicate_charge,Duplicate debit of the same amount on the same day.,opportunist,,False,1
ALT00864,CUST01271,1882.46,554,9,3,in_transit,otp,dev_18dd3aea,addr_b197603c,8,not_as_described,Item is not what the listing showed. Quality is poor. This keeps happening.,opportunist,,False,0
ALT00865,CUST01214,1568.58,171,10,2,delivered,otp,dev_4e2da257,addr_78ccd788,18,not_as_described,Item is not what the listing showed. Quality is poor.,opportunist,,False,1
ALT00866,CUST01444,9130.89,289,25,1,delivered,signed,dev_cfb87e6f,addr_fb16e5db,22,item_not_received,Order never arrived. Tracking shows delivered but nothing reached me.,honest,,False,1
ALT00867,CUST00429,3088.59,611,13,0,in_transit,none,dev_ca55e38b,addr_06ba8cd3,38,item_not_received,Order never arrived. Tracking shows delivered but nothing reached me. Kindly help.,honest,,False,0
ALT00868,CUST01723,6106.67,1264,26,0,delivered,none,dev_11654cb3,addr_69479974,38,not_as_described,Product does not match the description on your site.,honest,,False,0
ALT00869,CUST00534,1315.12,1301,49,1,in_transit,otp,dev_f0938776,addr_275c75dc,39,not_as_described,"Received the wrong variant, this is not what I ordered. Kindly help.",honest,,False,1
ALT00870,CUST01518,1133.24,912,12,0,delivered,signed,dev_fa8dae42,addr_d5b6de85,33,duplicate_charge,Duplicate debit of the same amount on the same day.,honest,,False,0
ALT00871,CUST01286,3831.6,465,44,1,in_transit,none,dev_a1c16b96,addr_9c02040d,35,item_not_received,Nothing was delivered to my address. Please refund the amount.,honest,,False,0
ALT00872,CUST00619,1038.6,716,13,1,in_transit,none,dev_41c7d9b3,addr_bdce4d4d,3,not_as_described,"Received the wrong variant, this is not what I ordered. Kindly help.",honest,,False,0
ALT00873,CUST00782,1522.58,298,15,1,in_transit,none,dev_63ba6c3d,addr_d9815a41,14,item_not_received,Nothing was delivered to my address. Please refund the amount. Kindly help.,honest,,False,0
ALT00874,CUST01143,9584.66,1409,32,0,in_transit,otp,dev_07a0ca6e,addr_37f8a88b,23,not_as_described,"Received the wrong variant, this is not what I ordered. Kindly help.",honest,,False,0
ALT00875,CUST00117,1572.32,584,5,3,delivered,otp,dev_bfcff645,addr_bf2c1fd1,19,not_as_described,Item is not what the listing showed. Quality is poor. This keeps happening.,opportunist,,False,0
ALT00876,CUST00683,661.42,218,7,2,delivered,otp,dev_9b81ce24,addr_3a58d606,34,item_not_received,I have not received this package even after 34 days. This keeps happening.,opportunist,,False,0
ALT00877,CUST00895,494.38,89,0,2,in_transit,none,dev_8d204cf6,addr_e7e399b8,26,unauthorised,"Unknown charge from your store, I never placed any order. Reverse this now.",ring,household,False,1
ALT00878,CUST00545,603.77,938,23,0,delivered,signed,dev_a6388854,addr_5893ef12,11,not_as_described,"Received the wrong variant, this is not what I ordered.",honest,,False,1
ALT00879,CUST01765,6458.78,488,11,4,in_transit,none,dev_5944a69c,addr_7c2ce385,24,unauthorised,"Unknown charge from your store, I never placed any order. The colour is nothing like the photos.",opportunist,,True,0
ALT00880,CUST00375,1381.49,382,26,0,in_transit,none,dev_5e24038e,addr_da73dae0,7,item_not_received,Nothing was delivered to my address. Please refund the amount. Kindly help.,honest,,False,0
ALT00881,CUST01301,19427.98,1352,24,0,delivered,otp,dev_fe716b14,addr_64f434d6,29,duplicate_charge,Duplicate debit of the same amount on the same day.,honest,,False,1
ALT00882,CUST00386,8191.02,604,20,1,delivered,signed,dev_3fbc75e0,addr_a2b6eddc,1,item_not_received,Order never arrived. Tracking shows delivered but nothing reached me. The colour is nothing like the photos.,honest,,True,1
ALT00883,CUST00178,12151.15,1031,40,0,delivered,otp,dev_4dcabfb7,addr_35ce8841,1,not_as_described,"Received the wrong variant, this is not what I ordered.",honest,,False,1
ALT00884,CUST01702,1914.69,370,7,1,delivered,signed,dev_42696d14,addr_e666a9b4,1,not_as_described,Item is not what the listing showed. Quality is poor. This keeps happening.,opportunist,,False,1
ALT00885,CUST00739,1298.45,382,42,0,delivered,signed,dev_82ab23a0,addr_d8feb8de,19,not_as_described,Item is not what the listing showed. Quality is poor. Kindly help.,honest,,False,1
ALT00886,CUST00474,1600.2,457,12,4,delivered,signed,dev_4295f5c9,addr_3cfc7050,37,unauthorised,I did not authorise this transaction on my card.,opportunist,,False,1
ALT00887,CUST00610,4463.43,1460,31,1,in_transit,none,dev_5edb0d3c,addr_71818dcf,38,item_not_received,Nothing was delivered to my address. Please refund the amount.,honest,,False,1
ALT00888,CUST00859,1910.93,1143,42,0,lost,none,dev_7b62659e,addr_420079f5,10,duplicate_charge,Two payments went out for a single purchase. Kindly help.,honest,,False,0
ALT00889,CUST00076,1502.31,46,1,3,delivered,signed,dev_3f086a9e,addr_243191eb,44,item_not_received,I have not received this package even after 44 days. Refund immediately.,ring,tight,False,1
ALT00890,CUST01782,2380.69,1464,9,0,delivered,signed,dev_ebc2026f,addr_ff574e2b,23,unauthorised,"I did not authorise this transaction on my card. The size is wrong, I want to send it back.",honest,,True,1
ALT00891,CUST00409,7753.51,656,34,1,delivered,signed,dev_a83c1c2b,addr_b7461b72,43,unauthorised,"Unknown charge from your store, I never placed any order.",honest,,False,1
ALT00892,CUST00421,1200.75,1272,13,1,lost,none,dev_eac7dc2e,addr_51476e86,27,duplicate_charge,"Charged twice for the same order, please reverse one debit. Kindly help.",honest,,False,0
ALT00893,CUST01623,451.89,1174,49,0,delivered,signed,dev_34c6ea9b,addr_a3cb9e18,28,item_not_received,Nothing was delivered to my address. Please refund the amount.,honest,,False,1
ALT00894,CUST00796,7993.89,426,41,1,delivered,none,dev_82ff1f2e,addr_3b2d520b,13,item_not_received,I have not received this package even after 13 days. Kindly help.,honest,,False,0
ALT00895,CUST00795,3775.13,1257,39,0,delivered,otp,dev_436ae2bb,addr_498bcf67,3,not_as_described,Product does not match the description on your site.,honest,,False,0
ALT00896,CUST01618,924.67,1355,8,0,delivered,signed,dev_aadf3692,addr_8a9c66f7,3,not_as_described,"Received the wrong variant, this is not what I ordered.",honest,,False,1
ALT00897,CUST00969,10678.4,1164,31,1,delivered,signed,dev_b7a69c32,addr_d1fb55b1,29,not_as_described,Item is not what the listing showed. Quality is poor.,honest,,False,1
ALT00898,CUST01269,1821.63,1156,8,0,delivered,signed,dev_0f844fef,addr_ba6c34ab,12,item_not_received,I have not received this package even after 12 days. The colour is nothing like the photos.,honest,,True,1
ALT00899,CUST00630,1889.67,244,16,2,delivered,signed,dev_48f368ba,addr_7b0c036b,11,unauthorised,"Unknown charge from your store, I never placed any order. I raised this before and got no response.",opportunist,,False,1
ALT00900,CUST01172,976.99,1467,28,0,delivered,otp,dev_35469cb1,addr_0d95ee72,11,duplicate_charge,Two payments went out for a single purchase. Kindly help.,honest,,False,1
ALT00901,CUST00757,761.02,573,7,3,in_transit,none,dev_157ef914,addr_9bc88efe,9,item_not_received,Nothing was delivered to my address. Please refund the amount. I raised this before and got no response.,opportunist,,False,0
ALT00902,CUST00354,2970.09,707,25,1,delivered,signed,dev_9457f388,addr_014cc3a1,5,unauthorised,"Unknown charge from your store, I never placed any order.",honest,,False,1
ALT00903,CUST00465,1410.06,77,0,0,delivered,signed,dev_b87189e1,addr_e92af09b,31,unauthorised,I did not authorise this transaction on my card.,ring,dropship,False,1
ALT00904,CUST00800,4254.46,815,10,1,in_transit,none,dev_7b874b4a,addr_a46acc9a,38,item_not_received,Nothing was delivered to my address. Please refund the amount.,honest,,False,0
ALT00905,CUST00976,5313.57,987,35,0,delivered,signed,dev_3cb98350,addr_92698698,20,not_as_described,Product does not match the description on your site. Kindly help.,honest,,False,1
ALT00906,CUST00840,1871.13,1106,44,1,in_transit,none,dev_8c41561b,addr_e5af6e39,30,item_not_received,I have not received this package even after 30 days.,honest,,False,0
ALT00907,CUST00936,1875.64,1286,32,0,delivered,otp,dev_42a9f7e5,addr_50326fe6,29,item_not_received,I have not received this package even after 29 days.,honest,,False,1
ALT00908,CUST00848,7200.64,1355,12,0,in_transit,otp,dev_89628f6e,addr_2a1f1b61,9,not_as_described,Item is not what the listing showed. Quality is poor.,honest,,False,1
ALT00909,CUST01133,1648.17,219,19,3,lost,none,dev_85f970f7,addr_8675ec71,5,duplicate_charge,Duplicate debit of the same amount on the same day. I raised this before and got no response.,opportunist,,False,0
ALT00910,CUST01672,2157.3,664,35,1,delivered,otp,dev_f8815f18,addr_0c1d180e,4,item_not_received,Nothing was delivered to my address. Please refund the amount.,honest,,False,1
ALT00911,CUST01181,9960.81,1135,41,0,in_transit,none,dev_8f0d5540,addr_0592bfa5,34,item_not_received,Nothing was delivered to my address. Please refund the amount.,honest,,False,0
ALT00912,CUST01330,1323.61,1483,20,0,in_transit,otp,dev_58274e80,addr_21019bff,25,duplicate_charge,Two payments went out for a single purchase.,honest,,False,0
ALT00913,CUST00744,3289.39,54,1,2,delivered,none,dev_51ffdef6,addr_b6caf840,3,item_not_received,I have not received this package even after 3 days. Refund immediately.,ring,tight,False,1
ALT00914,CUST00870,4235.13,933,13,1,delivered,signed,dev_e60ec813,addr_b271115b,31,item_not_received,Order never arrived. Tracking shows delivered but nothing reached me.,honest,,False,0
ALT00915,CUST00964,6266.0,660,39,1,in_transit,none,dev_c4134dc2,addr_1d3ca5a4,8,duplicate_charge,"Charged twice for the same order, please reverse one debit. Kindly help.",honest,,False,1
ALT00916,CUST00375,2028.13,382,26,0,delivered,none,dev_5e24038e,addr_da73dae0,37,not_as_described,Item is not what the listing showed. Quality is poor. Kindly help.,honest,,False,1
ALT00917,CUST00033,1857.3,23,2,0,in_transit,none,dev_a4e60afd,addr_10ac72bd,42,unauthorised,I did not authorise this transaction on my card. Reverse this now.,ring,dropship,False,0
ALT00918,CUST01556,1821.64,315,17,1,delivered,otp,dev_4024c424,addr_d6e1ba00,25,unauthorised,"Unknown charge from your store, I never placed any order.",honest,,False,1
ALT00919,CUST00418,3017.73,52,2,1,delivered,otp,dev_6af01106,addr_64907a63,45,unauthorised,"This charge is not mine, my card was used without permission.",ring,dropship,False,0
ALT00920,CUST01519,7854.06,19,0,2,in_transit,none,dev_f0d1fa72,addr_4a9b37f0,41,unauthorised,"Unknown charge from your store, I never placed any order. Reverse this now.",ring,tight,False,0
ALT00921,CUST00619,1753.81,716,13,1,delivered,signed,dev_41c7d9b3,addr_bdce4d4d,30,item_not_received,Nothing was delivered to my address. Please refund the amount. The box was torn when I opened it. Kindly help.,honest,,True,1
ALT00922,CUST01770,281.29,458,3,2,delivered,otp,dev_9dd3c15a,addr_bbae2fbd,26,item_not_received,I have not received this package even after 26 days.,opportunist,,False,1
ALT00923,CUST01183,1970.81,486,20,2,lost,none,dev_4d126ab1,addr_2ef17a90,1,not_as_described,Product does not match the description on your site. This keeps happening.,opportunist,,False,0
ALT00924,CUST00164,4681.8,1335,10,1,delivered,otp,dev_dd1ca267,addr_0328c136,11,not_as_described,Item is not what the listing showed. Quality is poor. Kindly help.,honest,,False,1
ALT00925,CUST00315,2724.43,280,23,1,delivered,signed,dev_500d92a7,addr_bd10f87c,14,duplicate_charge,Two payments went out for a single purchase.,honest,,False,1
ALT00926,CUST00937,1914.4,511,11,3,in_transit,none,dev_190a40d6,addr_307fc576,35,duplicate_charge,Two payments went out for a single purchase.,opportunist,,False,0
ALT00927,CUST00829,2378.51,472,46,0,delivered,signed,dev_9033da65,addr_2a038ad4,45,item_not_received,Order never arrived. Tracking shows delivered but nothing reached me. Kindly help.,honest,,False,1
ALT00928,CUST01579,585.13,1323,34,0,in_transit,otp,dev_e57b084d,addr_f47e3ca0,21,item_not_received,Order never arrived. Tracking shows delivered but nothing reached me.,honest,,False,0
ALT00929,CUST00734,1408.53,907,30,0,in_transit,none,dev_c2baf0e0,addr_1b2ededb,27,not_as_described,Item is not what the listing showed. Quality is poor.,honest,,False,0
ALT00930,CUST01226,4337.81,1489,22,0,delivered,otp,dev_e2c6093e,addr_109b851a,29,unauthorised,"This charge is not mine, my card was used without permission. Kindly help.",honest,,False,1
ALT00931,CUST01086,760.41,275,17,0,delivered,none,dev_45d07382,addr_0775d778,33,item_not_received,Nothing was delivered to my address. Please refund the amount.,honest,,False,0
ALT00932,CUST01662,3282.84,1369,37,0,delivered,signed,dev_40767e21,addr_e272d7ca,44,duplicate_charge,Two payments went out for a single purchase. Kindly help.,honest,,False,1
ALT00933,CUST01103,2142.45,1212,30,0,delivered,otp,dev_b00805cc,addr_e2add909,1,duplicate_charge,Duplicate debit of the same amount on the same day.,honest,,False,1
ALT00934,CUST01312,1182.75,10,1,0,delivered,signed,dev_f2602a26,addr_8af41753,42,item_not_received,Order never arrived. Tracking shows delivered but nothing reached me. Refund immediately.,ring,tight,False,1
ALT00935,CUST01332,1109.08,296,6,2,in_transit,none,dev_8116fd6c,addr_17df85b3,38,unauthorised,"Unknown charge from your store, I never placed any order.",opportunist,,False,0
ALT00936,CUST00672,931.27,238,15,4,delivered,none,dev_ec20d201,addr_9ca5b74f,8,unauthorised,"This charge is not mine, my card was used without permission. This keeps happening.",opportunist,,False,0
ALT00937,CUST00611,2327.22,1362,41,0,delivered,none,dev_4f1e1a37,addr_7d8d3ddd,33,item_not_received,Nothing was delivered to my address. Please refund the amount. Kindly help.,honest,,False,0
ALT00938,CUST01773,1582.64,292,17,1,in_transit,otp,dev_b67333e0,addr_df9107d5,30,item_not_received,Nothing was delivered to my address. Please refund the amount.,opportunist,,False,1
ALT00939,CUST01333,3048.97,1446,31,1,in_transit,otp,dev_2edff02e,addr_fc7aa2dc,20,not_as_described,Item is not what the listing showed. Quality is poor. Kindly help.,honest,,False,1
ALT00940,CUST01742,10298.76,1112,29,1,delivered,signed,dev_99afee64,addr_2fb50401,38,not_as_described,Product does not match the description on your site.,honest,,False,1
ALT00941,CUST01313,1795.58,484,4,1,delivered,otp,dev_06b81c8a,addr_5145c6f8,27,item_not_received,Nothing was delivered to my address. Please refund the amount. This keeps happening.,opportunist,,False,1
ALT00942,CUST00788,1778.18,218,6,3,in_transit,none,dev_6035d9af,addr_7743c104,31,item_not_received,Order never arrived. Tracking shows delivered but nothing reached me.,opportunist,,False,0
ALT00943,CUST00491,1508.51,846,12,0,delivered,otp,dev_3108d448,addr_bd1531c8,12,not_as_described,Item is not what the listing showed. Quality is poor. Kindly help.,honest,,False,1
ALT00944,CUST01807,12191.67,478,10,0,delivered,signed,dev_2e07336d,addr_8269041a,39,item_not_received,Nothing was delivered to my address. Please refund the amount.,honest,,False,1
ALT00945,CUST00684,1206.95,390,16,2,in_transit,otp,dev_5b952506,addr_5f25210e,44,duplicate_charge,"Charged twice for the same order, please reverse one debit.",opportunist,,False,0
ALT00946,CUST00365,2351.26,888,32,1,delivered,otp,dev_0d394b57,addr_1c2c8fb1,43,unauthorised,"Unknown charge from your store, I never placed any order.",honest,,False,0
ALT00947,CUST00440,1273.91,243,23,0,delivered,signed,dev_101d759e,addr_a50939f1,10,item_not_received,I have not received this package even after 10 days.,honest,,False,1
ALT00948,CUST00018,2100.54,576,6,0,delivered,none,dev_ba4f4b03,addr_a97a4f4e,26,not_as_described,Item is not what the listing showed. Quality is poor. Kindly help.,honest,,False,1
ALT00949,CUST00771,1921.39,391,14,4,delivered,signed,dev_114c440d,addr_28bfffdd,19,item_not_received,Order never arrived. Tracking shows delivered but nothing reached me. I raised this before and got no response.,opportunist,,False,1
ALT00950,CUST00726,1465.08,475,10,1,delivered,otp,dev_5a00d0f2,addr_957e8c66,6,item_not_received,I have not received this package even after 6 days.,honest,,False,0
ALT00951,CUST01391,982.08,880,16,1,delivered,signed,dev_aa97435d,addr_5bf86f3c,45,not_as_described,Product does not match the description on your site. Kindly help.,honest,,False,1
ALT00952,CUST00300,2906.25,492,14,1,delivered,none,dev_e4edc295,addr_e39940dd,32,not_as_described,Product does not match the description on your site.,honest,,False,0
ALT00953,CUST00566,1782.01,943,24,0,lost,none,dev_0ed42f1a,addr_f26b4776,10,not_as_described,Item is not what the listing showed. Quality is poor.,honest,,False,0
ALT00954,CUST00876,1723.24,1335,24,0,delivered,signed,dev_2260e70f,addr_8da01097,40,not_as_described,"Received the wrong variant, this is not what I ordered. Kindly help.",honest,,False,0
ALT00955,CUST00150,584.81,30,3,3,delivered,otp,dev_636dfeba,addr_04eb1694,32,unauthorised,I did not authorise this transaction on my card. Reverse this now.,ring,household,False,0
ALT00956,CUST00103,4678.08,1064,27,0,lost,none,dev_f9fc9c3f,addr_1182e8e7,34,item_not_received,I have not received this package even after 34 days. Kindly help.,honest,,False,0
ALT00957,CUST01269,2066.97,1156,8,0,delivered,signed,dev_0f844fef,addr_ba6c34ab,30,not_as_described,Item is not what the listing showed. Quality is poor.,honest,,False,1
ALT00958,CUST00706,2846.77,373,42,0,delivered,none,dev_8163b6ce,addr_64f434d6,39,duplicate_charge,Duplicate debit of the same amount on the same day. Kindly help.,honest,,False,0
ALT00959,CUST01235,1165.58,454,17,2,in_transit,none,dev_c7af75de,addr_11925880,16,unauthorised,"This charge is not mine, my card was used without permission. This keeps happening.",opportunist,,False,0
ALT00960,CUST01054,2431.54,201,18,2,delivered,otp,dev_0b53d4e6,addr_56ef26a3,24,not_as_described,Item is not what the listing showed. Quality is poor. I raised this before and got no response.,opportunist,,False,1
ALT00961,CUST00248,650.32,799,46,1,in_transit,otp,dev_50c1b8f7,addr_88145bde,17,item_not_received,Nothing was delivered to my address. Please refund the amount.,honest,,False,0
ALT00962,CUST01245,10854.15,1097,23,0,in_transit,none,dev_7fd255ee,addr_a2224f96,13,item_not_received,Nothing was delivered to my address. Please refund the amount.,honest,,False,0
ALT00963,CUST00316,5530.54,809,30,0,lost,none,dev_6a40e5cc,addr_6e9c92ba,2,not_as_described,Item is not what the listing showed. Quality is poor.,honest,,False,0
ALT00964,CUST00609,2339.46,1079,18,1,delivered,none,dev_44bed486,addr_d40e53ce,26,not_as_described,Product does not match the description on your site. Kindly help.,honest,,False,1
ALT00965,CUST01529,4559.0,1132,37,1,lost,none,dev_0e3141ec,addr_2ab8bd33,20,duplicate_charge,"Charged twice for the same order, please reverse one debit.",honest,,False,0
ALT00966,CUST01497,1277.91,468,38,0,lost,none,dev_075072d6,addr_a9de5b26,20,item_not_received,"Nothing was delivered to my address. Please refund the amount. The size is wrong, I want to send it back.",honest,,True,0
ALT00967,CUST00311,5300.02,94,11,4,lost,none,dev_65f69897,addr_2c7c4106,31,unauthorised,"This charge is not mine, my card was used without permission. This keeps happening.",opportunist,,False,0
ALT00968,CUST00670,1661.44,557,34,0,in_transit,none,dev_75c72fb6,addr_b0701a53,11,not_as_described,"Received the wrong variant, this is not what I ordered.",honest,,False,0
ALT00969,CUST00674,1566.97,1172,38,1,delivered,otp,dev_c190b0cf,addr_16a48bfa,34,item_not_received,Order never arrived. Tracking shows delivered but nothing reached me.,honest,,False,0
ALT00970,CUST01167,980.58,1265,39,1,lost,none,dev_36b74e27,addr_a2bc491e,28,duplicate_charge,Duplicate debit of the same amount on the same day.,honest,,False,0
ALT00971,CUST01144,3165.48,1443,17,0,lost,none,dev_08207d4e,addr_164b85f0,37,not_as_described,Product does not match the description on your site.,honest,,False,0
ALT00972,CUST00823,2254.28,1321,38,1,delivered,none,dev_b3bc912f,addr_2a061609,43,item_not_received,I have not received this package even after 43 days. Kindly help.,honest,,False,0
ALT00973,CUST00836,7334.82,1056,40,1,delivered,none,dev_5db2f6ce,addr_6fa5f03f,22,not_as_described,Item is not what the listing showed. Quality is poor. Kindly help.,honest,,False,0
ALT00974,CUST01500,895.13,365,46,0,delivered,otp,dev_17efa621,addr_61177270,1,unauthorised,"This charge is not mine, my card was used without permission.",honest,,False,0
ALT00975,CUST00246,3178.17,555,5,1,in_transit,none,dev_a76c11cb,addr_03113626,5,item_not_received,Nothing was delivered to my address. Please refund the amount. Kindly help.,honest,,False,0
ALT00976,CUST00646,6058.87,238,36,0,in_transit,none,dev_63f6bf77,addr_c55fa445,4,item_not_received,Order never arrived. Tracking shows delivered but nothing reached me. Kindly help.,honest,,False,0
ALT00977,CUST00347,19952.89,1091,17,0,delivered,none,dev_4204d733,addr_1127b207,15,item_not_received,Order never arrived. Tracking shows delivered but nothing reached me.,honest,,False,0
ALT00978,CUST01423,2605.1,514,17,1,in_transit,otp,dev_709de505,addr_5bd55037,40,not_as_described,Product does not match the description on your site.,opportunist,,False,1
ALT00979,CUST01056,1635.67,394,43,1,delivered,signed,dev_b241b95b,addr_b197aed1,20,item_not_received,I have not received this package even after 20 days.,honest,,False,1
ALT00980,CUST01733,2548.33,1239,10,1,delivered,otp,dev_b998e2d3,addr_4fbc0984,18,item_not_received,I have not received this package even after 18 days. Kindly help.,honest,,False,1
ALT00981,CUST01094,6767.98,651,9,1,in_transit,otp,dev_95c89b2d,addr_6f94da50,9,not_as_described,"Received the wrong variant, this is not what I ordered.",honest,,False,1
ALT00982,CUST00010,6765.2,289,15,1,delivered,otp,dev_266c47fb,addr_de6ae459,39,item_not_received,Nothing was delivered to my address. Please refund the amount. The box was torn when I opened it. Kindly help.,honest,,True,1
ALT00983,CUST01141,1619.21,541,6,2,in_transit,none,dev_de94da10,addr_12b1178b,6,duplicate_charge,Duplicate debit of the same amount on the same day. This keeps happening.,opportunist,,False,0
ALT00984,CUST00710,1997.48,1267,45,1,delivered,signed,dev_2c816bf0,addr_a75743f9,17,item_not_received,Nothing was delivered to my address. Please refund the amount. It stopped working after two days of use. Kindly help.,honest,,True,1
ALT00985,CUST00002,1445.76,1022,15,1,delivered,otp,dev_0fbc6377,addr_c25a6eb3,7,item_not_received,I have not received this package even after 7 days.,honest,,False,1
ALT00986,CUST01471,5134.74,1014,19,0,in_transit,none,dev_35ba5e93,addr_d07c5e53,24,not_as_described,Product does not match the description on your site. Kindly help.,honest,,False,0
ALT00987,CUST00239,1365.82,1234,12,0,lost,none,dev_d7720330,addr_81eb7abb,32,item_not_received,Order never arrived. Tracking shows delivered but nothing reached me.,honest,,False,0
ALT00988,CUST00023,1557.59,1223,48,1,delivered,none,dev_488c6ea4,addr_51f4a724,20,unauthorised,I did not authorise this transaction on my card. Kindly help.,honest,,False,0
ALT00989,CUST00565,4226.17,1467,39,0,lost,none,dev_8591a818,addr_c0249b51,16,duplicate_charge,"Charged twice for the same order, please reverse one debit.",honest,,False,0
ALT00990,CUST01647,6428.53,426,11,0,delivered,otp,dev_f013a170,addr_08018e83,26,not_as_described,Product does not match the description on your site. Kindly help.,honest,,False,1
ALT00991,CUST00081,2023.19,868,6,1,delivered,signed,dev_735741e5,addr_3a67470c,36,unauthorised,"Unknown charge from your store, I never placed any order. Kindly help.",honest,,False,0
ALT00992,CUST01523,6256.41,817,35,0,delivered,signed,dev_27571245,addr_20b99830,10,not_as_described,"Received the wrong variant, this is not what I ordered.",honest,,False,1
ALT00993,CUST01245,3030.76,1097,23,0,delivered,signed,dev_7fd255ee,addr_a2224f96,19,duplicate_charge,Duplicate debit of the same amount on the same day. Kindly help.,honest,,False,1
ALT00994,CUST00423,1128.27,1049,28,0,in_transit,none,dev_3a6a22d9,addr_cd40b648,22,unauthorised,I did not authorise this transaction on my card.,honest,,False,0
ALT00995,CUST00388,1569.08,1028,15,1,delivered,otp,dev_eb67146a,addr_88bc539c,2,item_not_received,I have not received this package even after 2 days.,honest,,False,0
ALT00996,CUST00087,3448.26,1048,7,0,delivered,none,dev_735444fb,addr_7fb33be5,3,not_as_described,Item is not what the listing showed. Quality is poor. Kindly help.,honest,,False,0
ALT00997,CUST01465,7111.63,1179,38,1,delivered,otp,dev_2c55aef7,addr_b17cfb21,45,item_not_received,Order never arrived. Tracking shows delivered but nothing reached me.,honest,,False,1
ALT00998,CUST00188,5222.15,363,25,1,delivered,none,dev_4e76833a,addr_6d15f16f,25,item_not_received,I have not received this package even after 25 days. Kindly help.,honest,,False,0
ALT00999,CUST00564,5294.27,162,8,2,delivered,otp,dev_9c130aa7,addr_47469fb7,26,item_not_received,Nothing was delivered to my address. Please refund the amount. This keeps happening.,opportunist,,False,0
ALT01000,CUST00825,721.09,74,1,2,delivered,none,dev_3f086a9e,addr_243191eb,44,unauthorised,I did not authorise this transaction on my card. Refund immediately.,ring,tight,False,0
ALT01001,CUST00462,1638.98,167,14,1,delivered,otp,dev_28a3df6e,addr_19a7361b,31,item_not_received,Nothing was delivered to my address. Please refund the amount. This keeps happening.,opportunist,,False,0
ALT01002,CUST01617,3787.7,224,48,0,delivered,otp,dev_19ca9c1b,addr_dca1adcc,9,duplicate_charge,"Charged twice for the same order, please reverse one debit.",honest,,False,1
ALT01003,CUST01537,5671.7,1292,19,0,delivered,signed,dev_bf2b43b4,addr_a250d133,40,item_not_received,Nothing was delivered to my address. Please refund the amount.,honest,,False,1
ALT01004,CUST00862,3911.54,208,13,1,in_transit,none,dev_02774ef3,addr_5430c8c3,25,not_as_described,"Received the wrong variant, this is not what I ordered.",opportunist,,False,0
ALT01005,CUST00508,11102.21,943,26,1,in_transit,otp,dev_cc501bea,addr_460db751,45,not_as_described,Item is not what the listing showed. Quality is poor.,honest,,False,1
ALT01006,CUST00475,5659.09,692,14,1,lost,none,dev_d8186112,addr_6906d118,25,item_not_received,Order never arrived. Tracking shows delivered but nothing reached me. The colour is nothing like the photos.,honest,,True,0
ALT01007,CUST00995,1993.56,289,23,0,in_transit,none,dev_189099c9,addr_88802d4d,1,duplicate_charge,Two payments went out for a single purchase. Kindly help.,honest,,False,0
ALT01008,CUST00821,1716.55,426,12,2,delivered,none,dev_059167e1,addr_663ab809,16,item_not_received,I have not received this package even after 16 days. The box was torn when I opened it.,opportunist,,True,0
ALT01009,CUST01496,1882.95,537,29,0,delivered,otp,dev_fc3d3348,addr_747b6dba,28,not_as_described,Item is not what the listing showed. Quality is poor. Kindly help.,honest,,False,1
ALT01010,CUST01116,991.1,481,10,1,delivered,signed,dev_afbffde4,addr_6ad65b8c,3,item_not_received,Order never arrived. Tracking shows delivered but nothing reached me. Kindly help.,honest,,False,1
ALT01011,CUST00485,1828.81,1500,38,0,delivered,signed,dev_4eee5680,addr_0131c601,39,item_not_received,Nothing was delivered to my address. Please refund the amount.,honest,,False,1
ALT01012,CUST01571,3160.33,183,19,1,lost,none,dev_3f48e5f0,addr_79472ea4,37,unauthorised,I did not authorise this transaction on my card. This keeps happening.,opportunist,,False,0
ALT01013,CUST01329,1857.59,223,8,3,in_transit,none,dev_0413d049,addr_94f3ea1b,3,duplicate_charge,"Charged twice for the same order, please reverse one debit.",opportunist,,False,0
ALT01014,CUST01767,4138.09,1209,9,1,lost,none,dev_94c0b9e0,addr_90c97f00,32,item_not_received,I have not received this package even after 32 days.,honest,,False,1
ALT01015,CUST01290,1642.37,526,16,4,delivered,signed,dev_5a0ae917,addr_ed2532e5,36,item_not_received,Order never arrived. Tracking shows delivered but nothing reached me. This keeps happening.,opportunist,,False,0
ALT01016,CUST00185,3725.89,1330,9,0,delivered,signed,dev_00af5b3a,addr_980402a2,36,not_as_described,"Received the wrong variant, this is not what I ordered. Kindly help.",honest,,False,1
ALT01017,CUST00717,4700.21,1466,48,1,delivered,signed,dev_83d1677a,addr_a904babd,19,unauthorised,"This charge is not mine, my card was used without permission.",honest,,False,1
ALT01018,CUST01775,1411.29,291,20,0,delivered,otp,dev_30259856,addr_d527189b,8,not_as_described,Product does not match the description on your site.,honest,,False,0
ALT01019,CUST00107,2947.13,882,10,0,delivered,signed,dev_eaafe543,addr_a981b098,27,item_not_received,Order never arrived. Tracking shows delivered but nothing reached me. It stopped working after two days of use. Kindly help.,honest,,True,1
ALT01020,CUST00866,1275.5,460,16,0,delivered,signed,dev_084a3c4b,addr_9a3624d6,41,not_as_described,"Received the wrong variant, this is not what I ordered.",honest,,False,1
ALT01021,CUST00032,444.78,1032,7,1,delivered,signed,dev_ddcf5003,addr_f0c44ecb,24,duplicate_charge,"Charged twice for the same order, please reverse one debit.",honest,,False,1
ALT01022,CUST00766,1716.72,993,19,1,lost,none,dev_a5292f56,addr_15cc861a,5,not_as_described,Item is not what the listing showed. Quality is poor. Kindly help.,honest,,False,0
ALT01023,CUST01486,5391.58,1011,41,0,delivered,signed,dev_d500c147,addr_31ab0158,7,not_as_described,"Received the wrong variant, this is not what I ordered.",honest,,False,1
ALT01024,CUST00710,1059.59,1267,45,1,delivered,otp,dev_2c816bf0,addr_a75743f9,12,not_as_described,"Received the wrong variant, this is not what I ordered.",honest,,False,0
ALT01025,CUST00428,3178.19,1325,25,1,in_transit,otp,dev_3eacdb28,addr_123cf911,38,item_not_received,Nothing was delivered to my address. Please refund the amount.,honest,,False,0
ALT01026,CUST00115,1839.32,162,12,3,in_transit,none,dev_73deaa56,addr_a9d52401,24,duplicate_charge,Duplicate debit of the same amount on the same day. I raised this before and got no response.,opportunist,,False,0
ALT01027,CUST01195,4742.24,159,12,4,delivered,otp,dev_b0cab249,addr_b78a2037,6,item_not_received,I have not received this package even after 6 days. This keeps happening.,opportunist,,False,1
ALT01028,CUST00615,2020.74,75,1,3,in_transit,none,dev_4819a23a,addr_04eb1694,14,unauthorised,I did not authorise this transaction on my card. Reverse this now.,ring,household,False,0
ALT01029,CUST00481,1913.14,519,11,0,delivered,signed,dev_eb91731a,addr_a9d6290d,17,not_as_described,"Received the wrong variant, this is not what I ordered. Kindly help.",honest,,False,1
ALT01030,CUST00014,2343.84,167,13,4,delivered,otp,dev_39f18027,addr_fd54225b,16,unauthorised,"Unknown charge from your store, I never placed any order.",opportunist,,False,1
ALT01031,CUST01110,5928.92,830,24,1,delivered,none,dev_c45c3fbb,addr_55520712,7,unauthorised,I did not authorise this transaction on my card. Kindly help.,honest,,False,0
ALT01032,CUST00737,1004.0,201,5,4,delivered,signed,dev_14013b99,addr_1e307f10,10,item_not_received,Order never arrived. Tracking shows delivered but nothing reached me. This keeps happening.,opportunist,,False,1
ALT01033,CUST00272,2704.34,1475,14,0,delivered,none,dev_86dc4e34,addr_4165964c,17,not_as_described,Item is not what the listing showed. Quality is poor. Kindly help.,honest,,False,0
ALT01034,CUST00273,5058.97,318,46,1,delivered,otp,dev_8d3a5d76,addr_bc547d54,30,unauthorised,"This charge is not mine, my card was used without permission.",honest,,False,0
ALT01035,CUST00899,3381.01,1397,29,1,delivered,signed,dev_3bdbc09e,addr_8fb864e4,11,duplicate_charge,Duplicate debit of the same amount on the same day. Kindly help.,honest,,False,1
ALT01036,CUST01776,221.91,1188,35,0,delivered,signed,dev_25074181,addr_11df12d7,44,item_not_received,I have not received this package even after 44 days. Kindly help.,honest,,False,1
ALT01037,CUST00000,3929.21,450,21,1,delivered,otp,dev_7f4d55b9,addr_fc7aa2dc,12,item_not_received,Order never arrived. Tracking shows delivered but nothing reached me.,honest,,False,1
ALT01038,CUST00608,3410.19,470,12,4,delivered,signed,dev_f8d592a7,addr_77cf1eb6,10,not_as_described,Product does not match the description on your site. I raised this before and got no response.,opportunist,,False,0
ALT01039,CUST00678,7098.29,756,19,0,in_transit,none,dev_f18cccdc,addr_1be5a4c3,22,duplicate_charge,Duplicate debit of the same amount on the same day.,honest,,False,0
ALT01040,CUST00259,8694.42,45,0,0,in_transit,otp,dev_2f39f8c8,addr_f2d6c18c,4,not_as_described,"Received the wrong variant, this is not what I ordered. Refund immediately.",ring,dropship,False,0
ALT01041,CUST01164,6752.56,1407,37,0,delivered,otp,dev_1f878b32,addr_cac8d87e,15,item_not_received,Nothing was delivered to my address. Please refund the amount.,honest,,False,1
ALT01042,CUST01615,2354.58,1033,28,0,delivered,signed,dev_d7be7b4f,addr_3c6d3173,12,not_as_described,Product does not match the description on your site. Kindly help.,honest,,False,1
ALT01043,CUST01595,565.85,498,6,1,delivered,signed,dev_f9e38905,addr_3f91c419,30,not_as_described,Item is not what the listing showed. Quality is poor.,honest,,False,1
ALT01044,CUST00848,13978.86,1355,12,0,in_transit,none,dev_89628f6e,addr_2a1f1b61,3,not_as_described,"Received the wrong variant, this is not what I ordered.",honest,,False,0
ALT01045,CUST01495,1901.69,398,8,1,delivered,none,dev_f204be89,addr_6b0ae0e3,14,not_as_described,Item is not what the listing showed. Quality is poor.,honest,,False,0
ALT01046,CUST00775,2291.73,806,21,1,in_transit,none,dev_0cd20e43,addr_d02c75f9,21,item_not_received,Order never arrived. Tracking shows delivered but nothing reached me. Kindly help.,honest,,False,0
ALT01047,CUST00589,9328.16,623,18,0,delivered,otp,dev_91f0647d,addr_88438de2,20,not_as_described,Item is not what the listing showed. Quality is poor.,honest,,False,1
ALT01048,CUST00553,1174.85,310,46,1,delivered,otp,dev_48f9fd0d,addr_6f46a41f,24,not_as_described,"Received the wrong variant, this is not what I ordered.",honest,,False,1
ALT01049,CUST00860,719.09,534,8,1,delivered,otp,dev_5c75352c,addr_f4852088,28,item_not_received,Order never arrived. Tracking shows delivered but nothing reached me.,honest,,False,1
ALT01050,CUST01447,1533.17,461,36,1,delivered,otp,dev_bf715a28,addr_ed1ddefa,23,not_as_described,"Received the wrong variant, this is not what I ordered.",honest,,False,0
ALT01051,CUST01492,1225.91,587,47,1,delivered,otp,dev_fb5f5290,addr_f68b6ba0,39,item_not_received,Order never arrived. Tracking shows delivered but nothing reached me. Kindly help.,honest,,False,1
ALT01052,CUST00445,668.23,32,1,1,lost,none,dev_6af01106,addr_cac5a4c6,37,unauthorised,"Unknown charge from your store, I never placed any order.",ring,dropship,False,0
ALT01053,CUST00527,2057.73,1140,33,1,in_transit,otp,dev_7f9ad277,addr_50e96888,33,duplicate_charge,"Charged twice for the same order, please reverse one debit. Kindly help.",honest,,False,1
ALT01054,CUST01515,2368.65,760,12,0,delivered,signed,dev_1a354475,addr_8ae3297e,19,item_not_received,Order never arrived. Tracking shows delivered but nothing reached me.,honest,,False,1
ALT01055,CUST01587,1794.65,542,15,3,in_transit,none,dev_6df5fa4a,addr_f785dcc1,9,item_not_received,Order never arrived. Tracking shows delivered but nothing reached me.,opportunist,,False,1
ALT01056,CUST00206,639.75,693,26,1,delivered,otp,dev_a4b0718e,addr_3c28f5dc,35,unauthorised,"Unknown charge from your store, I never placed any order.",honest,,False,1
ALT01057,CUST00674,5551.41,1172,38,1,in_transit,otp,dev_c190b0cf,addr_16a48bfa,19,duplicate_charge,"Charged twice for the same order, please reverse one debit.",honest,,False,1
ALT01058,CUST00033,1351.67,23,2,0,delivered,signed,dev_a4e60afd,addr_10ac72bd,28,unauthorised,I did not authorise this transaction on my card.,ring,dropship,False,1
ALT01059,CUST01672,3043.45,664,35,1,delivered,otp,dev_f8815f18,addr_0c1d180e,32,duplicate_charge,"Charged twice for the same order, please reverse one debit. Kindly help.",honest,,False,1
ALT01060,CUST00330,1894.26,423,20,0,delivered,otp,dev_72d8567d,addr_6c006f61,45,unauthorised,I did not authorise this transaction on my card.,honest,,False,1
ALT01061,CUST00922,1039.73,184,19,1,delivered,otp,dev_9b6b0992,addr_44e928ac,22,not_as_described,Item is not what the listing showed. Quality is poor. I raised this before and got no response.,opportunist,,False,1
ALT01062,CUST01069,2774.88,451,9,3,delivered,otp,dev_7c45d65d,addr_e551da7a,13,duplicate_charge,Duplicate debit of the same amount on the same day. This keeps happening.,opportunist,,False,1
ALT01063,CUST00757,2173.79,573,7,3,delivered,otp,dev_157ef914,addr_9bc88efe,39,duplicate_charge,Two payments went out for a single purchase.,opportunist,,False,0
ALT01064,CUST01542,5512.23,1049,26,1,delivered,otp,dev_d20f87d0,addr_260a5962,40,not_as_described,Product does not match the description on your site.,honest,,False,0
ALT01065,CUST00394,1573.02,433,11,1,in_transit,none,dev_33a0daa7,addr_b4146e4a,1,not_as_described,Item is not what the listing showed. Quality is poor.,honest,,False,0
ALT01066,CUST00808,1267.8,1379,39,0,in_transit,none,dev_2c6710bd,addr_102f4f5c,35,item_not_received,I have not received this package even after 35 days. The box was torn when I opened it.,honest,,True,0
ALT01067,CUST00820,4476.72,616,26,0,delivered,signed,dev_ec170298,addr_d8ddbbc0,21,item_not_received,I have not received this package even after 21 days.,honest,,False,1
ALT01068,CUST01022,1892.67,700,38,1,delivered,otp,dev_cae28e66,addr_2b840c67,21,not_as_described,"Received the wrong variant, this is not what I ordered.",honest,,False,1
ALT01069,CUST00204,4832.22,445,10,0,lost,none,dev_9a72083c,addr_db4862c2,31,item_not_received,Order never arrived. Tracking shows delivered but nothing reached me.,honest,,False,0
ALT01070,CUST00791,1392.68,1379,48,0,delivered,signed,dev_d06eccbc,addr_b8875caf,27,unauthorised,"This charge is not mine, my card was used without permission. Kindly help.",honest,,False,1
ALT01071,CUST00117,1628.09,584,5,3,delivered,signed,dev_bfcff645,addr_bf2c1fd1,21,item_not_received,I have not received this package even after 21 days. The box was torn when I opened it. This keeps happening.,opportunist,,True,1
ALT01072,CUST01205,1464.69,1076,12,0,delivered,none,dev_36ba4918,addr_5b48961f,13,item_not_received,Nothing was delivered to my address. Please refund the amount.,honest,,False,1
ALT01073,CUST00034,2501.82,689,46,0,delivered,signed,dev_f9c3ee05,addr_66414954,31,item_not_received,I have not received this package even after 31 days.,honest,,False,1
ALT01074,CUST00502,8693.99,293,15,0,delivered,signed,dev_4cf6a297,addr_6e951719,18,not_as_described,Item is not what the listing showed. Quality is poor. Kindly help.,honest,,False,1
ALT01075,CUST01316,4732.99,1127,39,1,delivered,signed,dev_93f3503d,addr_32173525,22,unauthorised,I did not authorise this transaction on my card. Kindly help.,honest,,False,1
ALT01076,CUST01591,354.59,68,2,0,in_transit,none,dev_c37637d6,addr_a057c558,14,unauthorised,"Unknown charge from your store, I never placed any order. Refund immediately.",ring,tight,False,0
ALT01077,CUST01306,1198.37,811,41,0,delivered,otp,dev_1974fb71,addr_2f54f0e5,37,not_as_described,Item is not what the listing showed. Quality is poor.,honest,,False,1
ALT01078,CUST00689,1975.21,533,29,1,lost,none,dev_a770c217,addr_1edfc59e,8,not_as_described,"Received the wrong variant, this is not what I ordered.",honest,,False,0
ALT01079,CUST01248,2357.42,378,10,1,delivered,signed,dev_e5dfc7af,addr_f4e580aa,3,item_not_received,I have not received this package even after 3 days. Kindly help.,honest,,False,1
ALT01080,CUST01007,2548.75,58,3,3,delivered,otp,dev_ab24f74a,addr_e6ace778,37,duplicate_charge,Two payments went out for a single purchase. Reverse this now.,ring,dropship,False,0
ALT01081,CUST01308,1668.05,587,17,4,lost,none,dev_0c6d5a71,addr_0a333eef,44,not_as_described,Item is not what the listing showed. Quality is poor. This keeps happening.,opportunist,,False,0
ALT01082,CUST00885,3215.22,341,4,2,delivered,otp,dev_49d693b1,addr_e152dc3a,10,item_not_received,Order never arrived. Tracking shows delivered but nothing reached me.,opportunist,,False,1
ALT01083,CUST00724,2632.57,1497,19,0,lost,none,dev_acd32f62,addr_c903cc1d,9,not_as_described,Product does not match the description on your site.,honest,,False,0
ALT01084,CUST01250,4209.49,1006,42,0,in_transit,otp,dev_6db99102,addr_dde9f863,30,item_not_received,Order never arrived. Tracking shows delivered but nothing reached me.,honest,,False,0
ALT01085,CUST00465,2320.64,77,0,0,delivered,otp,dev_b87189e1,addr_e92af09b,31,unauthorised,"This charge is not mine, my card was used without permission. Refund immediately.",ring,dropship,False,1
ALT01086,CUST01248,1172.55,378,10,1,in_transit,otp,dev_e5dfc7af,addr_f4e580aa,8,not_as_described,Item is not what the listing showed. Quality is poor. Kindly help.,honest,,False,1
ALT01087,CUST00871,521.9,347,11,1,in_transit,none,dev_ffb1c192,addr_4bbb2e9a,44,duplicate_charge,"Charged twice for the same order, please reverse one debit.",opportunist,,False,0
ALT01088,CUST01025,1275.72,1145,23,1,delivered,otp,dev_9acb394a,addr_df7d0dd7,21,unauthorised,"Unknown charge from your store, I never placed any order. Kindly help.",honest,,False,0
ALT01089,CUST01650,417.6,983,45,0,lost,none,dev_50d3ba03,addr_f49816ad,27,item_not_received,Order never arrived. Tracking shows delivered but nothing reached me.,honest,,False,0
ALT01090,CUST00063,4116.47,1376,22,1,in_transit,none,dev_82d9a774,addr_65db6e43,36,not_as_described,Product does not match the description on your site. Kindly help.,honest,,False,0
ALT01091,CUST01549,3295.56,538,33,1,delivered,otp,dev_63e73896,addr_9b72a9fe,19,unauthorised,I did not authorise this transaction on my card.,honest,,False,1
ALT01092,CUST00394,4531.29,433,11,1,delivered,signed,dev_33a0daa7,addr_b4146e4a,38,item_not_received,I have not received this package even after 38 days.,honest,,False,1
ALT01093,CUST01662,990.02,1369,37,0,delivered,none,dev_40767e21,addr_e272d7ca,30,unauthorised,"This charge is not mine, my card was used without permission.",honest,,False,0
ALT01094,CUST00781,870.96,923,23,1,in_transit,none,dev_f4ca6e70,addr_890a83b4,37,unauthorised,"This charge is not mine, my card was used without permission.",honest,,False,0
ALT01095,CUST00482,3459.43,453,8,0,delivered,otp,dev_72e06bb4,addr_0155aa51,31,item_not_received,Order never arrived. Tracking shows delivered but nothing reached me. The colour is nothing like the photos.,honest,,True,0
ALT01096,CUST00965,3345.56,710,22,0,delivered,otp,dev_dd3a0936,addr_d2137565,28,item_not_received,Nothing was delivered to my address. Please refund the amount. Kindly help.,honest,,False,0
ALT01097,CUST01285,470.4,765,17,0,delivered,signed,dev_f204be89,addr_f8999246,18,duplicate_charge,Two payments went out for a single purchase. Kindly help.,honest,,False,1
ALT01098,CUST00661,1225.12,1333,9,1,in_transit,none,dev_792cad76,addr_58c58875,29,item_not_received,I have not received this package even after 29 days.,honest,,False,0
ALT01099,CUST01215,8499.81,369,36,1,delivered,none,dev_f94d8fcb,addr_eb4d8f42,35,duplicate_charge,Two payments went out for a single purchase. Kindly help.,honest,,False,0
ALT01100,CUST00430,1528.98,182,4,4,delivered,signed,dev_0ff48fe8,addr_da42698b,21,not_as_described,"Received the wrong variant, this is not what I ordered. This keeps happening.",opportunist,,False,1
ALT01101,CUST01246,4283.95,60,2,0,in_transit,none,dev_a81d0ecf,addr_e7e399b8,11,unauthorised,"Unknown charge from your store, I never placed any order. Refund immediately.",ring,household,False,0
ALT01102,CUST01127,862.77,424,11,0,delivered,signed,dev_2049a289,addr_af374e8c,10,not_as_described,Product does not match the description on your site.,honest,,False,1
ALT01103,CUST00816,1839.63,227,19,2,delivered,signed,dev_ec1f5d97,addr_f8673a5b,7,item_not_received,Nothing was delivered to my address. Please refund the amount.,opportunist,,False,1
ALT01104,CUST01294,6726.18,514,26,1,in_transit,none,dev_faec8f42,addr_6400bb0e,36,unauthorised,I did not authorise this transaction on my card. Kindly help.,honest,,False,0
ALT01105,CUST01325,7232.44,243,42,0,in_transit,none,dev_96a402f2,addr_01d74256,25,not_as_described,Product does not match the description on your site.,honest,,False,1
ALT01106,CUST01670,527.99,789,36,1,in_transit,otp,dev_2154be4a,addr_db38f306,42,item_not_received,I have not received this package even after 42 days.,honest,,False,0
ALT01107,CUST01464,1113.22,259,10,1,in_transit,none,dev_a8d791b6,addr_f4881671,3,duplicate_charge,"Charged twice for the same order, please reverse one debit.",honest,,False,0
ALT01108,CUST01200,773.41,948,42,0,delivered,otp,dev_84440504,addr_e8410a39,36,item_not_received,Order never arrived. Tracking shows delivered but nothing reached me.,honest,,False,0
ALT01109,CUST01446,1334.62,311,46,1,delivered,none,dev_1db1ce86,addr_2ae7dc19,20,not_as_described,Item is not what the listing showed. Quality is poor.,honest,,False,0
ALT01110,CUST01461,1109.69,1075,37,1,delivered,signed,dev_1634725b,addr_ab545a15,33,item_not_received,Order never arrived. Tracking shows delivered but nothing reached me.,honest,,False,1
ALT01111,CUST00725,3166.72,469,12,1,delivered,signed,dev_e8438f65,addr_6b13b71d,16,not_as_described,Product does not match the description on your site.,opportunist,,False,1
ALT01112,CUST00205,3513.41,297,16,0,delivered,signed,dev_00231f70,addr_5256f928,21,item_not_received,I have not received this package even after 21 days.,honest,,False,1
ALT01113,CUST01318,2220.44,577,16,2,delivered,otp,dev_f0eb453e,addr_57696e2f,15,not_as_described,"Received the wrong variant, this is not what I ordered.",opportunist,,False,1
ALT01114,CUST00637,2048.56,806,19,1,delivered,otp,dev_2defe193,addr_88bd13d1,5,item_not_received,I have not received this package even after 5 days.,honest,,False,1
ALT01115,CUST01334,1612.42,503,22,0,lost,none,dev_ca6628a8,addr_d2cb03eb,10,item_not_received,Order never arrived. Tracking shows delivered but nothing reached me.,honest,,False,1
ALT01116,CUST00820,1772.28,616,26,0,delivered,signed,dev_ec170298,addr_d8ddbbc0,26,item_not_received,Nothing was delivered to my address. Please refund the amount.,honest,,False,1
ALT01117,CUST01193,8594.26,518,15,0,delivered,none,dev_ac8936bc,addr_45a88829,29,not_as_described,Item is not what the listing showed. Quality is poor.,honest,,False,0
ALT01118,CUST01308,1645.67,587,17,4,lost,none,dev_0c6d5a71,addr_de2e7abc,41,unauthorised,"This charge is not mine, my card was used without permission. This keeps happening.",opportunist,,False,0
ALT01119,CUST01659,2039.75,936,49,0,delivered,none,dev_1e43fbd2,addr_4e8adc4b,28,duplicate_charge,Two payments went out for a single purchase.,honest,,False,0
ALT01120,CUST00135,2682.85,686,24,0,in_transit,otp,dev_0c394ec7,addr_750565f5,14,not_as_described,Product does not match the description on your site.,honest,,False,0
ALT01121,CUST00982,596.62,324,7,1,delivered,otp,dev_20a62f9b,addr_71219097,8,not_as_described,Product does not match the description on your site.,honest,,False,1
ALT01122,CUST00749,624.32,403,39,0,delivered,none,dev_490ccf97,addr_2ec36411,43,not_as_described,Product does not match the description on your site.,honest,,False,0
ALT01123,CUST00478,2580.67,50,0,3,delivered,signed,dev_3f086a9e,addr_243191eb,14,unauthorised,"Unknown charge from your store, I never placed any order.",ring,tight,False,1
ALT01124,CUST00678,809.77,756,19,0,delivered,none,dev_f18cccdc,addr_1be5a4c3,42,not_as_described,Item is not what the listing showed. Quality is poor.,honest,,False,0
ALT01125,CUST00358,1673.13,544,19,2,delivered,signed,dev_7e50a000,addr_016d26d9,24,duplicate_charge,Duplicate debit of the same amount on the same day.,opportunist,,False,1
ALT01126,CUST01194,477.76,1289,48,1,delivered,signed,dev_e214d458,addr_e24c724b,14,duplicate_charge,Two payments went out for a single purchase.,honest,,False,1
ALT01127,CUST01733,1392.32,1239,10,1,delivered,signed,dev_b998e2d3,addr_4fbc0984,8,item_not_received,Nothing was delivered to my address. Please refund the amount.,honest,,False,1
ALT01128,CUST01331,1914.24,1098,33,0,delivered,otp,dev_5fec59ac,addr_20db4294,40,item_not_received,I have not received this package even after 40 days. The box was torn when I opened it.,honest,,True,1
ALT01129,CUST00026,1478.41,1424,33,1,lost,none,dev_225f52ab,addr_d00dcc4f,5,duplicate_charge,Two payments went out for a single purchase. Kindly help.,honest,,False,0
ALT01130,CUST01130,410.59,1131,36,1,delivered,otp,dev_94fb09f0,addr_f8ded777,7,item_not_received,I have not received this package even after 7 days. Kindly help.,honest,,False,1
ALT01131,CUST00982,4170.22,324,7,1,delivered,none,dev_20a62f9b,addr_71219097,17,unauthorised,"Unknown charge from your store, I never placed any order.",honest,,False,0
ALT01132,CUST01660,12874.07,1407,23,0,delivered,signed,dev_82aa5c46,addr_6593b659,38,duplicate_charge,Duplicate debit of the same amount on the same day.,honest,,False,1
ALT01133,CUST00591,1010.83,556,19,1,delivered,none,dev_b805ae3c,addr_8df4097b,2,duplicate_charge,Two payments went out for a single purchase. Kindly help.,honest,,False,0
ALT01134,CUST00712,5629.72,153,14,1,lost,none,dev_a7742626,addr_3d43c4fe,37,unauthorised,I did not authorise this transaction on my card.,opportunist,,False,0
ALT01135,CUST01142,11667.88,456,13,0,in_transit,none,dev_30d867cd,addr_d0e34b2b,29,not_as_described,Item is not what the listing showed. Quality is poor. Kindly help.,honest,,False,0
ALT01136,CUST01528,1486.96,1265,33,0,delivered,signed,dev_ae27d432,addr_7d23d479,5,not_as_described,Item is not what the listing showed. Quality is poor.,honest,,False,1
ALT01137,CUST01529,2018.16,1132,37,1,delivered,signed,dev_0e3141ec,addr_2ab8bd33,3,item_not_received,Order never arrived. Tracking shows delivered but nothing reached me. Kindly help.,honest,,False,1
ALT01138,CUST01431,1993.3,448,5,3,lost,none,dev_e987cfb2,addr_fc37337a,38,item_not_received,I have not received this package even after 38 days. I raised this before and got no response.,opportunist,,False,0
ALT01139,CUST01134,2768.34,1241,30,1,in_transit,otp,dev_0d53551a,addr_a2c8cf62,27,item_not_received,Order never arrived. Tracking shows delivered but nothing reached me.,honest,,False,0
ALT01140,CUST01769,1636.9,242,11,2,delivered,signed,dev_90a67567,addr_3030d7f4,20,item_not_received,Nothing was delivered to my address. Please refund the amount.,opportunist,,False,1
ALT01141,CUST00432,9934.3,1333,24,1,delivered,none,dev_e8c35a79,addr_eba2a67c,20,item_not_received,I have not received this package even after 20 days.,honest,,False,0
ALT01142,CUST00286,2775.98,1483,9,0,in_transit,none,dev_c6097cd8,addr_1a9af29e,4,not_as_described,Product does not match the description on your site.,honest,,False,0
ALT01143,CUST00504,1649.6,1204,25,0,delivered,signed,dev_5c6ebf5a,addr_da92e740,37,item_not_received,Nothing was delivered to my address. Please refund the amount. Kindly help.,honest,,False,1
ALT01144,CUST00781,3042.81,923,23,1,in_transit,none,dev_f4ca6e70,addr_890a83b4,23,not_as_described,Product does not match the description on your site.,honest,,False,0
ALT01145,CUST00995,2154.1,289,23,0,delivered,signed,dev_189099c9,addr_88802d4d,6,duplicate_charge,Duplicate debit of the same amount on the same day.,honest,,False,1
ALT01146,CUST00053,489.27,1401,46,0,delivered,none,dev_19404d24,addr_9e7776ae,36,unauthorised,"Unknown charge from your store, I never placed any order.",honest,,False,0
ALT01147,CUST00703,6455.15,391,8,2,delivered,otp,dev_c4329e78,addr_da341653,18,item_not_received,Nothing was delivered to my address. Please refund the amount. I raised this before and got no response.,opportunist,,False,1
ALT01148,CUST00985,1331.0,902,34,0,delivered,otp,dev_8567c805,addr_592a3549,37,not_as_described,"Received the wrong variant, this is not what I ordered.",honest,,False,1
ALT01149,CUST01546,7103.0,1379,43,0,delivered,signed,dev_95eef45c,addr_db2c0eb7,24,item_not_received,I have not received this package even after 24 days. Kindly help.,honest,,False,1
ALT01150,CUST00987,5418.9,256,20,1,delivered,otp,dev_76d32b96,addr_6fa6681c,6,item_not_received,"Nothing was delivered to my address. Please refund the amount. The size is wrong, I want to send it back. Kindly help.",honest,,True,0
ALT01151,CUST01687,2669.78,844,13,0,delivered,signed,dev_159152f2,addr_9b8b38ae,1,duplicate_charge,"Charged twice for the same order, please reverse one debit. Kindly help.",honest,,False,1
ALT01152,CUST00659,1596.97,274,20,4,delivered,signed,dev_8babb414,addr_bbaa6e4a,28,not_as_described,Product does not match the description on your site.,opportunist,,False,0
ALT01153,CUST00122,1602.86,208,12,3,delivered,otp,dev_ba09a484,addr_50ba8edd,16,not_as_described,"Received the wrong variant, this is not what I ordered.",opportunist,,False,0
ALT01154,CUST00132,3541.35,981,32,0,delivered,signed,dev_a998c8e1,addr_79912c51,11,not_as_described,Item is not what the listing showed. Quality is poor.,honest,,False,1
ALT01155,CUST01635,2383.07,1283,7,0,delivered,otp,dev_d59ef0fd,addr_c8dcd19f,40,item_not_received,I have not received this package even after 40 days.,honest,,False,1
ALT01156,CUST00263,1871.19,815,37,1,delivered,otp,dev_aab97e49,addr_5380b904,42,item_not_received,Order never arrived. Tracking shows delivered but nothing reached me.,honest,,False,0
ALT01157,CUST01683,5788.94,727,36,1,delivered,signed,dev_75f8e3a8,addr_5a2837b2,5,duplicate_charge,Two payments went out for a single purchase.,honest,,False,1
ALT01158,CUST01447,3657.46,461,36,1,in_transit,none,dev_bf715a28,addr_ed1ddefa,3,item_not_received,Order never arrived. Tracking shows delivered but nothing reached me. The colour is nothing like the photos. Kindly help.,honest,,True,0
ALT01159,CUST00884,200.0,297,5,1,in_transit,none,dev_3a24ec19,addr_0e80ea41,45,duplicate_charge,"Charged twice for the same order, please reverse one debit. This keeps happening.",opportunist,,False,0
ALT01160,CUST00668,2173.51,952,44,0,lost,none,dev_22319050,addr_27372b52,19,item_not_received,I have not received this package even after 19 days.,honest,,False,0
ALT01161,CUST00055,1587.25,1422,39,0,delivered,otp,dev_bef7110a,addr_1860ad28,5,item_not_received,Order never arrived. Tracking shows delivered but nothing reached me.,honest,,False,1
ALT01162,CUST01761,1144.88,756,35,0,delivered,none,dev_5c0d8fcc,addr_60b217f9,34,item_not_received,Order never arrived. Tracking shows delivered but nothing reached me.,honest,,False,1
ALT01163,CUST00076,3121.27,46,1,3,delivered,signed,dev_3f086a9e,addr_243191eb,38,unauthorised,I did not authorise this transaction on my card. Refund immediately.,ring,tight,False,1
ALT01164,CUST00773,1296.33,523,22,1,delivered,signed,dev_e6f8dac3,addr_e8a2f417,40,duplicate_charge,"Charged twice for the same order, please reverse one debit.",honest,,False,1
ALT01165,CUST01552,4596.43,478,39,1,in_transit,otp,dev_b118cad6,addr_df377ff8,17,item_not_received,Order never arrived. Tracking shows delivered but nothing reached me. Kindly help.,honest,,False,0
ALT01166,CUST00206,4964.94,693,26,1,delivered,otp,dev_a4b0718e,addr_3c28f5dc,34,not_as_described,Item is not what the listing showed. Quality is poor.,honest,,False,1
ALT01167,CUST00324,3415.65,1346,32,1,delivered,otp,dev_2f383b43,addr_6ea05d13,27,item_not_received,Order never arrived. Tracking shows delivered but nothing reached me.,honest,,False,1
ALT01168,CUST00623,4090.13,468,6,1,delivered,signed,dev_592448ee,addr_b0e8b2fa,20,unauthorised,I did not authorise this transaction on my card.,honest,,False,0
ALT01169,CUST00540,3424.64,1231,19,0,delivered,signed,dev_448aaa9e,addr_07f97d05,12,item_not_received,Order never arrived. Tracking shows delivered but nothing reached me.,honest,,False,1
ALT01170,CUST01536,4360.53,655,27,0,delivered,otp,dev_4e9d23e9,addr_54d1332a,16,not_as_described,Product does not match the description on your site. Kindly help.,honest,,False,1
ALT01171,CUST01126,4192.9,77,1,3,delivered,signed,dev_cd03a402,addr_6e896265,15,unauthorised,"This charge is not mine, my card was used without permission. Reverse this now.",ring,household,False,0
ALT01172,CUST00363,2977.18,1435,30,1,lost,none,dev_82ec0fc3,addr_7462f144,26,duplicate_charge,Two payments went out for a single purchase. Kindly help.,honest,,False,0
ALT01173,CUST01734,5484.21,1124,9,0,delivered,otp,dev_4b7f2183,addr_51976e75,11,duplicate_charge,"Charged twice for the same order, please reverse one debit. Kindly help.",honest,,False,1
ALT01174,CUST01046,1922.52,84,2,3,delivered,none,dev_eab10bcf,addr_9268b5df,7,unauthorised,I did not authorise this transaction on my card.,ring,household,False,0
ALT01175,CUST00828,1172.43,578,13,1,in_transit,none,dev_3f800385,addr_42c2d2eb,11,not_as_described,"Received the wrong variant, this is not what I ordered.",honest,,False,1
ALT01176,CUST01566,1126.02,1294,45,1,delivered,otp,dev_abff9286,addr_81df62f4,22,not_as_described,Product does not match the description on your site. Kindly help.,honest,,False,0
ALT01177,CUST01431,1699.74,448,5,3,in_transit,otp,dev_e987cfb2,addr_35e0edd6,45,duplicate_charge,Duplicate debit of the same amount on the same day. This keeps happening.,opportunist,,False,0
ALT01178,CUST01129,441.61,1294,12,0,in_transit,none,dev_a60da1aa,addr_f8e351ea,10,unauthorised,"This charge is not mine, my card was used without permission. Kindly help.",honest,,False,0
ALT01179,CUST00308,2647.31,463,14,1,delivered,signed,dev_73c7fd75,addr_3b6becb7,42,item_not_received,Order never arrived. Tracking shows delivered but nothing reached me. This keeps happening.,opportunist,,False,1
ALT01180,CUST01280,3867.48,1049,31,1,delivered,signed,dev_8ae8905b,addr_6a702e2f,43,item_not_received,Nothing was delivered to my address. Please refund the amount. Kindly help.,honest,,False,1
ALT01181,CUST00878,1768.66,584,3,3,delivered,otp,dev_46281fb8,addr_198493ce,7,not_as_described,Product does not match the description on your site. I raised this before and got no response.,opportunist,,False,1
ALT01182,CUST01208,4899.73,1053,12,0,in_transit,otp,dev_edbc36d8,addr_a1d770ea,16,duplicate_charge,Two payments went out for a single purchase.,honest,,False,1
ALT01183,CUST00725,1696.43,469,12,1,in_transit,none,dev_e8438f65,addr_6b13b71d,33,not_as_described,Product does not match the description on your site. I raised this before and got no response.,opportunist,,False,0
ALT01184,CUST00181,1148.52,209,40,0,delivered,signed,dev_31208bde,addr_fa0f01a4,31,unauthorised,"This charge is not mine, my card was used without permission. Kindly help.",honest,,False,1
ALT01185,CUST00340,993.35,390,16,2,in_transit,none,dev_aa57c6e4,addr_93acd71b,7,unauthorised,"Unknown charge from your store, I never placed any order. This keeps happening.",opportunist,,False,0
ALT01186,CUST00039,4469.6,1451,15,0,delivered,signed,dev_1b388581,addr_387770f0,37,unauthorised,I did not authorise this transaction on my card.,honest,,False,1
ALT01187,CUST00815,1872.91,756,31,0,in_transit,none,dev_3cd61f5e,addr_f362d408,20,not_as_described,"Received the wrong variant, this is not what I ordered.",honest,,False,0
ALT01188,CUST00662,3789.94,1283,27,1,in_transit,otp,dev_8d31df34,addr_9b82f430,18,duplicate_charge,Duplicate debit of the same amount on the same day. Kindly help.,honest,,False,0
ALT01189,CUST01702,1907.16,370,7,1,delivered,signed,dev_42696d14,addr_f8ef6c71,23,unauthorised,I did not authorise this transaction on my card. I raised this before and got no response.,opportunist,,False,1
ALT01190,CUST00284,770.18,11,0,0,in_transit,none,dev_f2602a26,addr_8af41753,38,unauthorised,I did not authorise this transaction on my card.,ring,tight,False,0
ALT01191,CUST00809,1067.98,61,0,1,in_transit,none,dev_2f39f8c8,addr_c4bfa424,43,not_as_described,Product does not match the description on your site.,ring,dropship,False,0
ALT01192,CUST00371,1704.59,166,4,4,delivered,otp,dev_81f25a73,addr_3a4e2920,19,item_not_received,Order never arrived. Tracking shows delivered but nothing reached me. I raised this before and got no response.,opportunist,,False,1
ALT01193,CUST01396,1552.33,472,11,2,in_transit,none,dev_27051d96,addr_2da6b974,22,item_not_received,Order never arrived. Tracking shows delivered but nothing reached me.,opportunist,,False,0
ALT01194,CUST00716,2935.94,613,36,0,in_transit,none,dev_38749f3c,addr_49902258,8,not_as_described,Product does not match the description on your site.,honest,,False,0
ALT01195,CUST01162,1272.1,774,39,0,delivered,otp,dev_d9b59f84,addr_d226a8b3,6,item_not_received,I have not received this package even after 6 days.,honest,,False,1
ALT01196,CUST00441,2593.41,1113,18,1,delivered,otp,dev_ffa623d0,addr_333ee344,43,unauthorised,"Unknown charge from your store, I never placed any order.",honest,,False,1
ALT01197,CUST00576,4522.71,132,13,3,in_transit,otp,dev_0a7d1de0,addr_776e3a29,37,item_not_received,Nothing was delivered to my address. Please refund the amount.,opportunist,,False,0
ALT01198,CUST00145,3552.94,1215,16,1,in_transit,none,dev_dcc31cb2,addr_babf3375,14,not_as_described,Item is not what the listing showed. Quality is poor.,honest,,False,0
ALT01199,CUST01114,826.93,375,36,0,delivered,signed,dev_2031d750,addr_a8e56e0c,38,duplicate_charge,"Charged twice for the same order, please reverse one debit.",honest,,False,1
ALT01200,CUST01737,2334.32,1182,32,0,delivered,none,dev_401ad5cd,addr_1b9b71f0,3,item_not_received,I have not received this package even after 3 days.,honest,,False,1
ALT01201,CUST00827,464.82,831,30,1,lost,none,dev_a939ebd1,addr_8b4bd7e7,5,duplicate_charge,"Charged twice for the same order, please reverse one debit.",honest,,False,0
ALT01202,CUST00295,2156.26,290,5,1,delivered,otp,dev_b79ee140,addr_39e9c6ef,33,item_not_received,Nothing was delivered to my address. Please refund the amount. I raised this before and got no response.,opportunist,,False,1
ALT01203,CUST00319,1296.91,1028,36,0,lost,none,dev_f2a24da4,addr_ed850a6d,13,item_not_received,"Nothing was delivered to my address. Please refund the amount. The size is wrong, I want to send it back. Kindly help.",honest,,True,0
ALT01204,CUST01374,1771.23,548,8,3,delivered,otp,dev_1993edfe,addr_afd13c73,7,duplicate_charge,"Charged twice for the same order, please reverse one debit. I raised this before and got no response.",opportunist,,False,0
ALT01205,CUST01612,2237.41,932,6,0,delivered,none,dev_247474b3,addr_70be9630,32,duplicate_charge,"Charged twice for the same order, please reverse one debit.",honest,,False,1
ALT01206,CUST01602,4453.0,1147,41,0,in_transit,none,dev_bcbf1583,addr_74d082c5,20,not_as_described,Item is not what the listing showed. Quality is poor.,honest,,False,0
ALT01207,CUST00950,1056.74,97,20,1,delivered,signed,dev_042a6bd7,addr_cd7182b4,34,duplicate_charge,Two payments went out for a single purchase.,opportunist,,False,1
ALT01208,CUST00244,703.46,46,3,2,delivered,otp,dev_aec61694,addr_18720dc7,20,unauthorised,"Unknown charge from your store, I never placed any order.",ring,tight,False,0
ALT01209,CUST01582,1100.62,1229,6,0,lost,none,dev_8827f0b5,addr_f65e52fd,28,item_not_received,I have not received this package even after 28 days.,honest,,False,0
ALT01210,CUST00603,2760.53,811,17,0,in_transit,none,dev_4bacbedf,addr_e82b5b36,5,item_not_received,Order never arrived. Tracking shows delivered but nothing reached me. Kindly help.,honest,,False,0
ALT01211,CUST01022,2603.34,700,38,1,delivered,none,dev_cae28e66,addr_2b840c67,25,not_as_described,Product does not match the description on your site.,honest,,False,0
ALT01212,CUST00346,3077.57,218,24,0,delivered,signed,dev_55c551fc,addr_8639bd41,4,item_not_received,Order never arrived. Tracking shows delivered but nothing reached me. It stopped working after two days of use.,honest,,True,1
ALT01213,CUST00678,2022.85,756,19,0,delivered,otp,dev_f18cccdc,addr_1be5a4c3,43,not_as_described,"Received the wrong variant, this is not what I ordered.",honest,,False,1
ALT01214,CUST00832,277.83,329,5,2,delivered,otp,dev_fe3a4f96,addr_cdbb6c1f,21,item_not_received,I have not received this package even after 21 days.,opportunist,,False,1
ALT01215,CUST00004,1970.15,804,15,0,delivered,signed,dev_8c52d271,addr_e90d21cb,5,not_as_described,Product does not match the description on your site. Kindly help.,honest,,False,1
ALT01216,CUST01223,5017.0,766,42,1,in_transit,none,dev_fb02bebb,addr_d52721e7,34,item_not_received,I have not received this package even after 34 days.,honest,,False,0
ALT01217,CUST01238,6315.18,1440,7,0,delivered,otp,dev_3d5b6535,addr_8d7f9371,15,duplicate_charge,"Charged twice for the same order, please reverse one debit.",honest,,False,0
ALT01218,CUST00217,2381.2,249,19,4,delivered,otp,dev_bd350d2a,addr_11c7c76c,28,unauthorised,I did not authorise this transaction on my card. I raised this before and got no response.,opportunist,,False,1
ALT01219,CUST00745,2611.6,986,36,1,in_transit,none,dev_969b6b4b,addr_ebee30cf,10,item_not_received,I have not received this package even after 10 days. Kindly help.,honest,,False,1
ALT01220,CUST01483,3727.17,1254,48,0,delivered,signed,dev_67ccfa38,addr_9dc4f583,42,not_as_described,"Received the wrong variant, this is not what I ordered.",honest,,False,1
ALT01221,CUST00053,6144.43,1401,46,0,delivered,none,dev_19404d24,addr_9e7776ae,43,not_as_described,Item is not what the listing showed. Quality is poor.,honest,,False,0
ALT01222,CUST01759,2209.34,1170,13,0,lost,none,dev_317979f9,addr_08403234,8,duplicate_charge,"Charged twice for the same order, please reverse one debit.",honest,,False,0
ALT01223,CUST01042,3681.32,690,36,1,delivered,none,dev_1cdcc4c2,addr_980bc81e,17,duplicate_charge,Duplicate debit of the same amount on the same day. Kindly help.,honest,,False,0
ALT01224,CUST00911,1383.05,1051,39,1,in_transit,none,dev_1789be63,addr_54f6516e,1,item_not_received,I have not received this package even after 1 days. The box was torn when I opened it. Kindly help.,honest,,True,0
ALT01225,CUST00556,782.42,613,39,1,lost,none,dev_b2384849,addr_23245211,7,unauthorised,I did not authorise this transaction on my card.,honest,,False,0
ALT01226,CUST00834,1502.28,1201,46,0,delivered,otp,dev_0bb9a8f6,addr_216aebcf,23,item_not_received,Order never arrived. Tracking shows delivered but nothing reached me.,honest,,False,1
ALT01227,CUST00292,7590.08,429,9,0,delivered,signed,dev_8babce3b,addr_d5a804eb,19,not_as_described,Product does not match the description on your site.,honest,,False,1
ALT01228,CUST00964,3747.62,660,39,1,delivered,signed,dev_c4134dc2,addr_1d3ca5a4,39,item_not_received,Order never arrived. Tracking shows delivered but nothing reached me.,honest,,False,1
ALT01229,CUST00558,838.82,836,7,0,in_transit,otp,dev_55527a3c,addr_e3a1af97,3,item_not_received,I have not received this package even after 3 days. Kindly help.,honest,,False,0
ALT01230,CUST01643,3904.59,1314,15,1,delivered,signed,dev_a87d21ff,addr_3f9304fa,8,unauthorised,"Unknown charge from your store, I never placed any order.",honest,,False,1
ALT01231,CUST01691,887.96,1291,44,1,in_transit,none,dev_335dab46,addr_76658707,13,unauthorised,I did not authorise this transaction on my card.,honest,,False,0
ALT01232,CUST01569,3041.02,1100,30,1,delivered,otp,dev_4931b2d4,addr_2a9edda7,1,duplicate_charge,Two payments went out for a single purchase.,honest,,False,1
ALT01233,CUST01309,1025.83,173,7,1,in_transit,none,dev_c04a3f68,addr_290c9e51,32,not_as_described,Product does not match the description on your site. I raised this before and got no response.,opportunist,,False,0
ALT01234,CUST01073,1649.75,431,20,4,delivered,signed,dev_f5264ea2,addr_596ed71c,5,not_as_described,Product does not match the description on your site. I raised this before and got no response.,opportunist,,False,1
ALT01235,CUST00496,8232.13,1426,40,0,delivered,otp,dev_27afbff9,addr_5dfb1922,9,duplicate_charge,Duplicate debit of the same amount on the same day.,honest,,False,1
ALT01236,CUST00589,1156.1,623,18,0,delivered,signed,dev_91f0647d,addr_88438de2,41,not_as_described,Product does not match the description on your site.,honest,,False,1
ALT01237,CUST00358,1692.38,544,19,2,delivered,otp,dev_7e50a000,addr_016d26d9,40,not_as_described,"Received the wrong variant, this is not what I ordered. This keeps happening.",opportunist,,False,1
ALT01238,CUST01315,1390.62,1019,44,0,in_transit,none,dev_592c6a0e,addr_628616f4,15,item_not_received,Nothing was delivered to my address. Please refund the amount.,honest,,False,1
ALT01239,CUST00199,1922.97,159,15,2,delivered,otp,dev_4a12c64f,addr_fa98f602,29,unauthorised,"Unknown charge from your store, I never placed any order. I raised this before and got no response.",opportunist,,False,0
ALT01240,CUST01221,4145.18,178,19,2,delivered,signed,dev_79a759de,addr_08aa6127,21,item_not_received,Nothing was delivered to my address. Please refund the amount. This keeps happening.,opportunist,,False,1
ALT01241,CUST00626,1427.63,121,19,3,delivered,signed,dev_cc5bf684,addr_93271b56,12,unauthorised,"Unknown charge from your store, I never placed any order. I raised this before and got no response.",opportunist,,False,1
ALT01242,CUST01160,1818.36,192,6,3,delivered,otp,dev_2672a20c,addr_099396ff,10,item_not_received,Order never arrived. Tracking shows delivered but nothing reached me. I raised this before and got no response.,opportunist,,False,1
ALT01243,CUST00136,948.43,1017,48,1,in_transit,none,dev_ee6ffbea,addr_79ff89d9,27,not_as_described,Item is not what the listing showed. Quality is poor.,honest,,False,0
ALT01244,CUST00926,1721.64,570,6,4,in_transit,none,dev_504fde7c,addr_295642c6,3,item_not_received,"Order never arrived. Tracking shows delivered but nothing reached me. The size is wrong, I want to send it back. This keeps happening.",opportunist,,True,0
ALT01245,CUST01147,2067.79,359,20,1,delivered,otp,dev_fb7d3ba1,addr_e2fbb984,9,not_as_described,Item is not what the listing showed. Quality is poor. Kindly help.,honest,,False,1
ALT01246,CUST00041,2236.72,487,50,1,delivered,signed,dev_1b61d453,addr_9c60c81b,40,unauthorised,"This charge is not mine, my card was used without permission.",honest,,False,0
ALT01247,CUST00617,12273.79,533,11,0,delivered,otp,dev_1d2cec89,addr_138ef8cc,12,duplicate_charge,"Charged twice for the same order, please reverse one debit. Kindly help.",honest,,False,1
ALT01248,CUST00577,2654.12,1042,8,1,delivered,signed,dev_ddb7570e,addr_3fead90a,17,item_not_received,Nothing was delivered to my address. Please refund the amount.,honest,,False,1
ALT01249,CUST01570,2447.06,706,48,0,delivered,signed,dev_86879aa9,addr_5c9deee0,20,unauthorised,"This charge is not mine, my card was used without permission. The colour is nothing like the photos.",honest,,True,0
ALT01250,CUST01229,8229.12,213,15,1,delivered,otp,dev_f486a251,addr_bbe43aa7,19,item_not_received,I have not received this package even after 19 days.,opportunist,,False,1
ALT01251,CUST01708,1804.36,1460,34,1,delivered,otp,dev_4c60b543,addr_1b6f1a9e,18,item_not_received,Order never arrived. Tracking shows delivered but nothing reached me.,honest,,False,1
ALT01252,CUST01562,2600.35,426,45,1,delivered,otp,dev_9e2383d0,addr_9f6ccab4,22,not_as_described,"Received the wrong variant, this is not what I ordered.",honest,,False,1
ALT01253,CUST00455,5083.35,401,21,0,in_transit,none,dev_9342a09f,addr_721e8b1f,35,item_not_received,Nothing was delivered to my address. Please refund the amount.,honest,,False,0
ALT01254,CUST00463,1175.1,354,5,2,in_transit,otp,dev_800314a8,addr_e44d8dc2,18,item_not_received,I have not received this package even after 18 days. The colour is nothing like the photos. This keeps happening.,opportunist,,True,1
ALT01255,CUST01264,5117.23,543,15,0,delivered,signed,dev_53bf8b10,addr_8aad0665,19,item_not_received,Order never arrived. Tracking shows delivered but nothing reached me.,honest,,False,0
ALT01256,CUST00618,700.13,1042,10,0,delivered,otp,dev_2488dee3,addr_bfacc63e,12,duplicate_charge,Two payments went out for a single purchase. Kindly help.,honest,,False,0
ALT01257,CUST00493,3903.73,248,19,1,delivered,none,dev_57bd0ca8,addr_fd063a58,14,not_as_described,Item is not what the listing showed. Quality is poor.,honest,,False,0
ALT01258,CUST00453,3926.18,1051,10,0,lost,none,dev_baeb286b,addr_592c1107,3,unauthorised,I did not authorise this transaction on my card. Kindly help.,honest,,False,0
ALT01259,CUST00321,1577.42,1412,41,0,delivered,signed,dev_f6d70248,addr_3c9d128a,23,unauthorised,"I did not authorise this transaction on my card. The size is wrong, I want to send it back.",honest,,True,1
ALT01260,CUST01375,1895.65,24,3,2,delivered,signed,dev_77f4d7f9,addr_6e896265,16,item_not_received,I have not received this package even after 16 days. Reverse this now.,ring,household,False,1
ALT01261,CUST00997,9143.15,1427,26,0,delivered,signed,dev_ec191606,addr_9bd972ca,2,item_not_received,I have not received this package even after 2 days.,honest,,False,1
ALT01262,CUST00771,1756.55,391,14,4,delivered,otp,dev_114c440d,addr_28bfffdd,44,item_not_received,I have not received this package even after 44 days. This keeps happening.,opportunist,,False,1
ALT01263,CUST00633,2015.4,760,14,1,delivered,signed,dev_2a3dd769,addr_94fd0594,10,duplicate_charge,"Charged twice for the same order, please reverse one debit.",honest,,False,0
ALT01264,CUST01625,2247.9,1391,8,0,in_transit,none,dev_51d69f11,addr_22aff503,14,unauthorised,I did not authorise this transaction on my card.,honest,,False,0
ALT01265,CUST01333,2686.77,1446,31,1,delivered,otp,dev_2edff02e,addr_fc7aa2dc,5,unauthorised,"This charge is not mine, my card was used without permission.",honest,,False,1
ALT01266,CUST01503,756.62,77,9,3,delivered,signed,dev_c7a9ff30,addr_87e719e2,8,item_not_received,Order never arrived. Tracking shows delivered but nothing reached me. This keeps happening.,opportunist,,False,1
ALT01267,CUST01258,1307.79,833,45,1,in_transit,otp,dev_af6c6f61,addr_71414f58,7,duplicate_charge,Duplicate debit of the same amount on the same day.,honest,,False,1
ALT01268,CUST01021,6564.27,70,1,2,delivered,signed,dev_f2602a26,addr_8af41753,4,unauthorised,"Unknown charge from your store, I never placed any order. Refund immediately.",ring,tight,False,1
ALT01269,CUST00137,3547.64,28,2,3,delivered,otp,dev_188a7f55,addr_5aeb90f6,6,item_not_received,I have not received this package even after 6 days. Reverse this now.,ring,tight,False,1
ALT01270,CUST00112,3372.77,1050,16,0,delivered,signed,dev_f8b38a8b,addr_0a054950,4,unauthorised,I did not authorise this transaction on my card. Kindly help.,honest,,False,1
ALT01271,CUST00233,1813.97,79,9,2,delivered,otp,dev_418495a4,addr_61e561bb,29,not_as_described,Product does not match the description on your site. I raised this before and got no response.,opportunist,,False,0
ALT01272,CUST00418,5820.41,52,2,1,delivered,signed,dev_6af01106,addr_64907a63,32,item_not_received,Nothing was delivered to my address. Please refund the amount.,ring,dropship,False,1
ALT01273,CUST00146,1755.8,125,14,1,in_transit,none,dev_99056421,addr_fc78090e,41,item_not_received,Order never arrived. Tracking shows delivered but nothing reached me. I raised this before and got no response.,opportunist,,False,0
ALT01274,CUST00171,1810.0,469,16,0,delivered,otp,dev_3b705092,addr_aff7ff5d,13,not_as_described,Item is not what the listing showed. Quality is poor.,honest,,False,1
ALT01275,CUST01528,3282.64,1265,33,0,delivered,otp,dev_ae27d432,addr_7d23d479,16,unauthorised,I did not authorise this transaction on my card. Kindly help.,honest,,False,0
ALT01276,CUST01428,1682.66,1036,26,1,delivered,signed,dev_ab8ddeb4,addr_6a662fce,39,not_as_described,"Received the wrong variant, this is not what I ordered. Kindly help.",honest,,False,1
ALT01277,CUST00427,1828.9,300,3,3,delivered,otp,dev_68b49b00,addr_c59498c5,17,duplicate_charge,Duplicate debit of the same amount on the same day. I raised this before and got no response.,opportunist,,False,1
ALT01278,CUST00845,2512.4,891,32,1,delivered,signed,dev_fd853cf8,addr_c1f98e90,14,duplicate_charge,"Charged twice for the same order, please reverse one debit.",honest,,False,1
ALT01279,CUST00201,875.05,1020,44,1,in_transit,none,dev_98f3f640,addr_d1fa82a6,2,not_as_described,"Received the wrong variant, this is not what I ordered.",honest,,False,0
ALT01280,CUST01434,1934.4,1486,16,0,delivered,signed,dev_ccc4c0a9,addr_5cce495d,15,not_as_described,Item is not what the listing showed. Quality is poor.,honest,,False,1
ALT01281,CUST00999,2215.5,533,13,1,delivered,signed,dev_38a8ab55,addr_b58194e0,15,duplicate_charge,Two payments went out for a single purchase. I raised this before and got no response.,opportunist,,False,1
ALT01282,CUST01377,554.26,357,20,0,delivered,none,dev_0eb2858f,addr_be501500,31,not_as_described,"Received the wrong variant, this is not what I ordered. Kindly help.",honest,,False,1
ALT01283,CUST00903,4515.63,418,20,2,delivered,otp,dev_3150e60d,addr_4e45a736,18,item_not_received,Order never arrived. Tracking shows delivered but nothing reached me.,opportunist,,False,1
ALT01284,CUST00628,1306.37,919,48,0,delivered,signed,dev_89d716ef,addr_48dc1e26,27,item_not_received,I have not received this package even after 27 days.,honest,,False,1
ALT01285,CUST01093,1367.66,948,27,0,lost,none,dev_521be8c2,addr_4e089bb4,10,duplicate_charge,Two payments went out for a single purchase.,honest,,False,0
ALT01286,CUST01537,2057.86,1292,19,0,delivered,signed,dev_bf2b43b4,addr_a250d133,39,not_as_described,Product does not match the description on your site.,honest,,False,1
ALT01287,CUST01438,3231.44,1403,47,0,delivered,signed,dev_7ab99428,addr_553d2625,17,unauthorised,I did not authorise this transaction on my card.,honest,,False,1
ALT01288,CUST00268,3027.31,76,3,2,delivered,signed,dev_e755b655,addr_72557e4e,43,unauthorised,I did not authorise this transaction on my card.,ring,household,False,0
ALT01289,CUST01612,2300.24,932,6,0,delivered,none,dev_247474b3,addr_70be9630,45,not_as_described,"Received the wrong variant, this is not what I ordered.",honest,,False,0
ALT01290,CUST01009,2927.98,894,20,0,in_transit,otp,dev_59afb1d1,addr_ac249f30,37,duplicate_charge,"Charged twice for the same order, please reverse one debit.",honest,,False,1
ALT01291,CUST00238,1200.94,985,37,1,in_transit,none,dev_2ac1d5ca,addr_d2e76deb,42,item_not_received,Order never arrived. Tracking shows delivered but nothing reached me. The colour is nothing like the photos. Kindly help.,honest,,True,0
ALT01292,CUST01251,2523.74,1387,43,1,delivered,signed,dev_77097749,addr_15b52908,44,not_as_described,Item is not what the listing showed. Quality is poor.,honest,,False,0
ALT01293,CUST00910,3520.65,37,3,0,delivered,none,dev_188a7f55,addr_5aeb90f6,37,unauthorised,"This charge is not mine, my card was used without permission.",ring,tight,False,0
ALT01294,CUST01469,1347.53,282,6,0,lost,none,dev_2702878b,addr_20500494,29,not_as_described,"Received the wrong variant, this is not what I ordered.",honest,,False,0
ALT01295,CUST00833,2259.0,588,5,0,delivered,otp,dev_5fcf5c22,addr_be006ccb,34,unauthorised,I did not authorise this transaction on my card.,honest,,False,0
ALT01296,CUST00283,3591.33,285,7,3,in_transit,none,dev_7f71eef6,addr_6e43b319,2,unauthorised,"Unknown charge from your store, I never placed any order. I raised this before and got no response.",opportunist,,False,0
ALT01297,CUST00259,2054.61,45,0,0,delivered,signed,dev_2f39f8c8,addr_f2d6c18c,35,duplicate_charge,"Charged twice for the same order, please reverse one debit.",ring,dropship,False,1
ALT01298,CUST00866,767.53,460,16,0,in_transit,none,dev_084a3c4b,addr_9a3624d6,25,not_as_described,Product does not match the description on your site.,honest,,False,0
ALT01299,CUST01415,7212.72,56,0,1,delivered,signed,dev_51ffdef6,addr_b6caf840,41,unauthorised,"This charge is not mine, my card was used without permission. The box was torn when I opened it. Refund immediately.",ring,tight,True,1
ALT01300,CUST01310,5996.86,574,17,1,delivered,otp,dev_df223246,addr_a2ed50b9,28,item_not_received,Order never arrived. Tracking shows delivered but nothing reached me. Kindly help.,honest,,False,1
ALT01301,CUST00758,2196.46,236,43,1,lost,none,dev_fd06875b,addr_3b8c0f84,4,item_not_received,Order never arrived. Tracking shows delivered but nothing reached me. It stopped working after two days of use. Kindly help.,honest,,True,1
ALT01302,CUST00756,8332.48,1045,43,1,in_transit,none,dev_37a3c30a,addr_b6e1e7ac,37,item_not_received,Order never arrived. Tracking shows delivered but nothing reached me. Kindly help.,honest,,False,1
ALT01303,CUST01791,3735.79,318,20,0,delivered,signed,dev_74d9d1f5,addr_eb04159c,26,item_not_received,Nothing was delivered to my address. Please refund the amount. The box was torn when I opened it. Kindly help.,honest,,True,1
ALT01304,CUST01797,1851.3,270,44,0,delivered,none,dev_a5b40983,addr_7fb75c57,37,unauthorised,"This charge is not mine, my card was used without permission.",honest,,False,0
ALT01305,CUST01306,1222.53,811,41,0,delivered,signed,dev_1974fb71,addr_2f54f0e5,5,item_not_received,Nothing was delivered to my address. Please refund the amount.,honest,,False,1
ALT01306,CUST00155,878.69,1234,43,0,delivered,otp,dev_8fadc1a6,addr_6b65a6a4,41,item_not_received,Nothing was delivered to my address. Please refund the amount. Kindly help.,honest,,False,1
ALT01307,CUST00444,1937.68,900,6,0,delivered,otp,dev_7a57772b,addr_19cea0c3,4,not_as_described,Item is not what the listing showed. Quality is poor. Kindly help.,honest,,False,1
ALT01308,CUST01309,1723.24,173,7,1,delivered,none,dev_c04a3f68,addr_3a314e67,21,not_as_described,"Received the wrong variant, this is not what I ordered. This keeps happening.",opportunist,,False,0
ALT01309,CUST00537,1051.54,299,8,1,delivered,none,dev_78786140,addr_896490ab,10,not_as_described,Product does not match the description on your site.,honest,,False,0
ALT01310,CUST00829,1628.49,472,46,0,in_transit,none,dev_9033da65,addr_2a038ad4,36,not_as_described,"Received the wrong variant, this is not what I ordered. Kindly help.",honest,,False,0
ALT01311,CUST00210,1273.58,550,19,0,delivered,signed,dev_8897c497,addr_4ab63e0f,25,not_as_described,Product does not match the description on your site.,honest,,False,0
ALT01312,CUST00231,1271.6,478,14,2,delivered,otp,dev_99685a3c,addr_c53f777f,25,unauthorised,"Unknown charge from your store, I never placed any order.",opportunist,,False,1
ALT01313,CUST00327,6789.34,347,32,0,delivered,otp,dev_670a858c,addr_1987e6d0,21,item_not_received,Nothing was delivered to my address. Please refund the amount.,honest,,False,1
ALT01314,CUST00767,451.89,960,34,0,delivered,signed,dev_548b2ce3,addr_f39ef1be,38,not_as_described,"Received the wrong variant, this is not what I ordered.",honest,,False,1
ALT01315,CUST00900,5199.86,893,17,1,in_transit,none,dev_1f6d5768,addr_d68e51f0,16,not_as_described,Item is not what the listing showed. Quality is poor.,honest,,False,0
ALT01316,CUST01184,413.81,89,2,3,delivered,otp,dev_3f086a9e,addr_243191eb,19,unauthorised,"Unknown charge from your store, I never placed any order.",ring,tight,False,0
ALT01317,CUST00193,4715.96,1407,19,0,delivered,otp,dev_d73e7bb9,addr_e1b41171,36,not_as_described,Item is not what the listing showed. Quality is poor. Kindly help.,honest,,False,1
ALT01318,CUST00676,2235.3,881,8,1,delivered,signed,dev_43c1136c,addr_70c98336,36,not_as_described,Product does not match the description on your site.,honest,,False,1
ALT01319,CUST00008,981.57,1307,5,0,in_transit,otp,dev_d9441fa5,addr_2a935d62,1,item_not_received,Order never arrived. Tracking shows delivered but nothing reached me.,honest,,False,1
ALT01320,CUST01691,1562.46,1291,44,1,delivered,otp,dev_335dab46,addr_76658707,38,not_as_described,"Received the wrong variant, this is not what I ordered.",honest,,False,0
ALT01321,CUST00142,3957.51,728,26,1,delivered,otp,dev_c4f5b03e,addr_8e990457,11,unauthorised,"This charge is not mine, my card was used without permission.",honest,,False,1
ALT01322,CUST00218,1956.72,192,15,4,lost,none,dev_a8575900,addr_3864bf75,35,item_not_received,Nothing was delivered to my address. Please refund the amount. I raised this before and got no response.,opportunist,,False,0
ALT01323,CUST00256,3522.22,1229,12,1,in_transit,none,dev_366b3575,addr_3370dc1d,41,unauthorised,"Unknown charge from your store, I never placed any order. Kindly help.",honest,,False,0
ALT01324,CUST01729,20724.85,427,24,1,delivered,otp,dev_789fed96,addr_54f5df70,30,not_as_described,Item is not what the listing showed. Quality is poor. Kindly help.,honest,,False,1
ALT01325,CUST00599,4282.89,232,5,1,delivered,signed,dev_0308aa5e,addr_fa3c1628,42,unauthorised,I did not authorise this transaction on my card.,honest,,False,0
ALT01326,CUST01597,1725.05,503,41,0,delivered,signed,dev_ecc817a6,addr_693016ea,10,duplicate_charge,"Charged twice for the same order, please reverse one debit.",honest,,False,1
ALT01327,CUST01467,7327.53,1398,32,1,in_transit,none,dev_f8140102,addr_785299f4,19,item_not_received,Order never arrived. Tracking shows delivered but nothing reached me. Kindly help.,honest,,False,0
ALT01328,CUST00106,1564.63,707,47,0,delivered,otp,dev_cc21cbdb,addr_d86065a2,45,unauthorised,I did not authorise this transaction on my card. Kindly help.,honest,,False,1
ALT01329,CUST01708,3126.51,1460,34,1,lost,none,dev_4c60b543,addr_1b6f1a9e,28,unauthorised,I did not authorise this transaction on my card.,honest,,False,0
ALT01330,CUST00747,715.74,230,22,1,in_transit,none,dev_345e2eaf,addr_9df79a27,26,not_as_described,"Received the wrong variant, this is not what I ordered.",honest,,False,0
ALT01331,CUST00606,1617.61,1491,38,1,delivered,otp,dev_c90b9454,addr_4ccf0a4b,34,not_as_described,Item is not what the listing showed. Quality is poor.,honest,,False,1
ALT01332,CUST01595,3220.52,498,6,1,delivered,signed,dev_f9e38905,addr_3f91c419,10,unauthorised,I did not authorise this transaction on my card. Kindly help.,honest,,False,1
ALT01333,CUST00777,2229.36,993,31,1,delivered,signed,dev_55ab946d,addr_54669d19,40,unauthorised,I did not authorise this transaction on my card.,honest,,False,1
ALT01334,CUST01186,4036.75,1302,10,0,delivered,signed,dev_89e4ec28,addr_1f982a0d,1,duplicate_charge,"Charged twice for the same order, please reverse one debit.",honest,,False,1
ALT01335,CUST01419,1470.29,560,38,1,delivered,otp,dev_c64ee6e3,addr_7701f7bb,8,not_as_described,"Received the wrong variant, this is not what I ordered. Kindly help.",honest,,False,1
ALT01336,CUST01201,4984.4,310,24,0,delivered,none,dev_909e21ba,addr_b2a0f778,45,item_not_received,I have not received this package even after 45 days. The colour is nothing like the photos.,honest,,True,0
ALT01337,CUST00018,983.04,576,6,0,delivered,signed,dev_ba4f4b03,addr_a97a4f4e,36,not_as_described,Product does not match the description on your site.,honest,,False,1
ALT01338,CUST01729,3162.94,427,24,1,delivered,signed,dev_789fed96,addr_54f5df70,36,not_as_described,Item is not what the listing showed. Quality is poor.,honest,,False,1
ALT01339,CUST00591,1357.04,556,19,1,delivered,otp,dev_b805ae3c,addr_8df4097b,6,not_as_described,Item is not what the listing showed. Quality is poor.,honest,,False,1
ALT01340,CUST01168,535.6,507,47,1,delivered,otp,dev_49793220,addr_e01a5b5e,25,unauthorised,"Unknown charge from your store, I never placed any order.",honest,,False,1
ALT01341,CUST01747,3970.71,1373,14,1,delivered,otp,dev_f8751fd4,addr_544c0132,2,unauthorised,"This charge is not mine, my card was used without permission. Kindly help.",honest,,False,1
ALT01342,CUST00284,250.98,11,0,0,in_transit,none,dev_f2602a26,addr_8af41753,24,unauthorised,"This charge is not mine, my card was used without permission. Refund immediately.",ring,tight,False,0
ALT01343,CUST01103,1185.85,1212,30,0,delivered,none,dev_b00805cc,addr_e2add909,11,not_as_described,Product does not match the description on your site.,honest,,False,1
ALT01344,CUST00594,925.45,560,20,1,delivered,otp,dev_b297a782,addr_b357f3f9,44,not_as_described,Item is not what the listing showed. Quality is poor. Kindly help.,honest,,False,1
ALT01345,CUST00801,6215.29,1169,40,1,in_transit,otp,dev_54aebd1b,addr_b3ee4d3b,4,duplicate_charge,Two payments went out for a single purchase. Kindly help.,honest,,False,0
ALT01346,CUST01528,4435.84,1265,33,0,in_transit,otp,dev_ae27d432,addr_7d23d479,2,not_as_described,Item is not what the listing showed. Quality is poor. Kindly help.,honest,,False,1
ALT01347,CUST00049,895.2,1426,49,0,delivered,signed,dev_5075b55a,addr_0a054950,10,item_not_received,I have not received this package even after 10 days. Kindly help.,honest,,False,1
ALT01348,CUST00415,797.48,1055,38,1,in_transit,none,dev_a78eb37c,addr_bba8a7e5,45,duplicate_charge,"Charged twice for the same order, please reverse one debit.",honest,,False,0
ALT01349,CUST00861,1493.35,246,10,1,in_transit,none,dev_f526d3b0,addr_64f8f226,25,duplicate_charge,"Charged twice for the same order, please reverse one debit.",honest,,False,0
ALT01350,CUST00119,841.22,31,0,0,delivered,signed,dev_51ffdef6,addr_b6caf840,39,item_not_received,Nothing was delivered to my address. Please refund the amount. Refund immediately.,ring,tight,False,1
ALT01351,CUST01067,7637.09,575,12,4,delivered,signed,dev_2ea35df6,addr_78731a4e,35,duplicate_charge,Duplicate debit of the same amount on the same day. This keeps happening.,opportunist,,False,1
ALT01352,CUST00472,511.79,29,3,0,delivered,none,dev_3f086a9e,addr_243191eb,35,item_not_received,Nothing was delivered to my address. Please refund the amount. Reverse this now.,ring,tight,False,1
ALT01353,CUST00103,10217.32,1064,27,0,delivered,signed,dev_f9fc9c3f,addr_1182e8e7,15,duplicate_charge,Two payments went out for a single purchase.,honest,,False,1
ALT01354,CUST00181,3058.36,209,40,0,delivered,signed,dev_31208bde,addr_fa0f01a4,42,item_not_received,Order never arrived. Tracking shows delivered but nothing reached me. The colour is nothing like the photos. Kindly help.,honest,,True,1
ALT01355,CUST01300,1848.01,73,4,1,delivered,signed,dev_86cc556b,addr_282d94a3,37,unauthorised,"This charge is not mine, my card was used without permission.",opportunist,,False,1
ALT01356,CUST01785,3838.68,932,37,0,delivered,otp,dev_af95be79,addr_9b47e639,6,item_not_received,Nothing was delivered to my address. Please refund the amount. The colour is nothing like the photos. Kindly help.,honest,,True,1
ALT01357,CUST01596,615.47,1167,17,0,in_transit,none,dev_4c610ae8,addr_daaf7529,40,item_not_received,Nothing was delivered to my address. Please refund the amount.,honest,,False,0
ALT01358,CUST01267,1593.4,898,15,1,delivered,none,dev_98a21f1c,addr_e222b6a6,38,item_not_received,Order never arrived. Tracking shows delivered but nothing reached me. Kindly help.,honest,,False,0
ALT01359,CUST00864,2731.67,1223,44,0,delivered,otp,dev_c8575c8a,addr_590cee67,23,not_as_described,Product does not match the description on your site.,honest,,False,1
ALT01360,CUST00830,3698.62,877,15,1,in_transit,none,dev_a5f60735,addr_b7f60cdf,45,not_as_described,Product does not match the description on your site.,honest,,False,0
ALT01361,CUST00980,1889.91,224,13,4,in_transit,otp,dev_97caeef5,addr_b4dc70c6,9,not_as_described,"Received the wrong variant, this is not what I ordered.",opportunist,,False,0
ALT01362,CUST00885,1681.48,341,4,2,in_transit,otp,dev_49d693b1,addr_e152dc3a,34,duplicate_charge,"Charged twice for the same order, please reverse one debit.",opportunist,,False,0
ALT01363,CUST01492,10157.11,587,47,1,delivered,none,dev_fb5f5290,addr_f68b6ba0,11,unauthorised,I did not authorise this transaction on my card. Kindly help.,honest,,False,0
ALT01364,CUST00325,3889.5,219,36,1,delivered,signed,dev_56fe972b,addr_6b4d3d1a,45,not_as_described,Product does not match the description on your site. Kindly help.,honest,,False,1
ALT01365,CUST01408,1593.44,442,5,4,delivered,otp,dev_8185716a,addr_ca6425fc,26,item_not_received,I have not received this package even after 26 days. I raised this before and got no response.,opportunist,,False,0
ALT01366,CUST01189,3160.07,1310,13,0,delivered,otp,dev_a7087280,addr_235b275b,7,not_as_described,"Received the wrong variant, this is not what I ordered.",honest,,False,1
ALT01367,CUST01274,731.98,175,16,3,delivered,otp,dev_2508f357,addr_62908017,39,not_as_described,"Received the wrong variant, this is not what I ordered.",opportunist,,False,0
ALT01368,CUST01124,781.43,69,14,4,in_transit,none,dev_9549e631,addr_df8b4008,24,duplicate_charge,Two payments went out for a single purchase.,opportunist,,False,0
ALT01369,CUST00148,5428.81,361,32,0,lost,none,dev_8ba435cc,addr_523ae993,19,duplicate_charge,Two payments went out for a single purchase.,honest,,False,0
ALT01370,CUST01598,4899.68,660,49,0,delivered,otp,dev_c6aa7991,addr_db55daf5,37,not_as_described,Item is not what the listing showed. Quality is poor. Kindly help.,honest,,False,0
ALT01371,CUST01767,289.29,1209,9,1,delivered,signed,dev_94c0b9e0,addr_90c97f00,35,unauthorised,"Unknown charge from your store, I never placed any order.",honest,,False,1
ALT01372,CUST01723,2072.18,1264,26,0,lost,none,dev_11654cb3,addr_69479974,3,not_as_described,Product does not match the description on your site.,honest,,False,0
ALT01373,CUST01584,1205.17,363,18,0,delivered,otp,dev_65a4c79b,addr_18763576,18,item_not_received,Nothing was delivered to my address. Please refund the amount.,honest,,False,1
ALT01374,CUST01149,7538.34,1221,23,0,in_transit,none,dev_26d3e222,addr_09b4413c,41,not_as_described,Item is not what the listing showed. Quality is poor. Kindly help.,honest,,False,0
ALT01375,CUST00477,2098.03,479,15,1,delivered,otp,dev_f5edf382,addr_a630ad9d,2,not_as_described,Item is not what the listing showed. Quality is poor. Kindly help.,honest,,False,1
ALT01376,CUST01796,3250.54,400,33,1,delivered,otp,dev_3d922952,addr_bb56588b,33,item_not_received,I have not received this package even after 33 days.,honest,,False,1
ALT01377,CUST00350,2602.5,84,13,1,delivered,none,dev_e414f2c5,addr_5813a496,42,not_as_described,Item is not what the listing showed. Quality is poor.,opportunist,,False,0
ALT01378,CUST00465,6779.77,77,0,0,in_transit,none,dev_b87189e1,addr_e92af09b,14,unauthorised,"This charge is not mine, my card was used without permission.",ring,dropship,False,0
ALT01379,CUST00085,10366.55,1029,6,1,delivered,none,dev_5ca260c9,addr_1b19d8b8,2,not_as_described,"Received the wrong variant, this is not what I ordered.",honest,,False,0
ALT01380,CUST00788,1971.65,218,6,3,delivered,signed,dev_6035d9af,addr_7743c104,37,item_not_received,Nothing was delivered to my address. Please refund the amount. I raised this before and got no response.,opportunist,,False,1
ALT01381,CUST00050,2284.6,729,40,0,in_transit,otp,dev_e64b9b37,addr_a7890770,21,duplicate_charge,Duplicate debit of the same amount on the same day.,honest,,False,0
ALT01382,CUST01652,354.13,306,26,0,in_transit,otp,dev_cf5285f7,addr_015f566c,18,duplicate_charge,Two payments went out for a single purchase. Kindly help.,honest,,False,1
ALT01383,CUST01223,5611.54,766,42,1,delivered,signed,dev_fb02bebb,addr_d52721e7,32,unauthorised,"Unknown charge from your store, I never placed any order.",honest,,False,0
ALT01384,CUST01615,1469.96,1033,28,0,delivered,otp,dev_d7be7b4f,addr_3c6d3173,24,item_not_received,Nothing was delivered to my address. Please refund the amount.,honest,,False,1
ALT01385,CUST00574,1060.65,1351,7,0,delivered,signed,dev_5c94563a,addr_ba751921,35,not_as_described,"Received the wrong variant, this is not what I ordered. Kindly help.",honest,,False,1
ALT01386,CUST00406,5436.8,248,13,4,delivered,none,dev_3a4962d1,addr_554047fe,19,not_as_described,Product does not match the description on your site. I raised this before and got no response.,opportunist,,False,0
ALT01387,CUST01341,3731.09,1083,38,1,in_transit,otp,dev_87a20e22,addr_cd638ba8,28,duplicate_charge,Two payments went out for a single purchase.,honest,,False,0
ALT01388,CUST00442,6186.67,1329,21,1,delivered,signed,dev_260ccfb4,addr_647ac591,21,item_not_received,Nothing was delivered to my address. Please refund the amount.,honest,,False,0
ALT01389,CUST00968,2757.45,832,16,0,delivered,otp,dev_c422d03e,addr_31274148,39,duplicate_charge,"Charged twice for the same order, please reverse one debit.",honest,,False,1
ALT01390,CUST01583,1613.42,434,46,0,in_transit,none,dev_6e191042,addr_e359eee1,40,not_as_described,Product does not match the description on your site. Kindly help.,honest,,False,0
ALT01391,CUST00515,2494.59,305,23,1,delivered,none,dev_5a057c11,addr_36760ce5,39,unauthorised,"This charge is not mine, my card was used without permission.",honest,,False,0
ALT01392,CUST01562,920.61,426,45,1,in_transit,none,dev_9e2383d0,addr_9f6ccab4,4,item_not_received,Nothing was delivered to my address. Please refund the amount.,honest,,False,0
ALT01393,CUST01089,699.41,1163,6,0,in_transit,otp,dev_59970043,addr_a66fd7f7,26,not_as_described,Item is not what the listing showed. Quality is poor. Kindly help.,honest,,False,1
ALT01394,CUST01684,1293.52,802,8,1,delivered,otp,dev_f7c8435f,addr_fa8bd601,39,item_not_received,Nothing was delivered to my address. Please refund the amount.,honest,,False,1
ALT01395,CUST00915,8132.87,777,36,0,in_transit,otp,dev_c2ca55ed,addr_82e09d39,32,item_not_received,I have not received this package even after 32 days. Kindly help.,honest,,False,0
ALT01396,CUST01614,1780.55,532,19,1,lost,none,dev_d67f017d,addr_3eaf5f08,44,not_as_described,Item is not what the listing showed. Quality is poor. I raised this before and got no response.,opportunist,,False,0
ALT01397,CUST00282,10314.88,1307,26,1,delivered,none,dev_b962c8a7,addr_f96d40f8,3,item_not_received,I have not received this package even after 3 days.,honest,,False,0
ALT01398,CUST00047,1262.92,369,12,1,delivered,none,dev_399557cb,addr_7ac067a6,14,item_not_received,Order never arrived. Tracking shows delivered but nothing reached me.,honest,,False,1
ALT01399,CUST01221,3497.83,178,19,2,delivered,otp,dev_79a759de,addr_08aa6127,15,not_as_described,Product does not match the description on your site. I raised this before and got no response.,opportunist,,False,1
ALT01400,CUST00385,1827.75,182,9,3,delivered,otp,dev_7fb0b7b6,addr_aa0be687,8,duplicate_charge,"Charged twice for the same order, please reverse one debit. I raised this before and got no response.",opportunist,,False,0
ALT01401,CUST01779,1938.25,670,16,0,in_transit,otp,dev_7862246c,addr_7796048f,26,item_not_received,I have not received this package even after 26 days.,honest,,False,0
ALT01402,CUST01129,1626.52,1294,12,0,delivered,otp,dev_a60da1aa,addr_f8e351ea,43,duplicate_charge,"Charged twice for the same order, please reverse one debit. Kindly help.",honest,,False,1
ALT01403,CUST00104,715.41,490,38,1,delivered,otp,dev_16a46b83,addr_c74d8df0,36,not_as_described,"Received the wrong variant, this is not what I ordered.",honest,,False,1
ALT01404,CUST00700,973.41,646,13,1,in_transit,otp,dev_4bb8ebe2,addr_173a0c96,17,item_not_received,Order never arrived. Tracking shows delivered but nothing reached me. Kindly help.,honest,,False,1
ALT01405,CUST01687,978.89,844,13,0,lost,none,dev_159152f2,addr_9b8b38ae,15,item_not_received,I have not received this package even after 15 days. Kindly help.,honest,,False,0
ALT01406,CUST00623,2270.78,468,6,1,delivered,signed,dev_592448ee,addr_b0e8b2fa,15,unauthorised,"This charge is not mine, my card was used without permission.",honest,,False,1
ALT01407,CUST00970,1158.96,1145,33,0,delivered,otp,dev_0e9058b6,addr_d4ea120a,13,not_as_described,"Received the wrong variant, this is not what I ordered.",honest,,False,0
ALT01408,CUST00789,1815.58,676,8,0,delivered,otp,dev_69ce1e4e,addr_b7a4c719,43,unauthorised,"This charge is not mine, my card was used without permission.",honest,,False,0
ALT01409,CUST01472,1550.65,201,6,4,in_transit,none,dev_e74f232b,addr_0ed40264,11,unauthorised,I did not authorise this transaction on my card. This keeps happening.,opportunist,,False,0
ALT01410,CUST00527,1006.67,1140,33,1,delivered,otp,dev_7f9ad277,addr_50e96888,29,unauthorised,"Unknown charge from your store, I never placed any order. Kindly help.",honest,,False,1
ALT01411,CUST00121,1894.26,595,10,2,delivered,signed,dev_bd4ba9cd,addr_db869a02,28,not_as_described,Product does not match the description on your site. This keeps happening.,opportunist,,False,1
ALT01412,CUST00688,618.9,969,12,0,lost,none,dev_33daefc1,addr_9606006a,32,not_as_described,"Received the wrong variant, this is not what I ordered.",honest,,False,0
ALT01413,CUST00066,1270.9,42,0,1,in_transit,none,dev_51ffdef6,addr_b6caf840,38,unauthorised,"Unknown charge from your store, I never placed any order. Reverse this now.",ring,tight,False,0
ALT01414,CUST01481,1008.7,623,16,0,delivered,signed,dev_b25c5b50,addr_866b329a,12,unauthorised,"This charge is not mine, my card was used without permission.",honest,,False,1
ALT01415,CUST01695,940.71,1216,6,1,in_transit,none,dev_aee70ab2,addr_2c3d17e2,34,duplicate_charge,Two payments went out for a single purchase. Kindly help.,honest,,False,0
ALT01416,CUST00704,1195.74,1015,49,1,in_transit,none,dev_7de1936b,addr_18cc8417,19,item_not_received,Order never arrived. Tracking shows delivered but nothing reached me.,honest,,False,1
ALT01417,CUST01244,2566.5,770,47,1,in_transit,none,dev_7900f7f9,addr_c8dcd19f,24,not_as_described,Product does not match the description on your site.,honest,,False,0
ALT01418,CUST01132,1387.59,943,7,1,delivered,otp,dev_9b24955c,addr_01d3a033,17,item_not_received,I have not received this package even after 17 days.,honest,,False,1
ALT01419,CUST00775,1753.02,806,21,1,delivered,otp,dev_0cd20e43,addr_d02c75f9,22,item_not_received,Nothing was delivered to my address. Please refund the amount.,honest,,False,1
ALT01420,CUST01287,731.69,138,5,4,delivered,none,dev_0528d309,addr_26df7b57,13,not_as_described,"Received the wrong variant, this is not what I ordered. This keeps happening.",opportunist,,False,1
ALT01421,CUST00762,4470.58,655,43,1,delivered,otp,dev_857f2f3e,addr_2efcd60c,44,duplicate_charge,Duplicate debit of the same amount on the same day. Kindly help.,honest,,False,0
ALT01422,CUST00990,4401.44,585,6,0,delivered,otp,dev_3de54ee2,addr_89e08b89,2,item_not_received,Nothing was delivered to my address. Please refund the amount.,honest,,False,1
ALT01423,CUST01238,832.12,1440,7,0,delivered,none,dev_3d5b6535,addr_8d7f9371,5,duplicate_charge,"Charged twice for the same order, please reverse one debit.",honest,,False,0
ALT01424,CUST01042,850.51,690,36,1,delivered,signed,dev_1cdcc4c2,addr_980bc81e,6,not_as_described,Product does not match the description on your site. Kindly help.,honest,,False,1
ALT01425,CUST01001,1012.44,435,39,0,delivered,otp,dev_a5cb63a2,addr_e88da719,38,item_not_received,Nothing was delivered to my address. Please refund the amount.,honest,,False,0
ALT01426,CUST01611,3528.95,939,40,1,delivered,signed,dev_d2705470,addr_9def57b4,31,not_as_described,Item is not what the listing showed. Quality is poor.,honest,,False,1
ALT01427,CUST00280,2949.82,295,10,1,delivered,otp,dev_c8b7bcd0,addr_e06a46b2,29,not_as_described,Product does not match the description on your site. This keeps happening.,opportunist,,False,1
ALT01428,CUST01267,5378.8,898,15,1,in_transit,none,dev_98a21f1c,addr_e222b6a6,13,item_not_received,I have not received this package even after 13 days. The box was torn when I opened it.,honest,,True,0
ALT01429,CUST01656,5967.91,437,36,0,lost,none,dev_71076f2e,addr_8f942977,42,item_not_received,Nothing was delivered to my address. Please refund the amount.,honest,,False,1
ALT01430,CUST01136,600.98,453,48,0,delivered,none,dev_3defa7ba,addr_7233d5af,20,unauthorised,I did not authorise this transaction on my card. Kindly help.,honest,,False,0
ALT01431,CUST00647,3419.04,1038,45,1,delivered,otp,dev_6a1d9731,addr_8e49d0f9,16,not_as_described,"Received the wrong variant, this is not what I ordered.",honest,,False,0
ALT01432,CUST01238,5742.79,1440,7,0,in_transit,none,dev_3d5b6535,addr_8d7f9371,18,unauthorised,"Unknown charge from your store, I never placed any order.",honest,,False,0
ALT01433,CUST00609,1662.43,1079,18,1,delivered,otp,dev_44bed486,addr_d40e53ce,16,unauthorised,I did not authorise this transaction on my card.,honest,,False,0
ALT01434,CUST00498,2164.58,605,50,0,in_transit,none,dev_21bd55eb,addr_77e0ee02,29,not_as_described,Item is not what the listing showed. Quality is poor.,honest,,False,1
ALT01435,CUST01784,1772.2,203,20,4,in_transit,none,dev_663f730d,addr_1e19f010,16,item_not_received,Order never arrived. Tracking shows delivered but nothing reached me.,opportunist,,False,0
ALT01436,CUST00201,1904.17,1020,44,1,delivered,otp,dev_98f3f640,addr_d1fa82a6,16,item_not_received,Nothing was delivered to my address. Please refund the amount. Kindly help.,honest,,False,0
ALT01437,CUST00157,564.17,1354,24,0,in_transit,none,dev_76c3e642,addr_3ec0a285,34,not_as_described,Product does not match the description on your site. Kindly help.,honest,,False,0
ALT01438,CUST00841,1520.58,86,16,1,delivered,otp,dev_97e1bc36,addr_f8ef32ee,37,item_not_received,Order never arrived. Tracking shows delivered but nothing reached me. This keeps happening.,opportunist,,False,1
ALT01439,CUST00779,2238.22,1104,37,1,in_transit,otp,dev_196b58f1,addr_a5a7e280,1,duplicate_charge,Duplicate debit of the same amount on the same day. Kindly help.,honest,,False,0
ALT01440,CUST01213,2051.36,390,24,1,in_transit,none,dev_8cebac57,addr_4af715b7,28,not_as_described,Item is not what the listing showed. Quality is poor.,honest,,False,0
ALT01441,CUST00087,4387.0,1048,7,0,delivered,signed,dev_735444fb,addr_7fb33be5,7,item_not_received,Order never arrived. Tracking shows delivered but nothing reached me.,honest,,False,1
ALT01442,CUST00233,965.59,79,9,2,delivered,signed,dev_418495a4,addr_61e561bb,2,item_not_received,Order never arrived. Tracking shows delivered but nothing reached me.,opportunist,,False,1
ALT01443,CUST00443,2996.82,326,13,3,delivered,otp,dev_b06f0681,addr_c99156cc,8,item_not_received,Nothing was delivered to my address. Please refund the amount. I raised this before and got no response.,opportunist,,False,1
ALT01444,CUST01635,3578.68,1283,7,0,delivered,signed,dev_d59ef0fd,addr_c8dcd19f,27,duplicate_charge,"Charged twice for the same order, please reverse one debit. Kindly help.",honest,,False,1
ALT01445,CUST00809,1219.49,61,0,1,delivered,signed,dev_2f39f8c8,addr_c4bfa424,12,item_not_received,Order never arrived. Tracking shows delivered but nothing reached me.,ring,dropship,False,1
ALT01446,CUST00899,1053.7,1397,29,1,in_transit,otp,dev_3bdbc09e,addr_8fb864e4,44,not_as_described,Product does not match the description on your site. Kindly help.,honest,,False,1
ALT01447,CUST01026,9407.5,854,47,1,delivered,otp,dev_b5a47200,addr_3967e60a,16,unauthorised,I did not authorise this transaction on my card.,honest,,False,1
ALT01448,CUST01519,1710.12,19,0,2,delivered,otp,dev_f0d1fa72,addr_4a9b37f0,29,duplicate_charge,"Charged twice for the same order, please reverse one debit. Refund immediately.",ring,tight,False,0
ALT01449,CUST00744,3123.46,54,1,2,delivered,otp,dev_51ffdef6,addr_b6caf840,34,item_not_received,Order never arrived. Tracking shows delivered but nothing reached me.,ring,tight,False,0
ALT01450,CUST01493,3244.29,197,13,2,delivered,otp,dev_94369f5d,addr_504089fa,19,duplicate_charge,Two payments went out for a single purchase. I raised this before and got no response.,opportunist,,False,0
ALT01451,CUST01612,671.59,932,6,0,delivered,signed,dev_247474b3,addr_70be9630,14,not_as_described,Item is not what the listing showed. Quality is poor.,honest,,False,1
ALT01452,CUST01392,2632.68,521,8,0,delivered,otp,dev_54c29d5c,addr_f9722cc1,7,not_as_described,Item is not what the listing showed. Quality is poor. Kindly help.,honest,,False,1
ALT01453,CUST01374,2517.91,548,8,3,delivered,signed,dev_1993edfe,addr_e9af6d28,8,not_as_described,Product does not match the description on your site. I raised this before and got no response.,opportunist,,False,1
ALT01454,CUST00424,9463.02,935,35,1,in_transit,none,dev_5254aad3,addr_453b45fe,31,not_as_described,"Received the wrong variant, this is not what I ordered.",honest,,False,0
ALT01455,CUST00641,2516.83,1236,11,0,in_transit,otp,dev_80cfb1db,addr_c68da4b2,35,not_as_described,Product does not match the description on your site. Kindly help.,honest,,False,1
ALT01456,CUST00989,4236.52,327,50,0,lost,none,dev_84c86c46,addr_8f964685,36,item_not_received,Order never arrived. Tracking shows delivered but nothing reached me.,honest,,False,0
ALT01457,CUST00569,1863.74,291,17,2,delivered,otp,dev_25376857,addr_9cba7bc6,42,not_as_described,"Received the wrong variant, this is not what I ordered. This keeps happening.",opportunist,,False,1
ALT01458,CUST00370,2859.05,949,25,0,in_transit,none,dev_75220646,addr_dcd5bfae,39,item_not_received,I have not received this package even after 39 days. The box was torn when I opened it.,honest,,True,0
ALT01459,CUST00675,4077.86,1372,43,1,in_transit,otp,dev_f26d3dd3,addr_4e003d55,15,duplicate_charge,"Charged twice for the same order, please reverse one debit.",honest,,False,1
ALT01460,CUST00541,707.82,802,19,1,delivered,otp,dev_b118f68d,addr_94e0d3ba,38,not_as_described,Item is not what the listing showed. Quality is poor. Kindly help.,honest,,False,1
ALT01461,CUST00925,1767.7,347,13,4,delivered,otp,dev_39d00762,addr_b61d170a,8,item_not_received,Nothing was delivered to my address. Please refund the amount. This keeps happening.,opportunist,,False,1
ALT01462,CUST01582,3979.78,1229,6,0,lost,none,dev_8827f0b5,addr_f65e52fd,4,not_as_described,"Received the wrong variant, this is not what I ordered. Kindly help.",honest,,False,0
ALT01463,CUST00917,3489.72,960,24,1,delivered,otp,dev_4da273ed,addr_7c659dc9,34,unauthorised,"This charge is not mine, my card was used without permission. Kindly help.",honest,,False,1
ALT01464,CUST01258,2582.75,833,45,1,delivered,otp,dev_af6c6f61,addr_71414f58,9,item_not_received,Order never arrived. Tracking shows delivered but nothing reached me. It stopped working after two days of use. Kindly help.,honest,,True,0
ALT01465,CUST01748,1469.69,484,33,1,delivered,signed,dev_4dffc9aa,addr_1e5c5da8,34,not_as_described,Product does not match the description on your site. Kindly help.,honest,,False,1
ALT01466,CUST01094,489.08,651,9,1,delivered,none,dev_95c89b2d,addr_6f94da50,1,duplicate_charge,"Charged twice for the same order, please reverse one debit.",honest,,False,0
ALT01467,CUST00432,1228.04,1333,24,1,delivered,otp,dev_e8c35a79,addr_eba2a67c,21,duplicate_charge,"Charged twice for the same order, please reverse one debit.",honest,,False,1
ALT01468,CUST00835,2216.04,957,29,1,delivered,signed,dev_031eef96,addr_584cb0f7,24,not_as_described,"Received the wrong variant, this is not what I ordered.",honest,,False,0
ALT01469,CUST01525,2736.0,805,40,0,in_transit,none,dev_311c6eb6,addr_91b0e1d9,27,not_as_described,Product does not match the description on your site.,honest,,False,0
ALT01470,CUST00446,1604.05,1385,43,1,delivered,otp,dev_d78c57d3,addr_665173fa,37,item_not_received,Nothing was delivered to my address. Please refund the amount. Kindly help.,honest,,False,1
ALT01471,CUST01455,1218.83,1433,14,0,delivered,otp,dev_7e7e7419,addr_9fe0a8c7,26,not_as_described,Product does not match the description on your site.,honest,,False,1
ALT01472,CUST00233,1712.58,79,9,2,in_transit,none,dev_418495a4,addr_61e561bb,1,not_as_described,"Received the wrong variant, this is not what I ordered.",opportunist,,False,1
ALT01473,CUST01628,1453.16,331,45,0,delivered,signed,dev_d8914adf,addr_291c0da1,45,not_as_described,"Received the wrong variant, this is not what I ordered.",honest,,False,1
ALT01474,CUST01643,4323.48,1314,15,1,in_transit,none,dev_a87d21ff,addr_3f9304fa,40,item_not_received,I have not received this package even after 40 days. Kindly help.,honest,,False,0
ALT01475,CUST00075,2948.48,1449,35,0,in_transit,none,dev_f5141058,addr_4c6a70f4,45,item_not_received,Order never arrived. Tracking shows delivered but nothing reached me.,honest,,False,0
ALT01476,CUST01377,1666.34,357,20,0,delivered,signed,dev_0eb2858f,addr_be501500,34,item_not_received,I have not received this package even after 34 days. Kindly help.,honest,,False,1
ALT01477,CUST00862,1312.38,208,13,1,in_transit,otp,dev_02774ef3,addr_5430c8c3,44,item_not_received,Order never arrived. Tracking shows delivered but nothing reached me. I raised this before and got no response.,opportunist,,False,1
ALT01478,CUST01742,27084.86,1112,29,1,delivered,otp,dev_99afee64,addr_2fb50401,10,not_as_described,"Received the wrong variant, this is not what I ordered.",honest,,False,1
ALT01479,CUST00216,6361.23,427,36,0,delivered,signed,dev_93364f7e,addr_b7f28572,45,unauthorised,"Unknown charge from your store, I never placed any order.",honest,,False,1
ALT01480,CUST01288,3326.2,1125,9,0,in_transit,otp,dev_bff30c8d,addr_e097dedb,17,duplicate_charge,Two payments went out for a single purchase.,honest,,False,1
ALT01481,CUST00217,1518.62,249,19,4,in_transit,none,dev_bd350d2a,addr_2ff5cdab,13,duplicate_charge,Duplicate debit of the same amount on the same day. I raised this before and got no response.,opportunist,,False,0
ALT01482,CUST00477,3516.34,479,15,1,delivered,signed,dev_f5edf382,addr_a630ad9d,14,item_not_received,I have not received this package even after 14 days.,honest,,False,0
ALT01483,CUST00192,834.05,1064,43,0,delivered,signed,dev_62801c45,addr_f143262f,16,item_not_received,"Nothing was delivered to my address. Please refund the amount. The size is wrong, I want to send it back. Kindly help.",honest,,True,1
ALT01484,CUST01354,693.07,1187,47,0,in_transit,none,dev_3e4c943a,addr_b32d3c81,40,unauthorised,"Unknown charge from your store, I never placed any order. It stopped working after two days of use.",honest,,True,0
ALT01485,CUST01806,5459.68,1062,26,0,in_transit,none,dev_440b71a6,addr_6bcce72a,9,not_as_described,Product does not match the description on your site.,honest,,False,0
ALT01486,CUST01151,358.09,113,11,1,lost,none,dev_1c5d9fe9,addr_cfff0d34,12,not_as_described,"Received the wrong variant, this is not what I ordered. This keeps happening.",opportunist,,False,0
ALT01487,CUST01590,3149.57,464,16,0,in_transit,none,dev_7dffe27d,addr_cb21aa80,6,item_not_received,Order never arrived. Tracking shows delivered but nothing reached me.,honest,,False,0
ALT01488,CUST00441,4536.67,1113,18,1,lost,none,dev_ffa623d0,addr_333ee344,28,not_as_described,Item is not what the listing showed. Quality is poor.,honest,,False,0
ALT01489,CUST01418,1586.06,211,16,4,delivered,otp,dev_ab117736,addr_87101172,19,item_not_received,I have not received this package even after 19 days.,opportunist,,False,0
ALT01490,CUST01332,8537.89,296,6,2,delivered,signed,dev_8116fd6c,addr_17df85b3,18,unauthorised,I did not authorise this transaction on my card. The box was torn when I opened it. I raised this before and got no response.,opportunist,,True,1
ALT01491,CUST01379,1507.19,189,19,4,lost,none,dev_793130ce,addr_3768d6aa,16,item_not_received,Nothing was delivered to my address. Please refund the amount. I raised this before and got no response.,opportunist,,False,0
ALT01492,CUST00594,3541.08,560,20,1,delivered,signed,dev_b297a782,addr_b357f3f9,18,duplicate_charge,Duplicate debit of the same amount on the same day. Kindly help.,honest,,False,1
ALT01493,CUST00063,1011.43,1376,22,1,delivered,signed,dev_82d9a774,addr_65db6e43,24,unauthorised,"This charge is not mine, my card was used without permission. The size is wrong, I want to send it back.",honest,,True,1
ALT01494,CUST01436,5061.63,286,32,0,in_transit,none,dev_a3e05309,addr_4a1dab32,43,item_not_received,Nothing was delivered to my address. Please refund the amount.,honest,,False,0
ALT01495,CUST00688,4820.76,969,12,0,delivered,signed,dev_33daefc1,addr_9606006a,37,not_as_described,Item is not what the listing showed. Quality is poor.,honest,,False,1
ALT01496,CUST01013,1208.16,474,25,0,delivered,otp,dev_3d131a3d,addr_1df05d18,5,not_as_described,"Received the wrong variant, this is not what I ordered.",honest,,False,1
ALT01497,CUST00655,757.69,1304,49,0,delivered,otp,dev_b683d2e6,addr_5f987c71,21,item_not_received,Nothing was delivered to my address. Please refund the amount.,honest,,False,1
ALT01498,CUST00789,17373.63,676,8,0,in_transit,none,dev_69ce1e4e,addr_b7a4c719,5,not_as_described,Product does not match the description on your site.,honest,,False,0
ALT01499,CUST00651,3190.76,83,2,3,delivered,otp,dev_f0d1fa72,addr_4a9b37f0,37,item_not_received,Order never arrived. Tracking shows delivered but nothing reached me. Reverse this now.,ring,tight,False,1
ALT01500,CUST00357,684.73,428,16,1,delivered,signed,dev_633bffff,addr_9b5c4b58,38,item_not_received,Order never arrived. Tracking shows delivered but nothing reached me. This keeps happening.,opportunist,,False,1
ALT01501,CUST00710,1366.41,1267,45,1,delivered,otp,dev_2c816bf0,addr_a75743f9,17,item_not_received,Nothing was delivered to my address. Please refund the amount. The colour is nothing like the photos. Kindly help.,honest,,True,0
ALT01502,CUST01386,5261.52,337,18,1,delivered,otp,dev_994f7c31,addr_2be4be9c,20,item_not_received,I have not received this package even after 20 days.,honest,,False,1
ALT01503,CUST00775,13032.17,806,21,1,delivered,signed,dev_0cd20e43,addr_d02c75f9,18,unauthorised,"This charge is not mine, my card was used without permission. Kindly help.",honest,,False,1
ALT01504,CUST01059,10832.65,1119,16,0,delivered,signed,dev_838b77ad,addr_6090103c,14,item_not_received,Nothing was delivered to my address. Please refund the amount. Kindly help.,honest,,False,1
ALT01505,CUST00780,3075.34,84,20,3,delivered,otp,dev_2dc12143,addr_725f875a,33,unauthorised,I did not authorise this transaction on my card. I raised this before and got no response.,opportunist,,False,1
ALT01506,CUST00510,235.01,383,14,1,in_transit,none,dev_f3c1114d,addr_adb94a81,40,item_not_received,I have not received this package even after 40 days.,honest,,False,0
ALT01507,CUST00921,2214.69,442,28,0,delivered,signed,dev_e545281b,addr_9ac0ee26,37,unauthorised,"Unknown charge from your store, I never placed any order. Kindly help.",honest,,False,1
ALT01508,CUST01071,932.8,821,19,1,in_transit,none,dev_b5502e2b,addr_8d59c34d,39,duplicate_charge,Two payments went out for a single purchase. Kindly help.,honest,,False,0
ALT01509,CUST01772,2375.19,948,34,0,delivered,otp,dev_5d96120d,addr_34680b6e,39,unauthorised,"This charge is not mine, my card was used without permission.",honest,,False,1
ALT01510,CUST00429,1031.69,611,13,0,in_transit,otp,dev_ca55e38b,addr_06ba8cd3,39,not_as_described,"Received the wrong variant, this is not what I ordered.",honest,,False,0
ALT01511,CUST00672,1795.37,238,15,4,delivered,otp,dev_ec20d201,addr_9ca5b74f,34,unauthorised,"This charge is not mine, my card was used without permission.",opportunist,,False,1
ALT01512,CUST01127,1561.05,424,11,0,delivered,otp,dev_2049a289,addr_af374e8c,19,duplicate_charge,Duplicate debit of the same amount on the same day.,honest,,False,1
ALT01513,CUST01057,1973.82,225,41,1,lost,none,dev_782a65e0,addr_70c2903f,38,not_as_described,"Received the wrong variant, this is not what I ordered.",honest,,False,0
ALT01514,CUST00836,2566.35,1056,40,1,in_transit,none,dev_5db2f6ce,addr_6fa5f03f,42,not_as_described,"Received the wrong variant, this is not what I ordered. Kindly help.",honest,,False,0
ALT01515,CUST00105,2124.21,670,20,1,delivered,signed,dev_589decb0,addr_4690fb15,6,not_as_described,Item is not what the listing showed. Quality is poor.,honest,,False,1
ALT01516,CUST01635,1152.58,1283,7,0,delivered,otp,dev_d59ef0fd,addr_c8dcd19f,29,duplicate_charge,Two payments went out for a single purchase.,honest,,False,1
ALT01517,CUST00983,869.62,228,21,0,in_transit,none,dev_ca0ee8c4,addr_81b13b80,21,not_as_described,Product does not match the description on your site.,honest,,False,1
ALT01518,CUST00156,4503.01,675,37,0,delivered,otp,dev_af5a7636,addr_77ed78d9,44,duplicate_charge,Two payments went out for a single purchase.,honest,,False,1
ALT01519,CUST01356,6360.25,18,2,3,delivered,otp,dev_c37637d6,addr_a057c558,12,unauthorised,"This charge is not mine, my card was used without permission. Reverse this now.",ring,tight,False,0
ALT01520,CUST01310,2470.6,574,17,1,lost,none,dev_df223246,addr_a2ed50b9,21,not_as_described,"Received the wrong variant, this is not what I ordered.",honest,,False,0
ALT01521,CUST01555,375.05,667,25,1,lost,none,dev_a72bdddd,addr_b5def807,27,not_as_described,Product does not match the description on your site. Kindly help.,honest,,False,0
ALT01522,CUST01619,1911.59,127,15,3,lost,none,dev_9a0fb0b8,addr_abdd439a,20,not_as_described,"Received the wrong variant, this is not what I ordered.",opportunist,,False,0
ALT01523,CUST01628,1884.02,331,45,0,delivered,signed,dev_d8914adf,addr_291c0da1,35,unauthorised,"This charge is not mine, my card was used without permission.",honest,,False,1
ALT01524,CUST00615,1118.75,75,1,3,lost,none,dev_4819a23a,addr_04eb1694,22,unauthorised,"Unknown charge from your store, I never placed any order. It stopped working after two days of use. Reverse this now.",ring,household,True,0
ALT01525,CUST01004,2092.27,580,36,0,in_transit,otp,dev_8e0ec033,addr_7d592e19,12,not_as_described,"Received the wrong variant, this is not what I ordered. Kindly help.",honest,,False,0
ALT01526,CUST01617,2129.41,224,48,0,delivered,signed,dev_19ca9c1b,addr_dca1adcc,34,unauthorised,"Unknown charge from your store, I never placed any order.",honest,,False,1
ALT01527,CUST01760,2319.99,469,13,3,in_transit,otp,dev_12581998,addr_06e2ac94,4,duplicate_charge,Two payments went out for a single purchase. This keeps happening.,opportunist,,False,0
ALT01528,CUST00718,4542.2,1359,16,0,delivered,otp,dev_b2165b5a,addr_40da9c7d,6,item_not_received,I have not received this package even after 6 days. Kindly help.,honest,,False,0
ALT01529,CUST01183,327.06,486,20,2,delivered,signed,dev_4d126ab1,addr_2ef17a90,40,duplicate_charge,Two payments went out for a single purchase. This keeps happening.,opportunist,,False,1
ALT01530,CUST01031,1318.57,5,0,3,in_transit,none,dev_b87189e1,addr_a0d763f0,32,item_not_received,I have not received this package even after 32 days.,ring,dropship,False,0
ALT01531,CUST00442,2642.79,1329,21,1,delivered,signed,dev_260ccfb4,addr_647ac591,13,item_not_received,I have not received this package even after 13 days.,honest,,False,1
ALT01532,CUST01392,448.06,521,8,0,delivered,otp,dev_54c29d5c,addr_f9722cc1,33,item_not_received,Nothing was delivered to my address. Please refund the amount. Kindly help.,honest,,False,1
ALT01533,CUST01471,3739.68,1014,19,0,delivered,signed,dev_35ba5e93,addr_d07c5e53,10,item_not_received,I have not received this package even after 10 days. Kindly help.,honest,,False,1
ALT01534,CUST00863,1298.94,311,9,1,delivered,otp,dev_5860c4f4,addr_1f69e2b1,4,unauthorised,I did not authorise this transaction on my card.,honest,,False,1
ALT01535,CUST00617,1887.77,533,11,0,delivered,signed,dev_1d2cec89,addr_138ef8cc,28,not_as_described,Product does not match the description on your site.,honest,,False,1
ALT01536,CUST00278,4733.91,572,8,1,delivered,none,dev_610cf373,addr_362f5e5c,21,not_as_described,Product does not match the description on your site. Kindly help.,honest,,False,0
ALT01537,CUST01135,6526.62,531,9,1,lost,none,dev_c6f06a71,addr_61ff1d9a,32,not_as_described,"Received the wrong variant, this is not what I ordered.",honest,,False,1
ALT01538,CUST01255,3842.17,1392,42,1,delivered,signed,dev_13325c31,addr_ff45f8a2,19,item_not_received,Order never arrived. Tracking shows delivered but nothing reached me. Kindly help.,honest,,False,1
ALT01539,CUST00725,839.63,469,12,1,in_transit,none,dev_e8438f65,addr_6b13b71d,30,not_as_described,Item is not what the listing showed. Quality is poor. I raised this before and got no response.,opportunist,,False,1
ALT01540,CUST00797,3673.78,1241,40,0,delivered,otp,dev_57423882,addr_d34794cc,17,item_not_received,I have not received this package even after 17 days.,honest,,False,1
ALT01541,CUST00956,3897.5,1260,28,1,delivered,signed,dev_0be3534a,addr_52f6531f,13,not_as_described,Item is not what the listing showed. Quality is poor.,honest,,False,1
ALT01542,CUST00649,3257.41,1500,47,1,in_transit,none,dev_d9a09007,addr_65d0b517,42,unauthorised,"Unknown charge from your store, I never placed any order. Kindly help.",honest,,False,0
ALT01543,CUST00119,7611.75,31,0,0,in_transit,none,dev_51ffdef6,addr_b6caf840,3,unauthorised,"Unknown charge from your store, I never placed any order.",ring,tight,False,0
ALT01544,CUST01630,2371.44,1104,10,0,delivered,signed,dev_8c1e9464,addr_d343bf88,10,unauthorised,"Unknown charge from your store, I never placed any order.",honest,,False,1
ALT01545,CUST00703,1670.64,391,8,2,delivered,none,dev_c4329e78,addr_da341653,42,unauthorised,I did not authorise this transaction on my card. This keeps happening.,opportunist,,False,0
ALT01546,CUST00266,7323.84,477,20,1,lost,none,dev_5738db52,addr_5a239f52,3,not_as_described,Item is not what the listing showed. Quality is poor.,opportunist,,False,0
ALT01547,CUST00532,1196.86,787,31,0,delivered,none,dev_c4db5a62,addr_6b9cd71c,6,not_as_described,Item is not what the listing showed. Quality is poor. Kindly help.,honest,,False,1
ALT01548,CUST00502,3461.67,293,15,0,in_transit,none,dev_4cf6a297,addr_6e951719,43,not_as_described,"Received the wrong variant, this is not what I ordered.",honest,,False,0
ALT01549,CUST00161,2988.73,495,37,0,delivered,otp,dev_752caa97,addr_8775cabf,38,not_as_described,"Received the wrong variant, this is not what I ordered.",honest,,False,1
ALT01550,CUST00177,1963.65,167,16,1,delivered,otp,dev_602cf604,addr_bf86ad63,14,item_not_received,I have not received this package even after 14 days.,opportunist,,False,1
ALT01551,CUST00638,2657.92,1179,32,1,in_transit,none,dev_c90ec689,addr_8a45e02e,28,not_as_described,Product does not match the description on your site. Kindly help.,honest,,False,0
ALT01552,CUST01564,2596.81,1207,17,0,delivered,otp,dev_e604bfbe,addr_6924e248,18,not_as_described,Product does not match the description on your site. Kindly help.,honest,,False,1
ALT01553,CUST00842,4915.33,770,34,0,delivered,otp,dev_134c6c92,addr_19108be5,25,unauthorised,"Unknown charge from your store, I never placed any order. Kindly help.",honest,,False,1
ALT01554,CUST00032,10279.54,1032,7,1,in_transit,none,dev_ddcf5003,addr_f0c44ecb,24,unauthorised,I did not authorise this transaction on my card. Kindly help.,honest,,False,0
ALT01555,CUST01314,1834.75,357,24,0,delivered,signed,dev_905f9096,addr_d9750f00,15,item_not_received,Nothing was delivered to my address. Please refund the amount.,honest,,False,1
ALT01556,CUST01176,874.64,48,1,2,in_transit,none,dev_b8180f1c,addr_04eb1694,19,unauthorised,"This charge is not mine, my card was used without permission. Refund immediately.",ring,household,False,0
ALT01557,CUST01393,1133.37,202,47,1,delivered,otp,dev_ba2ac3d9,addr_1a9c672a,10,item_not_received,I have not received this package even after 10 days. The box was torn when I opened it.,honest,,True,1
ALT01558,CUST01793,2237.86,765,40,0,delivered,signed,dev_18233383,addr_75dacbbe,32,item_not_received,Order never arrived. Tracking shows delivered but nothing reached me. Kindly help.,honest,,False,1
ALT01559,CUST01209,4754.92,1439,46,1,in_transit,none,dev_f72cb6c8,addr_69fb2fe6,33,item_not_received,I have not received this package even after 33 days.,honest,,False,1
ALT01560,CUST01770,1964.08,458,3,2,delivered,signed,dev_9dd3c15a,addr_bbae2fbd,39,item_not_received,Nothing was delivered to my address. Please refund the amount.,opportunist,,False,1
ALT01561,CUST01603,5898.79,916,16,1,delivered,otp,dev_5ac2a176,addr_19f145cc,6,unauthorised,"This charge is not mine, my card was used without permission.",honest,,False,0
ALT01562,CUST01775,1544.11,291,20,0,in_transit,none,dev_30259856,addr_d527189b,7,not_as_described,Item is not what the listing showed. Quality is poor.,honest,,False,0
ALT01563,CUST00750,4854.27,394,7,0,delivered,otp,dev_da1c96ae,addr_2ba6b158,23,item_not_received,I have not received this package even after 23 days.,honest,,False,1
ALT01564,CUST01581,868.03,1233,44,1,delivered,otp,dev_5ef361c2,addr_8f3f5995,40,item_not_received,Nothing was delivered to my address. Please refund the amount.,honest,,False,0
ALT01565,CUST01420,659.38,848,39,1,delivered,otp,dev_2518ec09,addr_4ee45227,40,item_not_received,Nothing was delivered to my address. Please refund the amount. Kindly help.,honest,,False,1
ALT01566,CUST00621,5649.38,379,8,2,in_transit,none,dev_7ce28b5b,addr_d0de4fb6,5,not_as_described,"Received the wrong variant, this is not what I ordered. I raised this before and got no response.",opportunist,,False,0
ALT01567,CUST01654,933.26,450,7,1,delivered,none,dev_0cf697a5,addr_b9744cde,25,duplicate_charge,Two payments went out for a single purchase. Kindly help.,honest,,False,0
ALT01568,CUST00364,4007.84,375,8,1,delivered,signed,dev_d83e262a,addr_8a426ff0,38,unauthorised,"Unknown charge from your store, I never placed any order. This keeps happening.",opportunist,,False,1
ALT01569,CUST01567,5365.99,1431,20,1,delivered,signed,dev_3d0d3ffd,addr_2663ed11,35,item_not_received,I have not received this package even after 35 days. The colour is nothing like the photos.,honest,,True,1
ALT01570,CUST00260,3486.32,213,5,0,in_transit,none,dev_ed174fdd,addr_48a2a172,12,duplicate_charge,"Charged twice for the same order, please reverse one debit.",honest,,False,0
ALT01571,CUST01411,985.34,248,19,4,delivered,signed,dev_9473b7cd,addr_3a5b171c,16,not_as_described,Product does not match the description on your site. This keeps happening.,opportunist,,False,1
ALT01572,CUST00208,7476.54,325,22,0,delivered,otp,dev_0ab74b5d,addr_cab285dc,13,item_not_received,I have not received this package even after 13 days. Kindly help.,honest,,False,1
ALT01573,CUST00822,1664.46,1002,24,0,delivered,signed,dev_fdb651a6,addr_8c45fc9e,42,item_not_received,Order never arrived. Tracking shows delivered but nothing reached me.,honest,,False,1
ALT01574,CUST00656,1543.89,276,3,4,delivered,signed,dev_4514c416,addr_461ea8aa,19,unauthorised,I did not authorise this transaction on my card. The box was torn when I opened it. This keeps happening.,opportunist,,True,1
ALT01575,CUST01516,3353.67,458,14,1,delivered,otp,dev_44725ab7,addr_c70c15e3,21,item_not_received,Nothing was delivered to my address. Please refund the amount. Kindly help.,honest,,False,1
ALT01576,CUST00885,3933.45,341,4,2,delivered,otp,dev_49d693b1,addr_e152dc3a,20,item_not_received,Nothing was delivered to my address. Please refund the amount. The box was torn when I opened it.,opportunist,,True,0
ALT01577,CUST00832,1708.07,329,5,2,lost,none,dev_fe3a4f96,addr_cdbb6c1f,39,unauthorised,I did not authorise this transaction on my card. This keeps happening.,opportunist,,False,0
ALT01578,CUST01502,1708.31,1432,18,0,in_transit,none,dev_59fe1c45,addr_173d5030,7,item_not_received,Nothing was delivered to my address. Please refund the amount.,honest,,False,0
ALT01579,CUST01413,1482.11,1095,10,1,delivered,signed,dev_4ce6929f,addr_fbf3a106,45,duplicate_charge,"Charged twice for the same order, please reverse one debit. Kindly help.",honest,,False,1
ALT01580,CUST00512,3819.73,416,32,0,delivered,otp,dev_edd0ce02,addr_e713f930,10,not_as_described,Product does not match the description on your site.,honest,,False,1
ALT01581,CUST00311,1824.54,94,11,4,delivered,otp,dev_65f69897,addr_7458d92c,41,not_as_described,Product does not match the description on your site. This keeps happening.,opportunist,,False,1
ALT01582,CUST01595,4201.81,498,6,1,delivered,signed,dev_f9e38905,addr_3f91c419,41,not_as_described,"Received the wrong variant, this is not what I ordered. Kindly help.",honest,,False,0
ALT01583,CUST01637,3716.73,763,18,0,lost,none,dev_945d91a5,addr_5207c6cc,1,item_not_received,Order never arrived. Tracking shows delivered but nothing reached me. It stopped working after two days of use.,honest,,True,0
ALT01584,CUST00265,930.59,1491,32,0,in_transit,none,dev_86514886,addr_4a6b836b,30,not_as_described,Product does not match the description on your site.,honest,,False,1
ALT01585,CUST00323,1794.59,310,16,2,delivered,signed,dev_9b050a6c,addr_1e32e3e1,30,not_as_described,Product does not match the description on your site. I raised this before and got no response.,opportunist,,False,1
ALT01586,CUST01260,2933.0,883,13,1,in_transit,otp,dev_b4a69f3c,addr_8f9797b0,9,not_as_described,Item is not what the listing showed. Quality is poor. Kindly help.,honest,,False,1
ALT01587,CUST00948,7455.16,1098,19,0,lost,none,dev_c6ac1b04,addr_fe54ee4b,23,item_not_received,Order never arrived. Tracking shows delivered but nothing reached me. The box was torn when I opened it.,honest,,True,0
ALT01588,CUST01386,3747.18,337,18,1,in_transit,otp,dev_994f7c31,addr_2be4be9c,42,duplicate_charge,Duplicate debit of the same amount on the same day.,honest,,False,0
ALT01589,CUST01293,6833.51,352,47,0,lost,none,dev_c3abb5f1,addr_6992896e,25,not_as_described,"Received the wrong variant, this is not what I ordered. Kindly help.",honest,,False,1
ALT01590,CUST00058,1649.92,471,16,1,delivered,none,dev_4d8e6d5e,addr_80871ba9,1,item_not_received,I have not received this package even after 1 days. I raised this before and got no response.,opportunist,,False,0
ALT01591,CUST01647,5490.09,426,11,0,delivered,none,dev_f013a170,addr_08018e83,3,duplicate_charge,Two payments went out for a single purchase.,honest,,False,0
ALT01592,CUST01299,12296.15,1330,8,0,delivered,otp,dev_be6127a8,addr_318910ec,28,not_as_described,Product does not match the description on your site.,honest,,False,0
ALT01593,CUST00418,8856.05,52,2,1,in_transit,otp,dev_6af01106,addr_64907a63,7,item_not_received,Nothing was delivered to my address. Please refund the amount. Refund immediately.,ring,dropship,False,0
ALT01594,CUST00883,9813.94,1326,36,0,in_transit,otp,dev_e1bb7399,addr_638b9370,15,item_not_received,Nothing was delivered to my address. Please refund the amount. Kindly help.,honest,,False,0
ALT01595,CUST01045,9931.39,718,7,0,delivered,none,dev_493e904d,addr_a7de02cc,45,item_not_received,Order never arrived. Tracking shows delivered but nothing reached me.,honest,,False,0
ALT01596,CUST00797,1453.42,1241,40,0,delivered,signed,dev_57423882,addr_d34794cc,9,not_as_described,Item is not what the listing showed. Quality is poor.,honest,,False,1
ALT01597,CUST01637,4016.22,763,18,0,in_transit,none,dev_945d91a5,addr_5207c6cc,25,item_not_received,I have not received this package even after 25 days. It stopped working after two days of use. Kindly help.,honest,,True,0
ALT01598,CUST01542,2528.26,1049,26,1,delivered,none,dev_d20f87d0,addr_260a5962,40,unauthorised,I did not authorise this transaction on my card. It stopped working after two days of use.,honest,,True,0
ALT01599,CUST01556,632.59,315,17,1,in_transit,none,dev_4024c424,addr_d6e1ba00,34,item_not_received,Nothing was delivered to my address. Please refund the amount.,honest,,False,0
ALT01600,CUST01147,2489.89,359,20,1,in_transit,otp,dev_fb7d3ba1,addr_e2fbb984,37,item_not_received,Nothing was delivered to my address. Please refund the amount. Kindly help.,honest,,False,0
ALT01601,CUST01543,5714.08,357,7,1,delivered,otp,dev_b67cb2ac,addr_952aed00,4,not_as_described,"Received the wrong variant, this is not what I ordered. I raised this before and got no response.",opportunist,,False,0
ALT01602,CUST00262,3522.47,1409,11,0,delivered,otp,dev_1090dc9d,addr_f9a732dc,27,duplicate_charge,"Charged twice for the same order, please reverse one debit. Kindly help.",honest,,False,1
ALT01603,CUST00115,2087.62,162,12,3,in_transit,none,dev_73deaa56,addr_a9d52401,15,item_not_received,Order never arrived. Tracking shows delivered but nothing reached me. This keeps happening.,opportunist,,False,0
ALT01604,CUST00523,1267.59,1199,30,0,in_transit,none,dev_86351a54,addr_3e085cb7,26,unauthorised,"This charge is not mine, my card was used without permission.",honest,,False,0
ALT01605,CUST01410,3549.45,1338,46,0,delivered,otp,dev_cadcc10f,addr_8862036f,43,item_not_received,Order never arrived. Tracking shows delivered but nothing reached me. Kindly help.,honest,,False,1
ALT01606,CUST00337,1926.93,1333,23,0,in_transit,none,dev_8cc36f3b,addr_9c6d52d5,8,duplicate_charge,"Charged twice for the same order, please reverse one debit.",honest,,False,0
ALT01607,CUST00764,1863.02,369,12,2,delivered,signed,dev_905c3fd9,addr_4001570a,22,not_as_described,"Received the wrong variant, this is not what I ordered. I raised this before and got no response.",opportunist,,False,1
ALT01608,CUST00838,1900.05,336,8,2,delivered,otp,dev_955d3078,addr_205474fa,26,not_as_described,"Received the wrong variant, this is not what I ordered. I raised this before and got no response.",opportunist,,False,0
ALT01609,CUST01503,1615.29,77,9,3,delivered,signed,dev_c7a9ff30,addr_5fdd67bb,22,not_as_described,Item is not what the listing showed. Quality is poor.,opportunist,,False,1
ALT01610,CUST00978,1174.84,1174,40,0,delivered,signed,dev_81b61c87,addr_6431cbbe,22,unauthorised,"Unknown charge from your store, I never placed any order. Kindly help.",honest,,False,1
ALT01611,CUST01275,1461.9,436,29,1,delivered,otp,dev_bc75ed53,addr_d751af9c,18,not_as_described,Product does not match the description on your site.,honest,,False,1
ALT01612,CUST01445,3563.32,662,49,1,delivered,none,dev_f530c98d,addr_eac032fa,11,not_as_described,"Received the wrong variant, this is not what I ordered.",honest,,False,0
ALT01613,CUST01557,1045.4,905,49,0,delivered,otp,dev_e4eb8000,addr_78d9a88a,40,item_not_received,I have not received this package even after 40 days.,honest,,False,1
ALT01614,CUST00458,1660.93,393,42,0,delivered,signed,dev_624b31d7,addr_b3e6922d,5,unauthorised,"This charge is not mine, my card was used without permission.",honest,,False,1
ALT01615,CUST01252,2954.21,1382,48,1,delivered,otp,dev_5a853cd8,addr_f83893a2,1,not_as_described,Product does not match the description on your site.,honest,,False,1
ALT01616,CUST00718,8275.35,1359,16,0,in_transit,none,dev_b2165b5a,addr_40da9c7d,4,unauthorised,I did not authorise this transaction on my card.,honest,,False,0
ALT01617,CUST00175,4563.66,661,25,1,in_transit,otp,dev_e5def08e,addr_6c451540,21,duplicate_charge,Duplicate debit of the same amount on the same day. Kindly help.,honest,,False,0
ALT01618,CUST00317,2291.56,591,11,1,delivered,signed,dev_c82e27a3,addr_a46d4b51,18,item_not_received,I have not received this package even after 18 days. This keeps happening.,opportunist,,False,1
ALT01619,CUST01229,3548.99,213,15,1,delivered,signed,dev_f486a251,addr_bbe43aa7,37,not_as_described,"Received the wrong variant, this is not what I ordered. This keeps happening.",opportunist,,False,1
ALT01620,CUST01421,2711.14,1452,19,0,delivered,signed,dev_efcac577,addr_2401342a,33,not_as_described,"Received the wrong variant, this is not what I ordered.",honest,,False,1
ALT01621,CUST01625,830.18,1391,8,0,delivered,none,dev_51d69f11,addr_22aff503,5,not_as_described,Item is not what the listing showed. Quality is poor.,honest,,False,0
ALT01622,CUST01531,9819.78,1440,11,0,delivered,otp,dev_1e158e2f,addr_d3d877a8,26,not_as_described,Item is not what the listing showed. Quality is poor.,honest,,False,1
ALT01623,CUST00668,8409.08,952,44,0,delivered,signed,dev_22319050,addr_27372b52,16,item_not_received,Order never arrived. Tracking shows delivered but nothing reached me. Kindly help.,honest,,False,1
ALT01624,CUST00895,2073.81,89,0,2,delivered,signed,dev_8d204cf6,addr_e7e399b8,26,unauthorised,"This charge is not mine, my card was used without permission.",ring,household,False,1
ALT01625,CUST00098,1504.31,24,1,3,delivered,otp,dev_68e0c800,addr_72557e4e,45,unauthorised,"Unknown charge from your store, I never placed any order. Reverse this now.",ring,household,False,0
ALT01626,CUST00128,844.7,1149,13,1,in_transit,otp,dev_df1e04cb,addr_a076aed6,39,item_not_received,I have not received this package even after 39 days.,honest,,False,0
ALT01627,CUST01513,3749.23,855,18,1,delivered,otp,dev_501ba851,addr_dd34aa18,24,unauthorised,I did not authorise this transaction on my card.,honest,,False,0
ALT01628,CUST00657,3771.02,1121,34,1,in_transit,none,dev_96792482,addr_21084dd9,42,unauthorised,"Unknown charge from your store, I never placed any order.",honest,,False,0
ALT01629,CUST01763,1114.69,1009,43,0,delivered,otp,dev_01f7c7ec,addr_4169b9fc,21,item_not_received,Order never arrived. Tracking shows delivered but nothing reached me.,honest,,False,1
ALT01630,CUST00373,2738.57,570,49,0,delivered,signed,dev_b89f72f3,addr_0b2f6d5c,26,not_as_described,Product does not match the description on your site. Kindly help.,honest,,False,0
ALT01631,CUST00546,4435.04,1396,35,0,delivered,signed,dev_82010c62,addr_d9f195d0,40,not_as_described,"Received the wrong variant, this is not what I ordered.",honest,,False,1
ALT01632,CUST00168,1423.73,1417,13,1,delivered,none,dev_336b00cb,addr_506e50c7,7,not_as_described,"Received the wrong variant, this is not what I ordered.",honest,,False,0
ALT01633,CUST00767,1868.71,960,34,0,delivered,signed,dev_548b2ce3,addr_f39ef1be,18,not_as_described,Item is not what the listing showed. Quality is poor.,honest,,False,1
ALT01634,CUST01237,1853.85,225,50,0,in_transit,none,dev_b3957a98,addr_29f0ef7c,44,item_not_received,Nothing was delivered to my address. Please refund the amount. The colour is nothing like the photos. Kindly help.,honest,,True,1
ALT01635,CUST01555,1170.76,667,25,1,delivered,signed,dev_a72bdddd,addr_b5def807,22,unauthorised,"This charge is not mine, my card was used without permission.",honest,,False,1
ALT01636,CUST00911,1900.25,1051,39,1,delivered,signed,dev_1789be63,addr_54f6516e,3,item_not_received,I have not received this package even after 3 days.,honest,,False,1
ALT01637,CUST01485,592.1,927,31,1,delivered,otp,dev_71d2e63f,addr_3e3f3da0,41,unauthorised,"This charge is not mine, my card was used without permission. Kindly help.",honest,,False,1
ALT01638,CUST00964,1776.23,660,39,1,delivered,signed,dev_c4134dc2,addr_1d3ca5a4,37,duplicate_charge,"Charged twice for the same order, please reverse one debit. Kindly help.",honest,,False,0
ALT01639,CUST00005,1798.53,273,17,0,in_transit,none,dev_97cb4585,addr_7d3e5830,40,item_not_received,I have not received this package even after 40 days.,honest,,False,0
ALT01640,CUST01421,2095.4,1452,19,0,delivered,none,dev_efcac577,addr_2401342a,24,item_not_received,Order never arrived. Tracking shows delivered but nothing reached me.,honest,,False,1
ALT01641,CUST01359,3319.35,518,33,0,delivered,signed,dev_6f144dc6,addr_7aa03208,17,item_not_received,I have not received this package even after 17 days. Kindly help.,honest,,False,1
ALT01642,CUST00538,1586.3,386,6,3,delivered,signed,dev_b26c8876,addr_dd2fb568,17,unauthorised,"This charge is not mine, my card was used without permission. This keeps happening.",opportunist,,False,1
ALT01643,CUST00689,931.97,533,29,1,delivered,signed,dev_a770c217,addr_1edfc59e,42,item_not_received,I have not received this package even after 42 days.,honest,,False,1
ALT01644,CUST00805,1156.31,847,32,0,delivered,none,dev_013ca998,addr_6fa5d3b0,14,not_as_described,Item is not what the listing showed. Quality is poor.,honest,,False,1
ALT01645,CUST01762,7071.77,865,48,1,delivered,signed,dev_141283fb,addr_9d1911a5,36,not_as_described,Product does not match the description on your site. Kindly help.,honest,,False,1
ALT01646,CUST01192,839.01,810,23,1,in_transit,none,dev_567c5d44,addr_fed747be,32,unauthorised,"This charge is not mine, my card was used without permission.",honest,,False,0
ALT01647,CUST01027,1599.6,249,19,1,delivered,signed,dev_62a876d7,addr_496ec0c9,34,item_not_received,Nothing was delivered to my address. Please refund the amount. Kindly help.,honest,,False,1
ALT01648,CUST00240,2928.53,534,30,1,in_transit,otp,dev_b1cbc263,addr_89310697,27,item_not_received,Nothing was delivered to my address. Please refund the amount. Kindly help.,honest,,False,0
ALT01649,CUST01341,432.51,1083,38,1,in_transit,none,dev_87a20e22,addr_cd638ba8,29,not_as_described,"Received the wrong variant, this is not what I ordered.",honest,,False,0
ALT01650,CUST00952,1943.82,743,30,0,delivered,signed,dev_4ccc9bc2,addr_12922f83,29,not_as_described,"Received the wrong variant, this is not what I ordered. Kindly help.",honest,,False,1
ALT01651,CUST01009,2699.86,894,20,0,delivered,otp,dev_59afb1d1,addr_ac249f30,45,unauthorised,I did not authorise this transaction on my card. Kindly help.,honest,,False,1
ALT01652,CUST00715,894.65,211,9,2,in_transit,none,dev_4d20d6cf,addr_2f4187bc,3,not_as_described,"Received the wrong variant, this is not what I ordered. I raised this before and got no response.",opportunist,,False,0
ALT01653,CUST00763,656.93,1137,46,0,in_transit,none,dev_93c09687,addr_7b814ce1,8,not_as_described,Item is not what the listing showed. Quality is poor.,honest,,False,0
ALT01654,CUST01246,4290.5,60,2,0,in_transit,none,dev_a81d0ecf,addr_e7e399b8,5,item_not_received,Nothing was delivered to my address. Please refund the amount.,ring,household,False,1
ALT01655,CUST01552,444.57,478,39,1,delivered,otp,dev_b118cad6,addr_df377ff8,30,duplicate_charge,Duplicate debit of the same amount on the same day.,honest,,False,0
ALT01656,CUST01001,1580.14,435,39,0,delivered,otp,dev_a5cb63a2,addr_e88da719,34,item_not_received,I have not received this package even after 34 days. Kindly help.,honest,,False,1
ALT01657,CUST00319,805.95,1028,36,0,delivered,otp,dev_f2a24da4,addr_ed850a6d,16,not_as_described,"Received the wrong variant, this is not what I ordered.",honest,,False,1
ALT01658,CUST01386,306.84,337,18,1,delivered,none,dev_994f7c31,addr_2be4be9c,32,unauthorised,"Unknown charge from your store, I never placed any order.",honest,,False,0
ALT01659,CUST01440,1766.46,116,3,2,delivered,signed,dev_dc3c423a,addr_7b6fb65b,30,not_as_described,"Received the wrong variant, this is not what I ordered.",opportunist,,False,1
ALT01660,CUST00437,3326.77,1082,33,1,delivered,signed,dev_1a7167c7,addr_16f142a2,13,item_not_received,I have not received this package even after 13 days.,honest,,False,1
ALT01661,CUST00096,3021.24,1173,22,1,delivered,none,dev_052dfb9a,addr_4d950273,32,item_not_received,I have not received this package even after 32 days.,honest,,False,0
ALT01662,CUST01742,1742.28,1112,29,1,delivered,signed,dev_99afee64,addr_2fb50401,37,not_as_described,"Received the wrong variant, this is not what I ordered.",honest,,False,1
ALT01663,CUST01422,4529.58,1396,29,0,delivered,none,dev_e31f2212,addr_1ecf8aec,43,item_not_received,I have not received this package even after 43 days. The colour is nothing like the photos.,honest,,True,0
ALT01664,CUST01585,2112.14,400,29,0,delivered,otp,dev_ecf678c0,addr_7d57a51f,10,not_as_described,Item is not what the listing showed. Quality is poor. Kindly help.,honest,,False,1
ALT01665,CUST00356,9400.23,906,32,0,lost,none,dev_aac93316,addr_0ba078e8,43,item_not_received,Nothing was delivered to my address. Please refund the amount.,honest,,False,0
ALT01666,CUST01449,4957.87,968,40,1,in_transit,none,dev_73d0b6c7,addr_f5b70dd9,33,item_not_received,I have not received this package even after 33 days. Kindly help.,honest,,False,0
ALT01667,CUST00212,1617.23,919,8,0,delivered,signed,dev_3f63a065,addr_a5e8c198,13,item_not_received,Order never arrived. Tracking shows delivered but nothing reached me.,honest,,False,1
ALT01668,CUST01283,8336.97,1271,33,1,in_transit,otp,dev_b11184e7,addr_98a547b2,11,duplicate_charge,"Charged twice for the same order, please reverse one debit.",honest,,False,1
ALT01669,CUST00169,1749.54,1053,48,0,lost,none,dev_7951d52b,addr_6b8da340,42,not_as_described,"Received the wrong variant, this is not what I ordered. Kindly help.",honest,,False,0
ALT01670,CUST01771,11142.44,1180,30,1,delivered,none,dev_afa415e5,addr_e8e22743,29,unauthorised,"This charge is not mine, my card was used without permission.",honest,,False,0
ALT01671,CUST01433,8796.11,486,39,1,delivered,signed,dev_f50d7a37,addr_862138ad,18,unauthorised,I did not authorise this transaction on my card. Kindly help.,honest,,False,1
ALT01672,CUST00199,2839.21,159,15,2,in_transit,none,dev_4a12c64f,addr_fa98f602,43,not_as_described,Item is not what the listing showed. Quality is poor.,opportunist,,False,0
ALT01673,CUST00782,608.41,298,15,1,lost,none,dev_63ba6c3d,addr_d9815a41,2,item_not_received,Order never arrived. Tracking shows delivered but nothing reached me.,honest,,False,0
ALT01674,CUST01131,2655.16,1342,48,1,in_transit,none,dev_48bddb3e,addr_df8f4197,7,not_as_described,"Received the wrong variant, this is not what I ordered. Kindly help.",honest,,False,0
ALT01675,CUST00878,868.96,584,3,3,delivered,otp,dev_46281fb8,addr_198493ce,18,not_as_described,"Received the wrong variant, this is not what I ordered. I raised this before and got no response.",opportunist,,False,1
ALT01676,CUST01373,1317.26,565,17,0,delivered,signed,dev_19e79a3d,addr_23226464,43,item_not_received,Order never arrived. Tracking shows delivered but nothing reached me.,honest,,False,1
ALT01677,CUST00546,1396.53,1396,35,0,lost,none,dev_82010c62,addr_d9f195d0,8,duplicate_charge,Two payments went out for a single purchase.,honest,,False,0
ALT01678,CUST01109,863.39,213,31,0,delivered,signed,dev_e09016b6,addr_f374190d,33,item_not_received,I have not received this package even after 33 days.,honest,,False,1
ALT01679,CUST00988,2663.67,519,5,1,delivered,otp,dev_4ba99d78,addr_e55ec749,43,duplicate_charge,Two payments went out for a single purchase.,honest,,False,0
ALT01680,CUST01113,1199.63,43,3,1,delivered,otp,dev_f2602a26,addr_8af41753,39,item_not_received,I have not received this package even after 39 days. Reverse this now.,ring,tight,False,1
ALT01681,CUST00988,1815.39,519,5,1,delivered,signed,dev_4ba99d78,addr_e55ec749,7,not_as_described,Item is not what the listing showed. Quality is poor.,honest,,False,1
ALT01682,CUST00577,1405.95,1042,8,1,delivered,otp,dev_ddb7570e,addr_3fead90a,4,not_as_described,Item is not what the listing showed. Quality is poor. Kindly help.,honest,,False,1
ALT01683,CUST00798,3331.89,329,15,1,in_transit,none,dev_46a56fe8,addr_4cbc9044,15,item_not_received,I have not received this package even after 15 days.,honest,,False,0
ALT01684,CUST01340,3125.4,556,6,1,delivered,signed,dev_dac726b6,addr_8cd4b90a,30,not_as_described,Item is not what the listing showed. Quality is poor. Kindly help.,honest,,False,1
ALT01685,CUST01255,1699.96,1392,42,1,delivered,signed,dev_13325c31,addr_ff45f8a2,44,unauthorised,"This charge is not mine, my card was used without permission.",honest,,False,1
ALT01686,CUST01630,3479.33,1104,10,0,in_transit,none,dev_8c1e9464,addr_d343bf88,37,item_not_received,Nothing was delivered to my address. Please refund the amount.,honest,,False,0
ALT01687,CUST00469,6276.91,1406,7,1,delivered,signed,dev_05f4949b,addr_6fe05fa2,8,not_as_described,Product does not match the description on your site.,honest,,False,1
ALT01688,CUST00252,1771.87,534,5,1,delivered,otp,dev_b7f330ad,addr_56ca0fb3,37,item_not_received,"I have not received this package even after 37 days. The size is wrong, I want to send it back.",opportunist,,True,1
ALT01689,CUST00946,1203.07,590,50,0,delivered,signed,dev_e991e6d5,addr_4caa568b,16,item_not_received,"Nothing was delivered to my address. Please refund the amount. The size is wrong, I want to send it back. Kindly help.",honest,,True,1
ALT01690,CUST00283,1586.94,285,7,3,in_transit,none,dev_7f71eef6,addr_6e43b319,11,item_not_received,Nothing was delivered to my address. Please refund the amount. This keeps happening.,opportunist,,False,0
ALT01691,CUST01549,1767.91,538,33,1,delivered,otp,dev_63e73896,addr_9b72a9fe,18,not_as_described,Item is not what the listing showed. Quality is poor. Kindly help.,honest,,False,1
ALT01692,CUST00474,996.22,457,12,4,delivered,none,dev_4295f5c9,addr_3cfc7050,33,not_as_described,Product does not match the description on your site. This keeps happening.,opportunist,,False,0
ALT01693,CUST01308,1251.86,587,17,4,delivered,signed,dev_0c6d5a71,addr_de2e7abc,21,not_as_described,"Received the wrong variant, this is not what I ordered. I raised this before and got no response.",opportunist,,False,0
ALT01694,CUST00519,329.48,48,2,1,delivered,signed,dev_2f39f8c8,addr_59a14829,23,unauthorised,"Unknown charge from your store, I never placed any order.",ring,dropship,False,0
ALT01695,CUST00623,364.09,468,6,1,delivered,otp,dev_592448ee,addr_b0e8b2fa,35,item_not_received,Nothing was delivered to my address. Please refund the amount.,honest,,False,1
ALT01696,CUST00752,213.71,938,5,1,delivered,otp,dev_166ecfe3,addr_7af6cd41,37,unauthorised,"This charge is not mine, my card was used without permission. Kindly help.",honest,,False,0
ALT01697,CUST00929,1444.08,931,10,1,delivered,none,dev_a42d10f5,addr_47263c24,32,item_not_received,Order never arrived. Tracking shows delivered but nothing reached me.,honest,,False,0
ALT01698,CUST00841,1965.5,86,16,1,delivered,none,dev_97e1bc36,addr_f8ef32ee,20,unauthorised,I did not authorise this transaction on my card. It stopped working after two days of use.,opportunist,,True,0
ALT01699,CUST00803,5978.43,878,28,1,delivered,otp,dev_9ace8631,addr_46a47588,41,unauthorised,I did not authorise this transaction on my card.,honest,,False,1
ALT01700,CUST00917,1618.84,960,24,1,delivered,signed,dev_4da273ed,addr_7c659dc9,30,unauthorised,"This charge is not mine, my card was used without permission.",honest,,False,1
ALT01701,CUST01772,1326.82,948,34,0,delivered,none,dev_5d96120d,addr_34680b6e,18,item_not_received,Nothing was delivered to my address. Please refund the amount. Kindly help.,honest,,False,0
ALT01702,CUST01202,859.63,241,49,1,in_transit,otp,dev_96867676,addr_fc5b14bd,30,duplicate_charge,"Charged twice for the same order, please reverse one debit. Kindly help.",honest,,False,0
ALT01703,CUST01561,2248.66,1284,24,1,delivered,signed,dev_7d6c3d2a,addr_be9063fb,12,item_not_received,Nothing was delivered to my address. Please refund the amount. Kindly help.,honest,,False,1
ALT01704,CUST01485,4692.51,927,31,1,delivered,none,dev_71d2e63f,addr_3e3f3da0,17,duplicate_charge,"Charged twice for the same order, please reverse one debit.",honest,,False,1
ALT01705,CUST00618,2316.67,1042,10,0,delivered,none,dev_2488dee3,addr_bfacc63e,38,duplicate_charge,Duplicate debit of the same amount on the same day.,honest,,False,0
ALT01706,CUST01485,1428.92,927,31,1,in_transit,none,dev_71d2e63f,addr_3e3f3da0,35,unauthorised,"This charge is not mine, my card was used without permission. The box was torn when I opened it.",honest,,True,0
ALT01707,CUST01730,1727.05,341,13,3,in_transit,otp,dev_667cf788,addr_fbe5403b,11,not_as_described,"Received the wrong variant, this is not what I ordered. This keeps happening.",opportunist,,False,1
ALT01708,CUST01470,2124.55,1294,29,0,in_transit,none,dev_798b0757,addr_f6419405,27,unauthorised,I did not authorise this transaction on my card.,honest,,False,0
ALT01709,CUST00991,1539.79,448,34,0,in_transit,otp,dev_cd29a36f,addr_986f9025,31,duplicate_charge,Two payments went out for a single purchase.,honest,,False,1
ALT01710,CUST00741,1360.55,1213,35,1,delivered,otp,dev_94c8a69d,addr_a6552e7f,30,not_as_described,Product does not match the description on your site. Kindly help.,honest,,False,1
ALT01711,CUST01618,2922.17,1355,8,0,in_transit,otp,dev_aadf3692,addr_8a9c66f7,10,not_as_described,"Received the wrong variant, this is not what I ordered. Kindly help.",honest,,False,1
ALT01712,CUST01180,1550.35,407,19,1,delivered,otp,dev_30807a5d,addr_aa4d52a8,44,item_not_received,Nothing was delivered to my address. Please refund the amount. The box was torn when I opened it. Kindly help.,honest,,True,0
ALT01713,CUST01039,845.09,339,3,4,delivered,otp,dev_3506e337,addr_a83f18e2,23,not_as_described,"Received the wrong variant, this is not what I ordered. I raised this before and got no response.",opportunist,,False,1
ALT01714,CUST01481,1401.03,623,16,0,delivered,otp,dev_b25c5b50,addr_866b329a,42,duplicate_charge,"Charged twice for the same order, please reverse one debit.",honest,,False,1
ALT01715,CUST01063,2994.96,1377,23,1,delivered,signed,dev_6553867d,addr_f93e08d5,3,not_as_described,"Received the wrong variant, this is not what I ordered.",honest,,False,1
ALT01716,CUST00899,3954.79,1397,29,1,delivered,otp,dev_3bdbc09e,addr_8fb864e4,14,unauthorised,I did not authorise this transaction on my card.,honest,,False,0
ALT01717,CUST00456,10628.75,426,15,0,delivered,otp,dev_c35ea18a,addr_af8d888d,29,duplicate_charge,Duplicate debit of the same amount on the same day.,honest,,False,1
ALT01718,CUST00112,2400.32,1050,16,0,lost,none,dev_f8b38a8b,addr_0a054950,23,unauthorised,I did not authorise this transaction on my card.,honest,,False,0
ALT01719,CUST01353,6644.14,89,3,0,in_transit,none,dev_a4e60afd,addr_df0ff647,42,unauthorised,I did not authorise this transaction on my card.,ring,dropship,False,0
ALT01720,CUST00474,1871.52,457,12,4,delivered,none,dev_4295f5c9,addr_3cfc7050,10,item_not_received,I have not received this package even after 10 days. I raised this before and got no response.,opportunist,,False,0
ALT01721,CUST00776,2091.09,748,14,1,delivered,signed,dev_a247541d,addr_bd5a0c9e,2,unauthorised,"Unknown charge from your store, I never placed any order.",honest,,False,1
ALT01722,CUST01449,2000.61,968,40,1,delivered,none,dev_73d0b6c7,addr_f5b70dd9,23,not_as_described,Item is not what the listing showed. Quality is poor.,honest,,False,0
ALT01723,CUST00896,2650.51,1100,9,1,delivered,signed,dev_3c07c574,addr_55fa1ab8,39,unauthorised,"Unknown charge from your store, I never placed any order.",honest,,False,1
ALT01724,CUST00496,4622.92,1426,40,0,delivered,otp,dev_27afbff9,addr_5dfb1922,25,item_not_received,I have not received this package even after 25 days. Kindly help.,honest,,False,0
ALT01725,CUST01695,1499.36,1216,6,1,delivered,signed,dev_aee70ab2,addr_2c3d17e2,22,not_as_described,Item is not what the listing showed. Quality is poor.,honest,,False,0
ALT01726,CUST01185,1680.69,159,4,2,delivered,otp,dev_300a491a,addr_591c228f,1,not_as_described,Item is not what the listing showed. Quality is poor. This keeps happening.,opportunist,,False,0
ALT01727,CUST01642,974.3,807,32,1,delivered,signed,dev_af4637b3,addr_eea77ea8,20,not_as_described,"Received the wrong variant, this is not what I ordered.",honest,,False,0
ALT01728,CUST01639,959.26,969,43,1,delivered,otp,dev_ee9ff73c,addr_6df0ac3c,28,duplicate_charge,Duplicate debit of the same amount on the same day.,honest,,False,1
ALT01729,CUST00056,5128.51,585,40,1,delivered,signed,dev_6acff20f,addr_2023fd4b,9,unauthorised,I did not authorise this transaction on my card.,honest,,False,1
ALT01730,CUST00070,5338.08,143,12,4,lost,none,dev_df0ccde7,addr_e4a07521,21,item_not_received,Nothing was delivered to my address. Please refund the amount. This keeps happening.,opportunist,,False,0
ALT01731,CUST01355,875.62,567,36,0,delivered,otp,dev_07480379,addr_c3c49506,31,not_as_described,Product does not match the description on your site.,honest,,False,1
ALT01732,CUST00415,744.37,1055,38,1,in_transit,none,dev_a78eb37c,addr_bba8a7e5,17,not_as_described,"Received the wrong variant, this is not what I ordered. Kindly help.",honest,,False,0
ALT01733,CUST00741,1099.76,1213,35,1,in_transit,none,dev_94c8a69d,addr_a6552e7f,8,item_not_received,I have not received this package even after 8 days.,honest,,False,0
ALT01734,CUST00235,762.29,60,3,0,delivered,signed,dev_c37637d6,addr_a057c558,35,unauthorised,"This charge is not mine, my card was used without permission.",ring,tight,False,0
ALT01735,CUST00039,1483.01,1451,15,0,delivered,otp,dev_1b388581,addr_387770f0,32,item_not_received,Order never arrived. Tracking shows delivered but nothing reached me.,honest,,False,0
ALT01736,CUST00301,827.58,1332,29,1,delivered,otp,dev_614c721d,addr_12d15585,1,not_as_described,Product does not match the description on your site.,honest,,False,1
ALT01737,CUST00739,870.36,382,42,0,delivered,none,dev_82ab23a0,addr_d8feb8de,18,item_not_received,Nothing was delivered to my address. Please refund the amount. Kindly help.,honest,,False,0
ALT01738,CUST00139,2845.9,624,44,1,delivered,none,dev_69fe99a9,addr_557368cf,9,not_as_described,"Received the wrong variant, this is not what I ordered. Kindly help.",honest,,False,0
ALT01739,CUST01514,543.66,1492,42,1,delivered,signed,dev_07997940,addr_32a4a8a4,44,item_not_received,I have not received this package even after 44 days.,honest,,False,1
ALT01740,CUST00349,2226.97,986,6,0,in_transit,none,dev_d399956c,addr_0b328c23,26,item_not_received,I have not received this package even after 26 days. The colour is nothing like the photos.,honest,,True,0
ALT01741,CUST00027,4451.68,536,6,1,delivered,signed,dev_6ee095d5,addr_54270925,10,duplicate_charge,Two payments went out for a single purchase. This keeps happening.,opportunist,,False,1
ALT01742,CUST01448,4418.72,1441,36,1,delivered,signed,dev_cd4b69a9,addr_0a17991e,17,unauthorised,I did not authorise this transaction on my card.,honest,,False,0
ALT01743,CUST00821,3573.04,426,12,2,delivered,signed,dev_059167e1,addr_663ab809,22,not_as_described,Product does not match the description on your site. This keeps happening.,opportunist,,False,1
ALT01744,CUST00942,4000.45,883,17,1,delivered,signed,dev_40018cbe,addr_d86f4bb4,37,unauthorised,"Unknown charge from your store, I never placed any order.",honest,,False,1
ALT01745,CUST00056,3790.03,585,40,1,delivered,signed,dev_6acff20f,addr_2023fd4b,3,not_as_described,Product does not match the description on your site.,honest,,False,1
ALT01746,CUST01125,854.22,293,46,1,in_transit,otp,dev_a6b07458,addr_a394ed54,23,duplicate_charge,"Charged twice for the same order, please reverse one debit.",honest,,False,1
ALT01747,CUST01443,1755.25,635,34,1,delivered,otp,dev_8f1c5f8c,addr_da317fd7,18,unauthorised,"This charge is not mine, my card was used without permission. Kindly help.",honest,,False,0
ALT01748,CUST00697,3658.61,1025,14,1,delivered,otp,dev_09eda6f5,addr_3cd1ff3f,35,item_not_received,I have not received this package even after 35 days.,honest,,False,1
ALT01749,CUST00158,1440.96,680,11,1,delivered,signed,dev_9e98961d,addr_e66e2c11,29,not_as_described,"Received the wrong variant, this is not what I ordered. Kindly help.",honest,,False,1
ALT01750,CUST00337,1452.67,1333,23,0,lost,none,dev_8cc36f3b,addr_9c6d52d5,30,duplicate_charge,Two payments went out for a single purchase.,honest,,False,0
ALT01751,CUST01425,2683.61,495,13,0,in_transit,none,dev_5fcf3219,addr_997c0dc9,20,duplicate_charge,Two payments went out for a single purchase. Kindly help.,honest,,False,0
ALT01752,CUST01660,9468.9,1407,23,0,delivered,signed,dev_82aa5c46,addr_6593b659,25,not_as_described,"Received the wrong variant, this is not what I ordered. Kindly help.",honest,,False,1
ALT01753,CUST00163,1786.98,421,20,2,delivered,otp,dev_13f8e789,addr_3754a771,12,not_as_described,Product does not match the description on your site. I raised this before and got no response.,opportunist,,False,1
ALT01754,CUST00482,690.17,453,8,0,in_transit,none,dev_72e06bb4,addr_0155aa51,30,not_as_described,Item is not what the listing showed. Quality is poor.,honest,,False,0
ALT01755,CUST00608,11958.34,470,12,4,delivered,signed,dev_f8d592a7,addr_f02a2956,22,not_as_described,Product does not match the description on your site. I raised this before and got no response.,opportunist,,False,1
ALT01756,CUST00337,4791.79,1333,23,0,delivered,none,dev_8cc36f3b,addr_9c6d52d5,8,not_as_described,"Received the wrong variant, this is not what I ordered. Kindly help.",honest,,False,0
ALT01757,CUST01743,2416.05,878,10,0,delivered,none,dev_1be00f8e,addr_fe656dcc,42,duplicate_charge,"Charged twice for the same order, please reverse one debit. Kindly help.",honest,,False,0
ALT01758,CUST01170,3505.04,815,20,1,delivered,otp,dev_6cc721f0,addr_18302082,35,item_not_received,Order never arrived. Tracking shows delivered but nothing reached me.,honest,,False,0
ALT01759,CUST00964,2617.14,660,39,1,in_transit,otp,dev_c4134dc2,addr_1d3ca5a4,27,duplicate_charge,Duplicate debit of the same amount on the same day.,honest,,False,1
ALT01760,CUST01476,4115.92,971,32,0,delivered,signed,dev_ed0d6017,addr_18969587,27,not_as_described,"Received the wrong variant, this is not what I ordered.",honest,,False,1
ALT01761,CUST00978,2822.6,1174,40,0,in_transit,otp,dev_81b61c87,addr_6431cbbe,9,not_as_described,Item is not what the listing showed. Quality is poor.,honest,,False,1
ALT01762,CUST00782,1989.62,298,15,1,delivered,none,dev_63ba6c3d,addr_d9815a41,9,unauthorised,I did not authorise this transaction on my card.,honest,,False,0
ALT01763,CUST00844,2390.76,939,47,1,in_transit,none,dev_19a53942,addr_b2c454a4,39,item_not_received,Nothing was delivered to my address. Please refund the amount.,honest,,False,0
ALT01764,CUST00205,8013.92,297,16,0,delivered,signed,dev_00231f70,addr_5256f928,8,item_not_received,Order never arrived. Tracking shows delivered but nothing reached me.,honest,,False,1
ALT01765,CUST00636,3684.17,1056,15,1,lost,none,dev_e7d3f770,addr_3acdc514,22,item_not_received,Order never arrived. Tracking shows delivered but nothing reached me. Kindly help.,honest,,False,0
ALT01766,CUST00134,1664.65,342,12,2,delivered,signed,dev_9cc41ca3,addr_58d4d949,15,not_as_described,"Received the wrong variant, this is not what I ordered. I raised this before and got no response.",opportunist,,False,1
ALT01767,CUST00335,501.36,978,11,1,delivered,otp,dev_d8f56413,addr_9a8dca03,42,item_not_received,Nothing was delivered to my address. Please refund the amount.,honest,,False,0
ALT01768,CUST01420,3622.46,848,39,1,delivered,otp,dev_2518ec09,addr_4ee45227,23,duplicate_charge,Duplicate debit of the same amount on the same day.,honest,,False,0
ALT01769,CUST01617,2087.92,224,48,0,delivered,signed,dev_19ca9c1b,addr_dca1adcc,20,duplicate_charge,Duplicate debit of the same amount on the same day.,honest,,False,1
ALT01770,CUST00824,3239.12,1234,41,0,delivered,signed,dev_4827c440,addr_89811f35,39,item_not_received,Nothing was delivered to my address. Please refund the amount. Kindly help.,honest,,False,1
ALT01771,CUST00113,2465.32,15,2,0,in_transit,otp,dev_2d5f4dd3,addr_9268b5df,20,not_as_described,"Received the wrong variant, this is not what I ordered.",ring,household,False,1
ALT01772,CUST01770,1920.18,458,3,2,in_transit,none,dev_9dd3c15a,addr_03a1beac,10,item_not_received,I have not received this package even after 10 days. I raised this before and got no response.,opportunist,,False,0
ALT01773,CUST01348,1708.91,353,47,1,lost,none,dev_adedda80,addr_f3ea0184,19,unauthorised,I did not authorise this transaction on my card.,honest,,False,0
ALT01774,CUST01268,3338.01,755,36,1,delivered,signed,dev_eed15809,addr_a7e60e4e,4,unauthorised,"This charge is not mine, my card was used without permission.",honest,,False,1
ALT01775,CUST01169,592.76,1214,28,0,delivered,signed,dev_397bfdd7,addr_72e89652,44,duplicate_charge,Duplicate debit of the same amount on the same day.,honest,,False,1
ALT01776,CUST00567,2039.4,214,50,1,delivered,signed,dev_bfea3d2a,addr_9bf41cc6,38,unauthorised,I did not authorise this transaction on my card. Kindly help.,honest,,False,1
ALT01777,CUST00960,6815.31,454,18,3,delivered,signed,dev_85a0daf6,addr_a6ef8273,16,not_as_described,Item is not what the listing showed. Quality is poor.,opportunist,,False,1
ALT01778,CUST00504,1344.72,1204,25,0,delivered,otp,dev_5c6ebf5a,addr_da92e740,16,item_not_received,Order never arrived. Tracking shows delivered but nothing reached me.,honest,,False,1
ALT01779,CUST00471,5338.08,702,35,1,delivered,signed,dev_2bd7d038,addr_441999b6,19,item_not_received,Order never arrived. Tracking shows delivered but nothing reached me. Kindly help.,honest,,False,1
ALT01780,CUST01167,607.02,1265,39,1,delivered,signed,dev_36b74e27,addr_a2bc491e,11,unauthorised,"This charge is not mine, my card was used without permission. The box was torn when I opened it.",honest,,True,0
ALT01781,CUST00148,200.0,361,32,0,in_transit,otp,dev_8ba435cc,addr_523ae993,4,not_as_described,Item is not what the listing showed. Quality is poor.,honest,,False,1
ALT01782,CUST00668,6125.54,952,44,0,delivered,signed,dev_22319050,addr_27372b52,24,unauthorised,"Unknown charge from your store, I never placed any order.",honest,,False,1
ALT01783,CUST00110,1489.67,306,3,4,in_transit,none,dev_2fe12ed8,addr_87e81b25,18,duplicate_charge,Two payments went out for a single purchase.,opportunist,,False,0
ALT01784,CUST00311,1652.47,94,11,4,in_transit,none,dev_65f69897,addr_b44aad77,44,unauthorised,"Unknown charge from your store, I never placed any order. This keeps happening.",opportunist,,False,0
ALT01785,CUST00320,3131.13,21,3,2,delivered,signed,dev_10bb5ed3,addr_6e896265,21,item_not_received,I have not received this package even after 21 days. Reverse this now.,ring,household,False,1
ALT01786,CUST00154,1884.12,340,43,0,delivered,otp,dev_3c365296,addr_98326856,23,unauthorised,"Unknown charge from your store, I never placed any order. Kindly help.",honest,,False,0
ALT01787,CUST00457,2938.52,950,28,1,in_transit,none,dev_5ef787b8,addr_5df06e8c,17,item_not_received,Nothing was delivered to my address. Please refund the amount. Kindly help.,honest,,False,1
ALT01788,CUST01790,11656.26,1049,6,1,delivered,signed,dev_61cb78c3,addr_174d6b87,21,not_as_described,"Received the wrong variant, this is not what I ordered.",honest,,False,1
ALT01789,CUST00803,832.79,878,28,1,delivered,signed,dev_9ace8631,addr_46a47588,41,duplicate_charge,Two payments went out for a single purchase.,honest,,False,1
ALT01790,CUST00503,1693.31,998,24,0,delivered,otp,dev_48bfb602,addr_a06109db,27,item_not_received,Nothing was delivered to my address. Please refund the amount. Kindly help.,honest,,False,0
ALT01791,CUST01787,1565.58,365,3,2,delivered,signed,dev_dad4c20f,addr_f9d59f7f,28,duplicate_charge,Two payments went out for a single purchase. I raised this before and got no response.,opportunist,,False,1
ALT01792,CUST00149,1650.5,460,7,0,delivered,signed,dev_47d5ac92,addr_772d416d,39,item_not_received,Nothing was delivered to my address. Please refund the amount.,honest,,False,1
ALT01793,CUST01367,1842.23,236,8,2,delivered,otp,dev_2e7e4cef,addr_c95bc917,5,not_as_described,Item is not what the listing showed. Quality is poor. This keeps happening.,opportunist,,False,1
ALT01794,CUST00086,2552.67,882,15,0,in_transit,none,dev_828c37e7,addr_5970a859,7,not_as_described,Item is not what the listing showed. Quality is poor.,honest,,False,0
ALT01795,CUST01567,2573.07,1431,20,1,in_transit,none,dev_3d0d3ffd,addr_2663ed11,4,unauthorised,"This charge is not mine, my card was used without permission. Kindly help.",honest,,False,0
ALT01796,CUST01074,1985.93,565,18,1,delivered,signed,dev_fd81a925,addr_73e9b99b,3,not_as_described,Product does not match the description on your site.,opportunist,,False,1
ALT01797,CUST00790,3341.92,499,23,0,lost,none,dev_b6d1f6bb,addr_7aa4f052,8,not_as_described,Product does not match the description on your site.,honest,,False,0
ALT01798,CUST01449,5914.8,968,40,1,delivered,signed,dev_73d0b6c7,addr_f5b70dd9,44,not_as_described,"Received the wrong variant, this is not what I ordered. Kindly help.",honest,,False,1
ALT01799,CUST00093,1659.35,1290,50,0,lost,none,dev_ce6322b6,addr_12738a23,43,not_as_described,"Received the wrong variant, this is not what I ordered.",honest,,False,0
ALT01800,CUST01553,688.2,947,30,1,delivered,otp,dev_7362f9b7,addr_9247e851,12,not_as_described,Item is not what the listing showed. Quality is poor.,honest,,False,1
ALT01801,CUST00319,1208.31,1028,36,0,in_transit,none,dev_f2a24da4,addr_ed850a6d,1,item_not_received,Nothing was delivered to my address. Please refund the amount. Kindly help.,honest,,False,0
ALT01802,CUST01771,9649.83,1180,30,1,delivered,signed,dev_afa415e5,addr_e8e22743,14,item_not_received,Order never arrived. Tracking shows delivered but nothing reached me.,honest,,False,1
ALT01803,CUST01056,1066.08,394,43,1,delivered,otp,dev_b241b95b,addr_b197aed1,35,unauthorised,"Unknown charge from your store, I never placed any order.",honest,,False,1
ALT01804,CUST01065,794.87,438,15,0,in_transit,none,dev_7c2c0791,addr_3e1cfa14,37,not_as_described,Item is not what the listing showed. Quality is poor. Kindly help.,honest,,False,0
ALT01805,CUST00522,1577.62,735,39,1,delivered,signed,dev_908e3a95,addr_9ca4364d,27,not_as_described,Item is not what the listing showed. Quality is poor.,honest,,False,1
ALT01806,CUST00793,2039.83,208,5,0,delivered,otp,dev_b40b7288,addr_c330ec14,25,duplicate_charge,Two payments went out for a single purchase.,honest,,False,1
ALT01807,CUST00140,1651.86,89,18,1,in_transit,none,dev_685c0862,addr_287dff8e,32,item_not_received,Order never arrived. Tracking shows delivered but nothing reached me. I raised this before and got no response.,opportunist,,False,0
ALT01808,CUST01369,1874.5,555,14,2,delivered,signed,dev_93c379fd,addr_fe2181fd,20,not_as_described,Product does not match the description on your site. This keeps happening.,opportunist,,False,1
ALT01809,CUST00898,1408.2,171,12,3,delivered,none,dev_156912dd,addr_3ffdf8f1,3,item_not_received,I have not received this package even after 3 days. I raised this before and got no response.,opportunist,,False,0
ALT01810,CUST01553,9815.26,947,30,1,in_transit,none,dev_7362f9b7,addr_9247e851,31,item_not_received,Order never arrived. Tracking shows delivered but nothing reached me.,honest,,False,0
ALT01811,CUST01386,2243.16,337,18,1,delivered,signed,dev_994f7c31,addr_2be4be9c,31,not_as_described,Product does not match the description on your site.,honest,,False,1
ALT01812,CUST01719,2674.38,814,29,0,delivered,signed,dev_7938878a,addr_d96e684f,44,not_as_described,Item is not what the listing showed. Quality is poor.,honest,,False,1
ALT01813,CUST00294,3979.11,935,5,1,delivered,signed,dev_22f3f068,addr_d0b1fde0,19,duplicate_charge,Two payments went out for a single purchase.,honest,,False,1
ALT01814,CUST01347,2622.75,1236,46,1,delivered,signed,dev_7d7ddbed,addr_272a6d8e,3,not_as_described,Product does not match the description on your site. Kindly help.,honest,,False,1
ALT01815,CUST01200,8840.32,948,42,0,lost,none,dev_84440504,addr_e8410a39,37,unauthorised,"Unknown charge from your store, I never placed any order.",honest,,False,0
ALT01816,CUST00485,4267.92,1500,38,0,delivered,otp,dev_4eee5680,addr_0131c601,7,item_not_received,Order never arrived. Tracking shows delivered but nothing reached me.,honest,,False,1
ALT01817,CUST00509,1656.12,83,12,4,delivered,otp,dev_fd5baf20,addr_d983dadf,2,item_not_received,Nothing was delivered to my address. Please refund the amount.,opportunist,,False,0
ALT01818,CUST00036,3533.64,994,40,1,delivered,none,dev_8d536c75,addr_db4bb8eb,29,item_not_received,I have not received this package even after 29 days.,honest,,False,0
ALT01819,CUST00846,1812.91,431,27,1,in_transit,none,dev_2bb9a661,addr_c497d0a8,40,item_not_received,I have not received this package even after 40 days.,honest,,False,0
ALT01820,CUST01068,5942.72,1179,9,1,delivered,signed,dev_dd9e7b6d,addr_34a73f9d,10,item_not_received,Nothing was delivered to my address. Please refund the amount.,honest,,False,0
ALT01821,CUST00114,1685.77,332,20,3,delivered,signed,dev_e733c344,addr_7a2f2c57,15,item_not_received,I have not received this package even after 15 days. I raised this before and got no response.,opportunist,,False,1
ALT01822,CUST01747,2104.64,1373,14,1,in_transit,none,dev_f8751fd4,addr_544c0132,12,duplicate_charge,"Charged twice for the same order, please reverse one debit. Kindly help.",honest,,False,0
ALT01823,CUST00755,6223.73,531,5,2,delivered,otp,dev_dd558095,addr_21fae8a0,7,unauthorised,"Unknown charge from your store, I never placed any order.",opportunist,,False,1
ALT01824,CUST00689,470.93,533,29,1,delivered,signed,dev_a770c217,addr_1edfc59e,35,item_not_received,Order never arrived. Tracking shows delivered but nothing reached me. Kindly help.,honest,,False,1
ALT01825,CUST00260,4212.26,213,5,0,delivered,otp,dev_ed174fdd,addr_48a2a172,32,unauthorised,"Unknown charge from your store, I never placed any order. Kindly help.",honest,,False,1
ALT01826,CUST00781,2037.97,923,23,1,in_transit,none,dev_f4ca6e70,addr_890a83b4,21,not_as_described,"Received the wrong variant, this is not what I ordered.",honest,,False,0
ALT01827,CUST01252,3154.76,1382,48,1,delivered,otp,dev_5a853cd8,addr_f83893a2,19,unauthorised,I did not authorise this transaction on my card.,honest,,False,1
ALT01828,CUST00327,5353.29,347,32,0,in_transit,none,dev_670a858c,addr_1987e6d0,36,item_not_received,Order never arrived. Tracking shows delivered but nothing reached me. Kindly help.,honest,,False,0
ALT01829,CUST00144,3626.46,620,30,0,delivered,otp,dev_01b8c14a,addr_028849d9,20,not_as_described,Item is not what the listing showed. Quality is poor.,honest,,False,1
ALT01830,CUST00150,1210.93,30,3,3,in_transit,none,dev_636dfeba,addr_04eb1694,35,unauthorised,"This charge is not mine, my card was used without permission. The size is wrong, I want to send it back. Reverse this now.",ring,household,True,0
ALT01831,CUST01202,4569.79,241,49,1,in_transit,none,dev_96867676,addr_fc5b14bd,8,duplicate_charge,Duplicate debit of the same amount on the same day. Kindly help.,honest,,False,1
ALT01832,CUST00837,8973.75,697,44,0,delivered,signed,dev_d1f44c8d,addr_03840661,6,item_not_received,Order never arrived. Tracking shows delivered but nothing reached me. Kindly help.,honest,,False,1
ALT01833,CUST01647,5486.35,426,11,0,in_transit,none,dev_f013a170,addr_08018e83,21,item_not_received,Nothing was delivered to my address. Please refund the amount. Kindly help.,honest,,False,1
ALT01834,CUST01227,735.71,346,19,3,delivered,signed,dev_e47ca3af,addr_df397fa5,36,not_as_described,"Received the wrong variant, this is not what I ordered.",opportunist,,False,1
ALT01835,CUST00092,3592.24,1480,33,0,delivered,signed,dev_341c6494,addr_8c99a894,5,item_not_received,Nothing was delivered to my address. Please refund the amount. Kindly help.,honest,,False,1
ALT01836,CUST00212,822.61,919,8,0,delivered,none,dev_3f63a065,addr_a5e8c198,6,item_not_received,Order never arrived. Tracking shows delivered but nothing reached me.,honest,,False,1
ALT01837,CUST01302,1735.99,840,38,1,delivered,none,dev_82b60c8e,addr_b01c337e,20,not_as_described,"Received the wrong variant, this is not what I ordered.",honest,,False,0
ALT01838,CUST01028,3073.68,371,12,3,delivered,signed,dev_77a63918,addr_6e78cd59,4,unauthorised,I did not authorise this transaction on my card. I raised this before and got no response.,opportunist,,False,1
ALT01839,CUST01352,2734.63,931,48,0,in_transit,none,dev_80e3fe4f,addr_ce8b76a2,14,not_as_described,Item is not what the listing showed. Quality is poor.,honest,,False,0
ALT01840,CUST00214,5385.15,385,37,0,in_transit,otp,dev_8be15610,addr_64a0053f,23,not_as_described,"Received the wrong variant, this is not what I ordered.",honest,,False,1
ALT01841,CUST00970,9019.07,1145,33,0,delivered,otp,dev_0e9058b6,addr_d4ea120a,43,not_as_described,Product does not match the description on your site.,honest,,False,1
ALT01842,CUST01619,3352.72,127,15,3,delivered,otp,dev_9a0fb0b8,addr_8f9afd51,14,item_not_received,I have not received this package even after 14 days. This keeps happening.,opportunist,,False,0
ALT01843,CUST01284,1628.92,1140,50,1,delivered,none,dev_09b2eae6,addr_12c0620c,1,not_as_described,Item is not what the listing showed. Quality is poor. Kindly help.,honest,,False,0
ALT01844,CUST00218,1814.41,192,15,4,in_transit,none,dev_a8575900,addr_8b2c65b5,40,item_not_received,Order never arrived. Tracking shows delivered but nothing reached me.,opportunist,,False,1
ALT01845,CUST01706,2370.74,683,36,0,delivered,signed,dev_dcacfa54,addr_fe5b9fc9,29,not_as_described,Item is not what the listing showed. Quality is poor.,honest,,False,1
ALT01846,CUST01439,1842.04,454,9,4,delivered,signed,dev_1ac2c99a,addr_f1c2fa18,26,not_as_described,Item is not what the listing showed. Quality is poor.,opportunist,,False,1
ALT01847,CUST01093,1419.44,948,27,0,delivered,otp,dev_521be8c2,addr_4e089bb4,7,item_not_received,I have not received this package even after 7 days.,honest,,False,1
ALT01848,CUST00795,2047.04,1257,39,0,in_transit,otp,dev_436ae2bb,addr_498bcf67,2,not_as_described,"Received the wrong variant, this is not what I ordered.",honest,,False,1
ALT01849,CUST00595,1780.15,484,20,2,lost,none,dev_698e0981,addr_bf2dcfcb,39,not_as_described,Product does not match the description on your site. This keeps happening.,opportunist,,False,0
ALT01850,CUST01671,2138.94,1491,19,0,delivered,signed,dev_b509109b,addr_02571851,5,item_not_received,I have not received this package even after 5 days.,honest,,False,0
ALT01851,CUST00051,505.85,1245,33,0,lost,none,dev_741423b5,addr_836435e3,30,duplicate_charge,"Charged twice for the same order, please reverse one debit.",honest,,False,0
ALT01852,CUST00910,2950.74,37,3,0,delivered,none,dev_188a7f55,addr_5aeb90f6,42,unauthorised,"Unknown charge from your store, I never placed any order.",ring,tight,False,0
ALT01853,CUST01656,1798.15,437,36,0,delivered,none,dev_71076f2e,addr_8f942977,34,item_not_received,I have not received this package even after 34 days. The box was torn when I opened it. Kindly help.,honest,,True,0
ALT01854,CUST01440,1960.03,116,3,2,in_transit,none,dev_dc3c423a,addr_200f8ed9,3,unauthorised,"This charge is not mine, my card was used without permission. I raised this before and got no response.",opportunist,,False,0
ALT01855,CUST00176,4285.79,879,44,0,in_transit,otp,dev_ce7334f2,addr_de4379cb,22,not_as_described,"Received the wrong variant, this is not what I ordered.",honest,,False,1
ALT01856,CUST00465,3188.88,77,0,0,delivered,otp,dev_b87189e1,addr_e92af09b,43,unauthorised,"Unknown charge from your store, I never placed any order. Refund immediately.",ring,dropship,False,1
ALT01857,CUST00766,3292.94,993,19,1,lost,none,dev_a5292f56,addr_15cc861a,7,item_not_received,Order never arrived. Tracking shows delivered but nothing reached me. Kindly help.,honest,,False,0
ALT01858,CUST00479,2010.09,662,40,1,delivered,none,dev_daf93e99,addr_addb8943,4,duplicate_charge,Duplicate debit of the same amount on the same day. Kindly help.,honest,,False,0
ALT01859,CUST01632,1692.57,491,16,3,delivered,signed,dev_d03a9ed2,addr_3276ab75,23,not_as_described,Product does not match the description on your site. This keeps happening.,opportunist,,False,0
ALT01860,CUST00978,1030.56,1174,40,0,delivered,otp,dev_81b61c87,addr_6431cbbe,30,item_not_received,I have not received this package even after 30 days. Kindly help.,honest,,False,1
ALT01861,CUST00316,3927.49,809,30,0,delivered,otp,dev_6a40e5cc,addr_6e9c92ba,13,unauthorised,"Unknown charge from your store, I never placed any order.",honest,,False,1
ALT01862,CUST01756,1142.78,677,19,1,delivered,otp,dev_1d9ddb86,addr_1672380e,10,unauthorised,"Unknown charge from your store, I never placed any order.",honest,,False,1
ALT01863,CUST01359,427.37,518,33,0,in_transit,otp,dev_6f144dc6,addr_7aa03208,17,item_not_received,I have not received this package even after 17 days. Kindly help.,honest,,False,1
ALT01864,CUST00411,1243.69,523,34,0,in_transit,none,dev_e9a1fa6f,addr_9be578c7,31,duplicate_charge,Two payments went out for a single purchase.,honest,,False,0
ALT01865,CUST00881,2736.25,1057,14,1,delivered,signed,dev_b0c4a01c,addr_eba742d2,31,not_as_described,"Received the wrong variant, this is not what I ordered.",honest,,False,1
ALT01866,CUST01244,805.8,770,47,1,delivered,none,dev_7900f7f9,addr_c8dcd19f,9,item_not_received,Nothing was delivered to my address. Please refund the amount. Kindly help.,honest,,False,0
ALT01867,CUST01141,1908.99,541,6,2,delivered,none,dev_de94da10,addr_6c1fb2fc,17,item_not_received,Order never arrived. Tracking shows delivered but nothing reached me.,opportunist,,False,1
ALT01868,CUST00606,1494.84,1491,38,1,delivered,otp,dev_c90b9454,addr_4ccf0a4b,32,item_not_received,Nothing was delivered to my address. Please refund the amount. The colour is nothing like the photos.,honest,,True,1
ALT01869,CUST01354,1223.65,1187,47,0,in_transit,otp,dev_3e4c943a,addr_b32d3c81,31,item_not_received,Nothing was delivered to my address. Please refund the amount. Kindly help.,honest,,False,1
ALT01870,CUST00809,1585.36,61,0,1,delivered,otp,dev_2f39f8c8,addr_c4bfa424,24,duplicate_charge,"Charged twice for the same order, please reverse one debit. Reverse this now.",ring,dropship,False,1
ALT01871,CUST01707,2525.88,431,7,1,in_transit,none,dev_e39836bb,addr_3d9c4e64,2,item_not_received,I have not received this package even after 2 days.,honest,,False,0
ALT01872,CUST00014,988.43,167,13,4,delivered,signed,dev_39f18027,addr_fd54225b,8,duplicate_charge,"Charged twice for the same order, please reverse one debit. I raised this before and got no response.",opportunist,,False,1
ALT01873,CUST00868,3703.41,1086,47,1,delivered,signed,dev_33383ec9,addr_66fd3215,13,not_as_described,"Received the wrong variant, this is not what I ordered. Kindly help.",honest,,False,1
ALT01874,CUST01276,942.1,843,5,0,delivered,signed,dev_1861c9f3,addr_3fa2bde0,15,duplicate_charge,"Charged twice for the same order, please reverse one debit. Kindly help.",honest,,False,1
ALT01875,CUST01515,1164.95,760,12,0,in_transit,otp,dev_1a354475,addr_8ae3297e,33,duplicate_charge,Duplicate debit of the same amount on the same day.,honest,,False,1
ALT01876,CUST01087,5059.46,460,9,4,in_transit,none,dev_d41bd8bf,addr_288fc36a,25,not_as_described,Item is not what the listing showed. Quality is poor. This keeps happening.,opportunist,,False,0
ALT01877,CUST01406,3423.04,596,17,1,lost,none,dev_1397df7e,addr_19e32dbe,36,duplicate_charge,"Charged twice for the same order, please reverse one debit.",opportunist,,False,0
ALT01878,CUST01380,864.27,980,38,1,lost,none,dev_b2414482,addr_6883ac6e,17,item_not_received,I have not received this package even after 17 days. Kindly help.,honest,,False,0
ALT01879,CUST00954,1667.08,1253,5,1,lost,none,dev_69ca97d2,addr_c1a6423b,27,item_not_received,I have not received this package even after 27 days. Kindly help.,honest,,False,0
ALT01880,CUST00858,798.5,1330,33,1,delivered,signed,dev_5af56a23,addr_2f900058,34,duplicate_charge,"Charged twice for the same order, please reverse one debit.",honest,,False,1
ALT01881,CUST00841,1691.82,86,16,1,delivered,signed,dev_97e1bc36,addr_f8ef32ee,26,unauthorised,I did not authorise this transaction on my card.,opportunist,,False,0
ALT01882,CUST00388,4720.37,1028,15,1,delivered,otp,dev_eb67146a,addr_88bc539c,28,not_as_described,"Received the wrong variant, this is not what I ordered. Kindly help.",honest,,False,1
ALT01883,CUST00387,3693.91,285,9,3,delivered,otp,dev_78597bc6,addr_bbcaa210,27,not_as_described,"Received the wrong variant, this is not what I ordered.",opportunist,,False,1
ALT01884,CUST01713,5699.41,532,16,1,delivered,signed,dev_0658663a,addr_ee49f329,5,not_as_described,Product does not match the description on your site.,honest,,False,1
ALT01885,CUST00703,1740.23,391,8,2,delivered,none,dev_c4329e78,addr_da341653,41,item_not_received,Order never arrived. Tracking shows delivered but nothing reached me. I raised this before and got no response.,opportunist,,False,0
ALT01886,CUST01233,467.74,65,12,2,delivered,otp,dev_75666394,addr_280d4e22,40,not_as_described,Item is not what the listing showed. Quality is poor. I raised this before and got no response.,opportunist,,False,1
ALT01887,CUST00378,463.75,1150,36,1,lost,none,dev_1177fdd5,addr_f334685d,17,not_as_described,"Received the wrong variant, this is not what I ordered. Kindly help.",honest,,False,0
ALT01888,CUST01065,1133.63,438,15,0,delivered,none,dev_7c2c0791,addr_3e1cfa14,41,unauthorised,"Unknown charge from your store, I never placed any order.",honest,,False,0
ALT01889,CUST01786,4860.22,1177,29,0,lost,none,dev_30c9a2be,addr_ad3f5dd4,20,item_not_received,Order never arrived. Tracking shows delivered but nothing reached me.,honest,,False,0
ALT01890,CUST00872,3503.1,126,8,1,delivered,otp,dev_8f59748b,addr_e555e087,21,not_as_described,Item is not what the listing showed. Quality is poor. I raised this before and got no response.,opportunist,,False,0
ALT01891,CUST00649,3881.32,1500,47,1,in_transit,none,dev_d9a09007,addr_65d0b517,43,not_as_described,Product does not match the description on your site.,honest,,False,0
ALT01892,CUST01430,1193.2,1097,31,0,in_transit,none,dev_e271fff9,addr_60f34ebc,34,unauthorised,I did not authorise this transaction on my card.,honest,,False,0
ALT01893,CUST01181,1502.46,1135,41,0,delivered,signed,dev_8f0d5540,addr_0592bfa5,18,unauthorised,"This charge is not mine, my card was used without permission.",honest,,False,1
ALT01894,CUST00238,4724.49,985,37,1,delivered,none,dev_2ac1d5ca,addr_d2e76deb,26,duplicate_charge,"Charged twice for the same order, please reverse one debit.",honest,,False,0
ALT01895,CUST00389,8775.98,891,40,0,delivered,signed,dev_945d91a5,addr_75a72686,1,not_as_described,Product does not match the description on your site.,honest,,False,1
ALT01896,CUST00705,4816.09,889,44,0,delivered,otp,dev_98e52499,addr_277d1be9,30,duplicate_charge,Duplicate debit of the same amount on the same day.,honest,,False,1
ALT01897,CUST01631,4818.76,480,50,1,delivered,otp,dev_cdd0b4d4,addr_84f2fd0f,32,not_as_described,"Received the wrong variant, this is not what I ordered.",honest,,False,1
ALT01898,CUST01155,1151.73,1464,31,0,in_transit,otp,dev_9fbeffb3,addr_7412c272,10,duplicate_charge,Duplicate debit of the same amount on the same day.,honest,,False,0
ALT01899,CUST00551,3736.24,936,13,1,delivered,signed,dev_e0bd202c,addr_767d3b27,14,not_as_described,"Received the wrong variant, this is not what I ordered.",honest,,False,1
ALT01900,CUST00447,721.38,703,38,1,in_transit,none,dev_f66c7331,addr_309a083a,23,not_as_described,Product does not match the description on your site.,honest,,False,0
ALT01901,CUST01767,5496.98,1209,9,1,delivered,signed,dev_94c0b9e0,addr_90c97f00,36,not_as_described,Product does not match the description on your site.,honest,,False,1
ALT01902,CUST00420,2912.08,683,32,0,delivered,otp,dev_24ef65a7,addr_2cd6e8df,24,not_as_described,Item is not what the listing showed. Quality is poor.,honest,,False,1
ALT01903,CUST01521,1731.52,330,35,1,lost,none,dev_c72c1fe3,addr_1beaf6ac,37,not_as_described,Product does not match the description on your site.,honest,,False,0
ALT01904,CUST01305,365.9,992,28,1,delivered,otp,dev_bf5023f4,addr_114b9547,11,item_not_received,I have not received this package even after 11 days. Kindly help.,honest,,False,1
ALT01905,CUST01466,1585.71,211,3,3,in_transit,otp,dev_75035829,addr_949e24ad,34,duplicate_charge,"Charged twice for the same order, please reverse one debit. This keeps happening.",opportunist,,False,0
ALT01906,CUST00874,888.71,1389,45,0,lost,none,dev_c1cfd878,addr_a92f85fe,19,unauthorised,I did not authorise this transaction on my card.,honest,,False,0
ALT01907,CUST00966,11211.62,314,22,1,delivered,signed,dev_785b8a07,addr_d76f1e65,2,not_as_described,Item is not what the listing showed. Quality is poor. Kindly help.,honest,,False,1
ALT01908,CUST00962,5199.55,478,5,1,delivered,otp,dev_4e385d03,addr_93683dd6,11,not_as_described,Product does not match the description on your site. Kindly help.,honest,,False,0
ALT01909,CUST00880,760.0,910,38,1,in_transit,none,dev_2abe1585,addr_e2ec13f4,26,item_not_received,Nothing was delivered to my address. Please refund the amount. Kindly help.,honest,,False,1
ALT01910,CUST01496,2583.77,537,29,0,delivered,signed,dev_fc3d3348,addr_747b6dba,2,not_as_described,"Received the wrong variant, this is not what I ordered.",honest,,False,1
ALT01911,CUST00066,4901.16,42,0,1,delivered,otp,dev_51ffdef6,addr_b6caf840,17,unauthorised,"This charge is not mine, my card was used without permission.",ring,tight,False,0
ALT01912,CUST00425,534.69,620,40,0,delivered,signed,dev_aa61b32f,addr_fa5fafdb,29,not_as_described,Item is not what the listing showed. Quality is poor.,honest,,False,1
ALT01913,CUST00659,5431.22,274,20,4,delivered,otp,dev_8babb414,addr_3c5969c6,1,not_as_described,Product does not match the description on your site. I raised this before and got no response.,opportunist,,False,1
ALT01914,CUST01398,1557.25,423,7,4,delivered,otp,dev_75566ff1,addr_fb5435ba,30,item_not_received,Nothing was delivered to my address. Please refund the amount.,opportunist,,False,1
ALT01915,CUST01739,945.75,1393,48,1,lost,none,dev_15f2f85a,addr_7808a004,39,item_not_received,"Nothing was delivered to my address. Please refund the amount. The size is wrong, I want to send it back.",honest,,True,0
ALT01916,CUST00253,5330.23,357,28,1,delivered,none,dev_f1b88d65,addr_9dde0188,25,not_as_described,Product does not match the description on your site. Kindly help.,honest,,False,0
ALT01917,CUST00625,2427.42,745,32,1,delivered,signed,dev_9375ee61,addr_69e08370,24,item_not_received,Order never arrived. Tracking shows delivered but nothing reached me.,honest,,False,1
ALT01918,CUST00797,2513.85,1241,40,0,delivered,signed,dev_57423882,addr_d34794cc,1,not_as_described,Product does not match the description on your site. Kindly help.,honest,,False,1
ALT01919,CUST00588,2001.58,1187,19,0,delivered,otp,dev_8e676a01,addr_8e867f3c,7,not_as_described,Product does not match the description on your site. Kindly help.,honest,,False,1
ALT01920,CUST00194,2737.23,1179,31,0,delivered,signed,dev_1cf14654,addr_28ce231e,27,not_as_described,Product does not match the description on your site.,honest,,False,1
ALT01921,CUST01200,3845.85,948,42,0,delivered,signed,dev_84440504,addr_e8410a39,21,not_as_described,Product does not match the description on your site. Kindly help.,honest,,False,1
ALT01922,CUST01650,839.63,983,45,0,delivered,otp,dev_50d3ba03,addr_f49816ad,7,unauthorised,I did not authorise this transaction on my card.,honest,,False,1
ALT01923,CUST01713,5944.83,532,16,1,delivered,signed,dev_0658663a,addr_ee49f329,16,item_not_received,Nothing was delivered to my address. Please refund the amount. Kindly help.,honest,,False,1
ALT01924,CUST00098,766.05,24,1,3,delivered,otp,dev_68e0c800,addr_72557e4e,30,item_not_received,Order never arrived. Tracking shows delivered but nothing reached me. Refund immediately.,ring,household,False,1
ALT01925,CUST00555,1157.29,1137,36,0,in_transit,none,dev_ddebcd5c,addr_1fa7cddf,20,duplicate_charge,Two payments went out for a single purchase.,honest,,False,0
ALT01926,CUST00696,2818.79,1327,35,0,in_transit,none,dev_1674eb65,addr_620d4a1f,39,not_as_described,Item is not what the listing showed. Quality is poor.,honest,,False,0
ALT01927,CUST00178,1602.11,1031,40,0,delivered,signed,dev_4dcabfb7,addr_35ce8841,21,item_not_received,Order never arrived. Tracking shows delivered but nothing reached me.,honest,,False,1
ALT01928,CUST00912,2793.96,712,10,1,in_transit,none,dev_a61f0b96,addr_0d41ee47,12,not_as_described,Item is not what the listing showed. Quality is poor.,honest,,False,0
ALT01929,CUST00168,732.98,1417,13,1,lost,none,dev_336b00cb,addr_506e50c7,38,item_not_received,Order never arrived. Tracking shows delivered but nothing reached me. It stopped working after two days of use.,honest,,True,1
ALT01930,CUST01643,1159.59,1314,15,1,lost,none,dev_a87d21ff,addr_3f9304fa,33,duplicate_charge,Duplicate debit of the same amount on the same day. Kindly help.,honest,,False,0
ALT01931,CUST00964,3703.92,660,39,1,delivered,otp,dev_c4134dc2,addr_1d3ca5a4,20,item_not_received,Order never arrived. Tracking shows delivered but nothing reached me. Kindly help.,honest,,False,1
ALT01932,CUST00450,23180.87,688,26,0,delivered,otp,dev_d25697ad,addr_1ff49f0a,19,duplicate_charge,Duplicate debit of the same amount on the same day.,honest,,False,1
ALT01933,CUST00092,7372.44,1480,33,0,delivered,otp,dev_341c6494,addr_8c99a894,29,not_as_described,"Received the wrong variant, this is not what I ordered.",honest,,False,1
ALT01934,CUST01227,572.21,346,19,3,delivered,none,dev_e47ca3af,addr_df397fa5,13,item_not_received,Order never arrived. Tracking shows delivered but nothing reached me. This keeps happening.,opportunist,,False,0
ALT01935,CUST00625,1736.36,745,32,1,in_transit,none,dev_9375ee61,addr_69e08370,10,not_as_described,"Received the wrong variant, this is not what I ordered.",honest,,False,1
ALT01936,CUST01570,1304.78,706,48,0,in_transit,none,dev_86879aa9,addr_5c9deee0,25,item_not_received,"Nothing was delivered to my address. Please refund the amount. The size is wrong, I want to send it back.",honest,,True,0
ALT01937,CUST01634,1558.03,369,14,3,in_transit,none,dev_e49a3cd9,addr_80e1cc41,43,unauthorised,I did not authorise this transaction on my card. I raised this before and got no response.,opportunist,,False,0
ALT01938,CUST01452,7374.27,1329,14,1,delivered,otp,dev_5295ea96,addr_a41247a2,33,item_not_received,I have not received this package even after 33 days. Kindly help.,honest,,False,0
ALT01939,CUST01532,266.5,1325,15,1,in_transit,otp,dev_9b49bd26,addr_f6e07cc0,9,item_not_received,Order never arrived. Tracking shows delivered but nothing reached me. Kindly help.,honest,,False,0
ALT01940,CUST01015,6538.22,1037,28,1,delivered,none,dev_51284026,addr_61e30fb4,16,unauthorised,"Unknown charge from your store, I never placed any order. Kindly help.",honest,,False,0
ALT01941,CUST00259,2943.4,45,0,0,delivered,otp,dev_2f39f8c8,addr_f2d6c18c,45,duplicate_charge,"Charged twice for the same order, please reverse one debit.",ring,dropship,False,1
ALT01942,CUST00432,9181.39,1333,24,1,delivered,otp,dev_e8c35a79,addr_eba2a67c,34,not_as_described,Item is not what the listing showed. Quality is poor. Kindly help.,honest,,False,1
ALT01943,CUST00748,988.63,410,19,3,in_transit,otp,dev_c5fe21d6,addr_42c6cc42,42,duplicate_charge,Duplicate debit of the same amount on the same day. This keeps happening.,opportunist,,False,1
ALT01944,CUST00214,2944.72,385,37,0,delivered,otp,dev_8be15610,addr_64a0053f,37,unauthorised,I did not authorise this transaction on my card. Kindly help.,honest,,False,1
ALT01945,CUST01164,995.02,1407,37,0,delivered,signed,dev_1f878b32,addr_cac8d87e,38,item_not_received,I have not received this package even after 38 days.,honest,,False,1
ALT01946,CUST00947,5629.06,361,44,1,delivered,otp,dev_3da70577,addr_24a35cf2,20,item_not_received,I have not received this package even after 20 days.,honest,,False,1
ALT01947,CUST01190,5443.43,864,5,0,lost,none,dev_cb5d2b59,addr_95aeb18b,28,item_not_received,I have not received this package even after 28 days. Kindly help.,honest,,False,0
ALT01948,CUST00475,9867.58,692,14,1,delivered,otp,dev_d8186112,addr_6906d118,37,not_as_described,Product does not match the description on your site.,honest,,False,1
ALT01949,CUST00063,2207.76,1376,22,1,lost,none,dev_82d9a774,addr_65db6e43,16,unauthorised,"Unknown charge from your store, I never placed any order. Kindly help.",honest,,False,0
ALT01950,CUST00674,13005.66,1172,38,1,lost,none,dev_c190b0cf,addr_16a48bfa,37,not_as_described,"Received the wrong variant, this is not what I ordered. Kindly help.",honest,,False,0
ALT01951,CUST01441,932.11,1206,28,1,in_transit,none,dev_4dea5200,addr_dcaa5893,24,duplicate_charge,Two payments went out for a single purchase. Kindly help.,honest,,False,0
ALT01952,CUST01548,2109.45,685,18,1,delivered,otp,dev_6d9c5b50,addr_9dbc15c0,43,item_not_received,I have not received this package even after 43 days.,honest,,False,1
ALT01953,CUST01077,958.19,607,22,1,delivered,otp,dev_d2d14ef5,addr_814ff657,44,duplicate_charge,Two payments went out for a single purchase. Kindly help.,honest,,False,1
ALT01954,CUST00431,2608.97,1119,19,0,delivered,signed,dev_d5c9fdc7,addr_fc043f08,44,not_as_described,"Received the wrong variant, this is not what I ordered.",honest,,False,1
ALT01955,CUST00192,1024.07,1064,43,0,in_transit,none,dev_62801c45,addr_f143262f,13,not_as_described,Product does not match the description on your site.,honest,,False,0
ALT01956,CUST01314,5643.7,357,24,0,delivered,otp,dev_905f9096,addr_d9750f00,25,not_as_described,Item is not what the listing showed. Quality is poor.,honest,,False,1
ALT01957,CUST00404,1951.19,144,13,2,in_transit,none,dev_0a7016c8,addr_06bf79cf,19,not_as_described,Product does not match the description on your site. This keeps happening.,opportunist,,False,0
ALT01958,CUST01237,3307.32,225,50,0,delivered,none,dev_b3957a98,addr_29f0ef7c,3,item_not_received,Order never arrived. Tracking shows delivered but nothing reached me.,honest,,False,0
ALT01959,CUST01682,1083.49,386,14,1,delivered,signed,dev_6f74e55d,addr_106793b6,30,item_not_received,Order never arrived. Tracking shows delivered but nothing reached me.,honest,,False,1
ALT01960,CUST01276,882.29,843,5,0,in_transit,otp,dev_1861c9f3,addr_3fa2bde0,10,not_as_described,Product does not match the description on your site. Kindly help.,honest,,False,0
ALT01961,CUST00109,2961.09,83,3,2,delivered,none,dev_c37637d6,addr_a057c558,31,item_not_received,I have not received this package even after 31 days. Reverse this now.,ring,tight,False,0
ALT01962,CUST00675,6591.44,1372,43,1,in_transit,none,dev_f26d3dd3,addr_4e003d55,23,not_as_described,"Received the wrong variant, this is not what I ordered.",honest,,False,0
ALT01963,CUST01423,1705.13,514,17,1,delivered,none,dev_709de505,addr_8e7de390,10,duplicate_charge,Two payments went out for a single purchase.,opportunist,,False,0
ALT01964,CUST00398,691.63,1270,47,0,delivered,signed,dev_1e850f80,addr_65125d2e,24,duplicate_charge,Two payments went out for a single purchase.,honest,,False,1
ALT01965,CUST00227,1945.7,1222,30,1,in_transit,otp,dev_24933b83,addr_23bed01d,7,item_not_received,Nothing was delivered to my address. Please refund the amount. Kindly help.,honest,,False,1
ALT01966,CUST00190,4024.54,465,3,3,lost,none,dev_c83e0032,addr_43b63613,44,item_not_received,I have not received this package even after 44 days.,opportunist,,False,0
ALT01967,CUST00896,1796.73,1100,9,1,in_transit,none,dev_3c07c574,addr_55fa1ab8,10,item_not_received,Nothing was delivered to my address. Please refund the amount. Kindly help.,honest,,False,0
ALT01968,CUST00485,922.96,1500,38,0,delivered,otp,dev_4eee5680,addr_0131c601,19,not_as_described,"Received the wrong variant, this is not what I ordered. Kindly help.",honest,,False,1
ALT01969,CUST01423,1904.83,514,17,1,delivered,otp,dev_709de505,addr_8e7de390,24,duplicate_charge,Duplicate debit of the same amount on the same day. I raised this before and got no response.,opportunist,,False,1
ALT01970,CUST00104,6282.36,490,38,1,delivered,signed,dev_16a46b83,addr_c74d8df0,28,unauthorised,"This charge is not mine, my card was used without permission. It stopped working after two days of use.",honest,,True,1
ALT01971,CUST00475,324.47,692,14,1,in_transit,otp,dev_d8186112,addr_6906d118,9,duplicate_charge,Two payments went out for a single purchase.,honest,,False,0
ALT01972,CUST01180,811.05,407,19,1,in_transit,none,dev_30807a5d,addr_aa4d52a8,44,item_not_received,Order never arrived. Tracking shows delivered but nothing reached me. Kindly help.,honest,,False,0
ALT01973,CUST00364,2657.98,375,8,1,delivered,otp,dev_d83e262a,addr_8a426ff0,25,not_as_described,"Received the wrong variant, this is not what I ordered. This keeps happening.",opportunist,,False,0
ALT01974,CUST00035,961.03,513,8,1,delivered,otp,dev_f89617fa,addr_170fad32,37,item_not_received,Nothing was delivered to my address. Please refund the amount.,honest,,False,1
ALT01975,CUST00820,1892.82,616,26,0,delivered,otp,dev_ec170298,addr_d8ddbbc0,42,item_not_received,Order never arrived. Tracking shows delivered but nothing reached me. Kindly help.,honest,,False,1
ALT01976,CUST00137,1450.7,28,2,3,lost,none,dev_188a7f55,addr_5aeb90f6,12,unauthorised,"Unknown charge from your store, I never placed any order. The colour is nothing like the photos. Refund immediately.",ring,tight,True,0
ALT01977,CUST00633,381.76,760,14,1,in_transit,otp,dev_2a3dd769,addr_94fd0594,3,duplicate_charge,Two payments went out for a single purchase. Kindly help.,honest,,False,1
ALT01978,CUST00974,1232.63,393,26,0,in_transit,none,dev_1f3acc68,addr_52d36897,25,duplicate_charge,Duplicate debit of the same amount on the same day.,honest,,False,1
ALT01979,CUST01128,1842.12,293,13,3,delivered,otp,dev_b8d11a8f,addr_67f3e4bf,15,unauthorised,"Unknown charge from your store, I never placed any order. This keeps happening.",opportunist,,False,1
ALT01980,CUST00322,4993.85,492,33,0,in_transit,otp,dev_d317d8c9,addr_d8ddbbc0,25,duplicate_charge,"Charged twice for the same order, please reverse one debit.",honest,,False,0
ALT01981,CUST01741,12014.96,211,50,0,delivered,signed,dev_01d77831,addr_a79055b0,12,item_not_received,Order never arrived. Tracking shows delivered but nothing reached me. Kindly help.,honest,,False,1
ALT01982,CUST00257,1138.65,11,1,1,in_transit,none,dev_6af01106,addr_e3d21a33,42,unauthorised,I did not authorise this transaction on my card. Refund immediately.,ring,dropship,False,0
ALT01983,CUST01596,2557.15,1167,17,0,delivered,signed,dev_4c610ae8,addr_daaf7529,32,not_as_described,Item is not what the listing showed. Quality is poor. Kindly help.,honest,,False,0
ALT01984,CUST00297,3409.2,374,17,4,delivered,signed,dev_f086424a,addr_ae3a1f32,43,item_not_received,Order never arrived. Tracking shows delivered but nothing reached me.,opportunist,,False,1
ALT01985,CUST00342,17639.49,1478,6,1,delivered,otp,dev_7c193e6f,addr_c8a4ae21,19,item_not_received,I have not received this package even after 19 days. Kindly help.,honest,,False,1
ALT01986,CUST01187,1392.78,89,2,1,delivered,otp,dev_51ffdef6,addr_b6caf840,27,not_as_described,Product does not match the description on your site. Refund immediately.,ring,tight,False,1
ALT01987,CUST01676,1087.5,978,41,0,delivered,signed,dev_4f908490,addr_6c778135,17,not_as_described,Item is not what the listing showed. Quality is poor. Kindly help.,honest,,False,1
ALT01988,CUST01285,1624.0,765,17,0,delivered,otp,dev_f204be89,addr_f8999246,24,item_not_received,Nothing was delivered to my address. Please refund the amount.,honest,,False,1
ALT01989,CUST01423,1501.8,514,17,1,delivered,otp,dev_709de505,addr_8e7de390,17,duplicate_charge,Two payments went out for a single purchase. I raised this before and got no response.,opportunist,,False,1
ALT01990,CUST00980,13909.09,224,13,4,delivered,otp,dev_97caeef5,addr_b4dc70c6,28,item_not_received,Order never arrived. Tracking shows delivered but nothing reached me. It stopped working after two days of use.,opportunist,,True,0
ALT01991,CUST00816,6075.18,227,19,2,delivered,otp,dev_ec1f5d97,addr_c0793f64,10,item_not_received,Nothing was delivered to my address. Please refund the amount. This keeps happening.,opportunist,,False,1
ALT01992,CUST01548,5653.42,685,18,1,delivered,signed,dev_6d9c5b50,addr_9dbc15c0,22,item_not_received,Order never arrived. Tracking shows delivered but nothing reached me. Kindly help.,honest,,False,1
ALT01993,CUST01056,1367.37,394,43,1,lost,none,dev_b241b95b,addr_b197aed1,25,item_not_received,Nothing was delivered to my address. Please refund the amount. Kindly help.,honest,,False,0
ALT01994,CUST00021,4593.47,216,38,0,in_transit,none,dev_0eac5e90,addr_dbd3e865,42,item_not_received,I have not received this package even after 42 days. Kindly help.,honest,,False,0
ALT01995,CUST01716,1561.48,345,18,3,delivered,signed,dev_3e9f069a,addr_fe3f5662,34,not_as_described,"Received the wrong variant, this is not what I ordered.",opportunist,,False,1
ALT01996,CUST01140,2485.43,391,18,1,delivered,signed,dev_95eef45c,addr_f8bc920c,44,not_as_described,Item is not what the listing showed. Quality is poor.,honest,,False,1
ALT01997,CUST01621,1829.07,1285,20,1,delivered,otp,dev_ff38b918,addr_b62edb49,40,item_not_received,Nothing was delivered to my address. Please refund the amount.,honest,,False,1
ALT01998,CUST01069,831.34,451,9,3,delivered,none,dev_7c45d65d,addr_e551da7a,1,item_not_received,I have not received this package even after 1 days.,opportunist,,False,1
ALT01999,CUST00751,6137.09,328,21,1,delivered,otp,dev_3be8a5df,addr_ab286d09,4,not_as_described,"Received the wrong variant, this is not what I ordered.",honest,,False,1
ALT02000,CUST00583,2891.63,247,6,1,delivered,signed,dev_c62f3461,addr_b9fc829f,24,not_as_described,Product does not match the description on your site.,honest,,False,1
ALT02001,CUST00927,1533.62,90,18,2,delivered,otp,dev_4e5a4392,addr_d767a0d7,6,item_not_received,Nothing was delivered to my address. Please refund the amount.,opportunist,,False,1
ALT02002,CUST00104,3353.35,490,38,1,delivered,signed,dev_16a46b83,addr_c74d8df0,36,item_not_received,Nothing was delivered to my address. Please refund the amount.,honest,,False,1
ALT02003,CUST00024,3584.22,53,1,0,delivered,signed,dev_51ffdef6,addr_b6caf840,37,unauthorised,"Unknown charge from your store, I never placed any order. Reverse this now.",ring,tight,False,0
ALT02004,CUST01265,3198.95,570,27,1,delivered,signed,dev_6c914882,addr_83a5f421,12,duplicate_charge,Two payments went out for a single purchase. Kindly help.,honest,,False,1
ALT02005,CUST01619,256.62,127,15,3,delivered,signed,dev_9a0fb0b8,addr_8f9afd51,45,not_as_described,Product does not match the description on your site.,opportunist,,False,0
ALT02006,CUST01777,1879.28,443,18,3,delivered,signed,dev_9f35e95d,addr_5e4908c8,29,unauthorised,I did not authorise this transaction on my card. I raised this before and got no response.,opportunist,,False,0
ALT02007,CUST01358,7131.58,50,3,0,delivered,otp,dev_971f640d,addr_9268b5df,43,unauthorised,"This charge is not mine, my card was used without permission.",ring,household,False,0
ALT02008,CUST00828,2057.25,578,13,1,delivered,signed,dev_3f800385,addr_42c2d2eb,29,unauthorised,I did not authorise this transaction on my card.,honest,,False,1
ALT02009,CUST00488,1337.53,896,22,0,delivered,otp,dev_c37459ee,addr_1a2a73ed,15,not_as_described,"Received the wrong variant, this is not what I ordered.",honest,,False,1
ALT02010,CUST01518,4526.21,912,12,0,delivered,otp,dev_fa8dae42,addr_d5b6de85,25,not_as_described,Product does not match the description on your site. Kindly help.,honest,,False,1
ALT02011,CUST00771,1544.11,391,14,4,in_transit,none,dev_114c440d,addr_28bfffdd,34,item_not_received,I have not received this package even after 34 days. This keeps happening.,opportunist,,False,0
ALT02012,CUST01346,1636.16,227,8,1,delivered,signed,dev_c2ac0d6d,addr_2ec285a6,26,item_not_received,Order never arrived. Tracking shows delivered but nothing reached me. This keeps happening.,opportunist,,False,1
ALT02013,CUST00119,2469.81,31,0,0,delivered,otp,dev_51ffdef6,addr_b6caf840,26,not_as_described,"Received the wrong variant, this is not what I ordered. Reverse this now.",ring,tight,False,0
ALT02014,CUST00092,1337.92,1480,33,0,delivered,signed,dev_341c6494,addr_8c99a894,2,item_not_received,Order never arrived. Tracking shows delivered but nothing reached me.,honest,,False,1
ALT02015,CUST00529,1949.78,315,11,4,delivered,signed,dev_0f2f633b,addr_a3beb445,29,item_not_received,Nothing was delivered to my address. Please refund the amount.,opportunist,,False,1
ALT02016,CUST01435,1317.84,870,10,1,delivered,otp,dev_020a4497,addr_335f2f59,35,duplicate_charge,Two payments went out for a single purchase. Kindly help.,honest,,False,0
ALT02017,CUST00868,2068.05,1086,47,1,in_transit,none,dev_33383ec9,addr_66fd3215,43,not_as_described,Product does not match the description on your site.,honest,,False,0
ALT02018,CUST01676,488.04,978,41,0,delivered,signed,dev_4f908490,addr_6c778135,27,unauthorised,"I did not authorise this transaction on my card. The size is wrong, I want to send it back. Kindly help.",honest,,True,1
ALT02019,CUST01422,5455.34,1396,29,0,delivered,signed,dev_e31f2212,addr_1ecf8aec,35,duplicate_charge,"Charged twice for the same order, please reverse one debit.",honest,,False,1
ALT02020,CUST00302,3221.39,1026,49,1,delivered,signed,dev_c90d35aa,addr_ec11a44d,40,item_not_received,Nothing was delivered to my address. Please refund the amount.,honest,,False,1
ALT02021,CUST00017,5631.46,1047,29,0,delivered,signed,dev_85671b58,addr_af70de70,11,not_as_described,Product does not match the description on your site.,honest,,False,1
ALT02022,CUST01470,3442.36,1294,29,0,delivered,none,dev_798b0757,addr_f6419405,19,duplicate_charge,Duplicate debit of the same amount on the same day.,honest,,False,0
ALT02023,CUST01246,2031.99,60,2,0,in_transit,none,dev_a81d0ecf,addr_e7e399b8,20,not_as_described,Item is not what the listing showed. Quality is poor. Refund immediately.,ring,household,False,0
ALT02024,CUST00357,3596.38,428,16,1,in_transit,otp,dev_633bffff,addr_9b5c4b58,16,duplicate_charge,Two payments went out for a single purchase. This keeps happening.,opportunist,,False,0
ALT02025,CUST01121,1714.46,268,16,1,lost,none,dev_b960df1f,addr_5fcf5c27,12,not_as_described,Item is not what the listing showed. Quality is poor. I raised this before and got no response.,opportunist,,False,0
ALT02026,CUST00688,746.31,969,12,0,delivered,otp,dev_33daefc1,addr_9606006a,10,item_not_received,I have not received this package even after 10 days.,honest,,False,1
ALT02027,CUST01770,7261.49,458,3,2,lost,none,dev_9dd3c15a,addr_03a1beac,33,not_as_described,Product does not match the description on your site. This keeps happening.,opportunist,,False,0
ALT02028,CUST01074,3537.2,565,18,1,delivered,otp,dev_fd81a925,addr_73e9b99b,22,item_not_received,Order never arrived. Tracking shows delivered but nothing reached me.,opportunist,,False,1
ALT02029,CUST00568,1334.57,435,6,1,delivered,none,dev_a5e15b55,addr_28fea761,9,duplicate_charge,Two payments went out for a single purchase.,honest,,False,0
ALT02030,CUST01415,2696.56,56,0,1,delivered,otp,dev_51ffdef6,addr_b6caf840,30,item_not_received,Nothing was delivered to my address. Please refund the amount. Reverse this now.,ring,tight,False,1
ALT02031,CUST00427,1919.31,300,3,3,delivered,none,dev_68b49b00,addr_7123bc96,2,not_as_described,"Received the wrong variant, this is not what I ordered. I raised this before and got no response.",opportunist,,False,0
ALT02032,CUST00980,1471.45,224,13,4,delivered,signed,dev_97caeef5,addr_b4dc70c6,23,unauthorised,"This charge is not mine, my card was used without permission. I raised this before and got no response.",opportunist,,False,1
ALT02033,CUST01135,759.86,531,9,1,in_transit,none,dev_c6f06a71,addr_61ff1d9a,9,item_not_received,Order never arrived. Tracking shows delivered but nothing reached me.,honest,,False,0
ALT02034,CUST00057,200.0,425,12,1,in_transit,otp,dev_925f2cc6,addr_273ef6f4,27,duplicate_charge,Duplicate debit of the same amount on the same day.,honest,,False,1
ALT02035,CUST01061,12645.11,770,50,0,delivered,signed,dev_93cd1291,addr_89718eea,25,item_not_received,I have not received this package even after 25 days. It stopped working after two days of use.,honest,,True,1
ALT02036,CUST00508,2243.96,943,26,1,delivered,otp,dev_cc501bea,addr_460db751,12,duplicate_charge,"Charged twice for the same order, please reverse one debit. Kindly help.",honest,,False,1
ALT02037,CUST00847,815.74,733,42,1,delivered,signed,dev_1e26ed31,addr_9ee339ff,23,item_not_received,Order never arrived. Tracking shows delivered but nothing reached me.,honest,,False,1
ALT02038,CUST01281,9333.49,422,6,0,delivered,otp,dev_af32baf8,addr_d3966f0a,35,item_not_received,Nothing was delivered to my address. Please refund the amount.,honest,,False,0
ALT02039,CUST00809,11077.77,61,0,1,delivered,signed,dev_2f39f8c8,addr_c4bfa424,23,unauthorised,"Unknown charge from your store, I never placed any order. Refund immediately.",ring,dropship,False,1
ALT02040,CUST00771,2563.15,391,14,4,delivered,signed,dev_114c440d,addr_28bfffdd,19,unauthorised,"Unknown charge from your store, I never placed any order. The colour is nothing like the photos. I raised this before and got no response.",opportunist,,True,0
ALT02041,CUST00285,1791.42,311,15,3,delivered,signed,dev_a8c51cca,addr_1c66021e,35,not_as_described,Product does not match the description on your site. I raised this before and got no response.,opportunist,,False,1
ALT02042,CUST00798,708.95,329,15,1,delivered,otp,dev_46a56fe8,addr_4cbc9044,20,not_as_described,Product does not match the description on your site. Kindly help.,honest,,False,0
ALT02043,CUST00320,1458.56,21,3,2,lost,none,dev_10bb5ed3,addr_6e896265,19,unauthorised,"This charge is not mine, my card was used without permission.",ring,household,False,0
ALT02044,CUST00091,4437.39,1063,6,0,delivered,otp,dev_ab404598,addr_e1dd7fdf,11,unauthorised,I did not authorise this transaction on my card. Kindly help.,honest,,False,1
ALT02045,CUST01545,548.97,1478,43,1,in_transit,none,dev_90494583,addr_07437c3b,11,item_not_received,I have not received this package even after 11 days.,honest,,False,0
ALT02046,CUST01071,2444.66,821,19,1,delivered,signed,dev_b5502e2b,addr_8d59c34d,31,unauthorised,"This charge is not mine, my card was used without permission. Kindly help.",honest,,False,0
ALT02047,CUST01438,2896.58,1403,47,0,delivered,signed,dev_7ab99428,addr_553d2625,34,not_as_described,Product does not match the description on your site.,honest,,False,1
ALT02048,CUST00059,2468.5,584,25,0,in_transit,none,dev_26f341c8,addr_05aa5eab,33,item_not_received,I have not received this package even after 33 days. Kindly help.,honest,,False,0
ALT02049,CUST00463,1128.96,354,5,2,in_transit,otp,dev_800314a8,addr_9e5f8378,29,not_as_described,"Received the wrong variant, this is not what I ordered.",opportunist,,False,1
ALT02050,CUST01363,2408.51,1289,22,1,delivered,otp,dev_1186da93,addr_22f9cafe,41,item_not_received,I have not received this package even after 41 days.,honest,,False,1
ALT02051,CUST00700,857.06,646,13,1,in_transit,none,dev_4bb8ebe2,addr_173a0c96,42,item_not_received,I have not received this package even after 42 days. Kindly help.,honest,,False,0
ALT02052,CUST01461,9943.18,1075,37,1,in_transit,otp,dev_1634725b,addr_ab545a15,4,item_not_received,I have not received this package even after 4 days. Kindly help.,honest,,False,1
ALT02053,CUST00730,2425.59,904,18,1,in_transit,none,dev_2477f047,addr_2f1a25a8,4,not_as_described,"Received the wrong variant, this is not what I ordered.",honest,,False,0
ALT02054,CUST01526,3399.24,708,22,0,delivered,otp,dev_1bac27a7,addr_df465290,23,item_not_received,Order never arrived. Tracking shows delivered but nothing reached me.,honest,,False,1
ALT02055,CUST01452,675.36,1329,14,1,in_transit,otp,dev_5295ea96,addr_a41247a2,17,item_not_received,I have not received this package even after 17 days. It stopped working after two days of use.,honest,,True,1
ALT02056,CUST00594,1364.84,560,20,1,lost,none,dev_b297a782,addr_b357f3f9,45,not_as_described,Product does not match the description on your site.,honest,,False,0
ALT02057,CUST00938,3742.97,265,25,1,delivered,signed,dev_448aaa9e,addr_508ebad7,31,item_not_received,I have not received this package even after 31 days. Kindly help.,honest,,False,1
ALT02058,CUST00862,5346.3,208,13,1,delivered,none,dev_02774ef3,addr_cb94cf8d,42,item_not_received,I have not received this package even after 42 days. This keeps happening.,opportunist,,False,0
ALT02059,CUST00020,1029.81,647,44,0,delivered,none,dev_e9a0c20d,addr_b72479b7,17,not_as_described,"Received the wrong variant, this is not what I ordered. Kindly help.",honest,,False,0
ALT02060,CUST00467,723.89,77,13,3,delivered,otp,dev_aa1c5dca,addr_ab6d9aa8,5,not_as_described,"Received the wrong variant, this is not what I ordered. This keeps happening.",opportunist,,False,0
ALT02061,CUST01233,1828.96,65,12,2,delivered,otp,dev_75666394,addr_280d4e22,29,duplicate_charge,"Charged twice for the same order, please reverse one debit.",opportunist,,False,1
ALT02062,CUST01387,2294.89,763,44,1,delivered,none,dev_4b7e6b3c,addr_6e218b09,38,not_as_described,Item is not what the listing showed. Quality is poor.,honest,,False,1
ALT02063,CUST00562,2306.57,892,48,1,delivered,signed,dev_ea89a979,addr_cc18dd0e,39,not_as_described,Item is not what the listing showed. Quality is poor.,honest,,False,1
ALT02064,CUST00174,2905.99,1219,45,1,delivered,otp,dev_4d560a3d,addr_67f5ae02,16,item_not_received,Nothing was delivered to my address. Please refund the amount.,honest,,False,1
ALT02065,CUST00494,2096.76,885,13,0,in_transit,none,dev_d93d8722,addr_c4df5b8d,6,not_as_described,Item is not what the listing showed. Quality is poor. Kindly help.,honest,,False,0
ALT02066,CUST00458,6233.53,393,42,0,delivered,signed,dev_624b31d7,addr_b3e6922d,21,not_as_described,Item is not what the listing showed. Quality is poor. Kindly help.,honest,,False,1
ALT02067,CUST01379,1048.11,189,19,4,delivered,signed,dev_793130ce,addr_3768d6aa,14,unauthorised,"This charge is not mine, my card was used without permission. I raised this before and got no response.",opportunist,,False,1
ALT02068,CUST00938,3195.68,265,25,1,in_transit,otp,dev_448aaa9e,addr_508ebad7,9,item_not_received,I have not received this package even after 9 days.,honest,,False,0
ALT02069,CUST01047,1715.32,543,9,3,in_transit,none,dev_21f55aa5,addr_e4fa6417,21,item_not_received,I have not received this package even after 21 days. This keeps happening.,opportunist,,False,0
ALT02070,CUST01190,3308.06,864,5,0,delivered,signed,dev_cb5d2b59,addr_95aeb18b,22,duplicate_charge,Duplicate debit of the same amount on the same day. Kindly help.,honest,,False,1
ALT02071,CUST00759,1785.3,592,48,0,lost,none,dev_743480a1,addr_f019955f,22,item_not_received,Nothing was delivered to my address. Please refund the amount. Kindly help.,honest,,False,0
ALT02072,CUST00792,889.39,420,32,0,delivered,otp,dev_e1e89e7e,addr_ba3df7ff,8,item_not_received,I have not received this package even after 8 days.,honest,,False,1
ALT02073,CUST01145,2524.18,231,18,0,delivered,signed,dev_345af934,addr_ea45ba41,21,item_not_received,Order never arrived. Tracking shows delivered but nothing reached me.,honest,,False,1
ALT02074,CUST00928,1878.89,386,18,4,in_transit,none,dev_f90c9f84,addr_3ef3d5be,42,unauthorised,"Unknown charge from your store, I never placed any order. I raised this before and got no response.",opportunist,,False,0
ALT02075,CUST00197,1915.28,431,12,3,in_transit,none,dev_a246ea52,addr_ac5bfe79,12,not_as_described,"Received the wrong variant, this is not what I ordered. I raised this before and got no response.",opportunist,,False,0
ALT02076,CUST01455,2220.04,1433,14,0,delivered,signed,dev_7e7e7419,addr_9fe0a8c7,3,unauthorised,"This charge is not mine, my card was used without permission. Kindly help.",honest,,False,1
ALT02077,CUST00789,7064.83,676,8,0,in_transit,none,dev_69ce1e4e,addr_b7a4c719,30,duplicate_charge,"Charged twice for the same order, please reverse one debit. Kindly help.",honest,,False,0
ALT02078,CUST01496,817.76,537,29,0,in_transit,none,dev_fc3d3348,addr_747b6dba,4,item_not_received,Nothing was delivered to my address. Please refund the amount.,honest,,False,0
ALT02079,CUST00352,5833.05,1318,26,0,in_transit,none,dev_af475b49,addr_2285b2ef,11,item_not_received,I have not received this package even after 11 days.,honest,,False,0
ALT02080,CUST01508,506.41,1246,49,1,in_transit,none,dev_61af663c,addr_af65e8cc,28,not_as_described,"Received the wrong variant, this is not what I ordered. Kindly help.",honest,,False,0
ALT02081,CUST01711,19622.28,187,6,2,in_transit,none,dev_d8d99ad8,addr_2b4088da,17,item_not_received,Nothing was delivered to my address. Please refund the amount. The box was torn when I opened it. I raised this before and got no response.,opportunist,,True,0
ALT02082,CUST01471,696.12,1014,19,0,in_transit,none,dev_35ba5e93,addr_d07c5e53,31,item_not_received,Nothing was delivered to my address. Please refund the amount.,honest,,False,0
ALT02083,CUST00578,6148.56,1275,11,1,lost,none,dev_59fcfaeb,addr_b9aa06f5,17,not_as_described,Item is not what the listing showed. Quality is poor. Kindly help.,honest,,False,0
ALT02084,CUST00484,1299.22,322,18,1,lost,none,dev_a13ea66d,addr_55ac0d06,27,item_not_received,Order never arrived. Tracking shows delivered but nothing reached me. The colour is nothing like the photos.,honest,,True,0
ALT02085,CUST01517,3724.23,728,45,1,lost,none,dev_d17ad9bd,addr_42710779,17,duplicate_charge,Two payments went out for a single purchase.,honest,,False,0
ALT02086,CUST00413,10015.18,831,36,0,delivered,otp,dev_3da06476,addr_95560a2d,45,not_as_described,"Received the wrong variant, this is not what I ordered.",honest,,False,1
ALT02087,CUST01119,1767.24,17,1,2,delivered,signed,dev_f4a985b0,addr_9ef17e4f,9,item_not_received,Order never arrived. Tracking shows delivered but nothing reached me. The box was torn when I opened it.,ring,tight,True,1
ALT02088,CUST01268,17593.39,755,36,1,delivered,otp,dev_eed15809,addr_a7e60e4e,6,item_not_received,Order never arrived. Tracking shows delivered but nothing reached me.,honest,,False,1
ALT02089,CUST01212,10281.36,501,35,1,in_transit,none,dev_9a73cd2f,addr_4a832ab5,11,not_as_described,Product does not match the description on your site. Kindly help.,honest,,False,0
ALT02090,CUST01320,630.74,50,0,3,delivered,signed,dev_f2602a26,addr_8af41753,27,unauthorised,I did not authorise this transaction on my card.,ring,tight,False,1
ALT02091,CUST00239,2205.09,1234,12,0,in_transit,none,dev_d7720330,addr_81eb7abb,37,item_not_received,Nothing was delivered to my address. Please refund the amount.,honest,,False,0
ALT02092,CUST00143,1819.46,983,33,1,in_transit,otp,dev_602a4e57,addr_8a0f9508,14,duplicate_charge,Two payments went out for a single purchase.,honest,,False,0
ALT02093,CUST01150,2332.14,916,44,1,in_transit,none,dev_9f88dda3,addr_70c23600,7,not_as_described,Item is not what the listing showed. Quality is poor.,honest,,False,0
ALT02094,CUST01557,1626.05,905,49,0,delivered,none,dev_e4eb8000,addr_78d9a88a,4,not_as_described,Product does not match the description on your site. Kindly help.,honest,,False,1
ALT02095,CUST00141,1035.32,523,39,1,lost,none,dev_eefb2a24,addr_e7094153,42,item_not_received,Nothing was delivered to my address. Please refund the amount.,honest,,False,0
ALT02096,CUST01036,2095.27,1299,43,0,in_transit,none,dev_aa2960fd,addr_9cd8758b,3,not_as_described,Item is not what the listing showed. Quality is poor.,honest,,False,0
ALT02097,CUST00489,3613.77,89,3,3,in_transit,none,dev_f0d1fa72,addr_4a9b37f0,2,unauthorised,"This charge is not mine, my card was used without permission. Refund immediately.",ring,tight,False,0
ALT02098,CUST01213,261.33,390,24,1,in_transit,otp,dev_8cebac57,addr_4af715b7,28,not_as_described,"Received the wrong variant, this is not what I ordered.",honest,,False,1
ALT02099,CUST00524,4894.06,466,40,0,in_transit,none,dev_1f4a8ca1,addr_c012a0ff,26,not_as_described,Item is not what the listing showed. Quality is poor. Kindly help.,honest,,False,0
ALT02100,CUST01015,2583.99,1037,28,1,delivered,otp,dev_51284026,addr_61e30fb4,42,item_not_received,Order never arrived. Tracking shows delivered but nothing reached me.,honest,,False,0
ALT02101,CUST01548,8308.03,685,18,1,in_transit,none,dev_6d9c5b50,addr_9dbc15c0,2,item_not_received,Nothing was delivered to my address. Please refund the amount. Kindly help.,honest,,False,0
ALT02102,CUST01491,1520.91,687,43,0,delivered,otp,dev_503ba8c3,addr_bcbb859a,4,duplicate_charge,Duplicate debit of the same amount on the same day.,honest,,False,1
ALT02103,CUST01734,1357.82,1124,9,0,lost,none,dev_4b7f2183,addr_51976e75,37,duplicate_charge,"Charged twice for the same order, please reverse one debit.",honest,,False,0
ALT02104,CUST00869,1128.32,1445,29,1,delivered,otp,dev_1bfc270c,addr_e0b55615,39,item_not_received,Nothing was delivered to my address. Please refund the amount.,honest,,False,1
ALT02105,CUST00813,3443.27,1180,35,0,delivered,signed,dev_973e129c,addr_6930b0c4,16,unauthorised,I did not authorise this transaction on my card.,honest,,False,1
ALT02106,CUST01009,464.25,894,20,0,delivered,otp,dev_59afb1d1,addr_ac249f30,1,not_as_described,Product does not match the description on your site.,honest,,False,1
ALT02107,CUST01774,1591.12,198,8,4,lost,none,dev_0283a43b,addr_7872420e,4,item_not_received,Order never arrived. Tracking shows delivered but nothing reached me.,opportunist,,False,0
ALT02108,CUST01636,2346.23,776,33,1,in_transit,none,dev_a9252745,addr_795741bb,35,item_not_received,I have not received this package even after 35 days. Kindly help.,honest,,False,0
ALT02109,CUST01109,735.48,213,31,0,delivered,otp,dev_e09016b6,addr_f374190d,42,not_as_described,Item is not what the listing showed. Quality is poor.,honest,,False,1
ALT02110,CUST00686,6333.74,1176,42,0,delivered,signed,dev_4251d2f0,addr_69fb2fe6,12,not_as_described,Product does not match the description on your site.,honest,,False,1
ALT02111,CUST01109,1576.88,213,31,0,in_transit,none,dev_e09016b6,addr_f374190d,24,item_not_received,Nothing was delivered to my address. Please refund the amount.,honest,,False,0
ALT02112,CUST00729,5475.96,338,5,4,delivered,none,dev_363cbc32,addr_0e55ced3,8,item_not_received,Order never arrived. Tracking shows delivered but nothing reached me. I raised this before and got no response.,opportunist,,False,0
ALT02113,CUST01063,3690.45,1377,23,1,in_transit,none,dev_6553867d,addr_f93e08d5,16,unauthorised,"Unknown charge from your store, I never placed any order. Kindly help.",honest,,False,1
ALT02114,CUST01001,15647.91,435,39,0,delivered,none,dev_a5cb63a2,addr_e88da719,13,unauthorised,"Unknown charge from your store, I never placed any order.",honest,,False,0
ALT02115,CUST00066,627.96,42,0,1,delivered,signed,dev_51ffdef6,addr_b6caf840,24,not_as_described,"Received the wrong variant, this is not what I ordered. Refund immediately.",ring,tight,False,1
ALT02116,CUST01637,965.48,763,18,0,delivered,signed,dev_945d91a5,addr_5207c6cc,18,not_as_described,"Received the wrong variant, this is not what I ordered.",honest,,False,1
ALT02117,CUST01005,5198.18,347,26,0,in_transit,none,dev_b7014925,addr_321a6d71,26,item_not_received,I have not received this package even after 26 days.,honest,,False,1
ALT02118,CUST00345,2938.7,1106,14,0,delivered,otp,dev_11d012a7,addr_569b111f,17,item_not_received,Order never arrived. Tracking shows delivered but nothing reached me. Kindly help.,honest,,False,1
ALT02119,CUST00211,1556.26,478,4,1,delivered,otp,dev_10652764,addr_c96782fb,6,item_not_received,Nothing was delivered to my address. Please refund the amount.,opportunist,,False,1
ALT02120,CUST01439,1653.15,454,9,4,delivered,signed,dev_1ac2c99a,addr_f1c2fa18,25,not_as_described,Item is not what the listing showed. Quality is poor. I raised this before and got no response.,opportunist,,False,1
ALT02121,CUST00155,1820.1,1234,43,0,delivered,otp,dev_8fadc1a6,addr_6b65a6a4,2,not_as_described,"Received the wrong variant, this is not what I ordered.",honest,,False,0
ALT02122,CUST01452,12611.2,1329,14,1,delivered,signed,dev_5295ea96,addr_a41247a2,17,not_as_described,Product does not match the description on your site.,honest,,False,1
ALT02123,CUST01025,2209.63,1145,23,1,lost,none,dev_9acb394a,addr_df7d0dd7,17,not_as_described,"Received the wrong variant, this is not what I ordered.",honest,,False,0
ALT02124,CUST00183,1138.11,1487,44,1,lost,none,dev_93cd59bf,addr_328067a1,13,unauthorised,"Unknown charge from your store, I never placed any order. Kindly help.",honest,,False,0
ALT02125,CUST00644,5539.65,350,10,1,delivered,signed,dev_9bb96155,addr_10d08d11,44,not_as_described,"Received the wrong variant, this is not what I ordered.",honest,,False,1
ALT02126,CUST00018,2273.15,576,6,0,delivered,signed,dev_ba4f4b03,addr_a97a4f4e,39,item_not_received,Order never arrived. Tracking shows delivered but nothing reached me.,honest,,False,0
ALT02127,CUST01588,2427.62,566,50,1,delivered,signed,dev_9dc6d783,addr_4ffc1c54,38,not_as_described,"Received the wrong variant, this is not what I ordered. Kindly help.",honest,,False,1
ALT02128,CUST00257,3979.56,11,1,1,delivered,otp,dev_6af01106,addr_e3d21a33,29,unauthorised,"This charge is not mine, my card was used without permission. Reverse this now.",ring,dropship,False,0
ALT02129,CUST00474,4123.44,457,12,4,delivered,otp,dev_4295f5c9,addr_e85fda55,38,unauthorised,I did not authorise this transaction on my card. This keeps happening.,opportunist,,False,0
ALT02130,CUST00396,1958.44,84,17,4,delivered,otp,dev_0f4e2726,addr_70a6d78b,6,not_as_described,Item is not what the listing showed. Quality is poor. This keeps happening.,opportunist,,False,1
ALT02131,CUST00232,3055.42,286,5,3,delivered,signed,dev_98610b0b,addr_639817e5,17,not_as_described,Item is not what the listing showed. Quality is poor. I raised this before and got no response.,opportunist,,False,1
ALT02132,CUST01671,1098.55,1491,19,0,in_transit,otp,dev_b509109b,addr_02571851,41,duplicate_charge,Duplicate debit of the same amount on the same day.,honest,,False,1
ALT02133,CUST00386,2250.42,604,20,1,in_transit,none,dev_3fbc75e0,addr_a2b6eddc,30,duplicate_charge,"Charged twice for the same order, please reverse one debit. Kindly help.",honest,,False,0
ALT02134,CUST00860,637.92,534,8,1,delivered,otp,dev_5c75352c,addr_f4852088,43,not_as_described,Product does not match the description on your site.,honest,,False,1
ALT02135,CUST00624,1805.92,548,13,4,in_transit,none,dev_d3c6e5a0,addr_6c99ce56,23,not_as_described,"Received the wrong variant, this is not what I ordered. This keeps happening.",opportunist,,False,0
ALT02136,CUST00674,1086.62,1172,38,1,delivered,otp,dev_c190b0cf,addr_16a48bfa,45,duplicate_charge,Duplicate debit of the same amount on the same day. Kindly help.,honest,,False,1
ALT02137,CUST00724,4227.75,1497,19,0,in_transit,none,dev_acd32f62,addr_c903cc1d,22,item_not_received,Order never arrived. Tracking shows delivered but nothing reached me.,honest,,False,0
ALT02138,CUST00849,3666.43,276,3,3,in_transit,otp,dev_ede02d33,addr_44e831e1,5,duplicate_charge,"Charged twice for the same order, please reverse one debit. I raised this before and got no response.",opportunist,,False,0
ALT02139,CUST00626,1836.4,121,19,3,delivered,otp,dev_cc5bf684,addr_93271b56,21,item_not_received,Nothing was delivered to my address. Please refund the amount.,opportunist,,False,1
ALT02140,CUST01128,1288.01,293,13,3,delivered,signed,dev_b8d11a8f,addr_a3b4a240,33,item_not_received,Nothing was delivered to my address. Please refund the amount.,opportunist,,False,1
ALT02141,CUST00108,612.8,260,26,1,delivered,signed,dev_1059ea28,addr_13badc91,7,not_as_described,Product does not match the description on your site. Kindly help.,honest,,False,1
ALT02142,CUST01275,825.98,436,29,1,delivered,otp,dev_bc75ed53,addr_d751af9c,5,not_as_described,Item is not what the listing showed. Quality is poor.,honest,,False,1
ALT02143,CUST01789,1722.95,1349,39,1,lost,none,dev_956269f0,addr_5cabcc97,37,duplicate_charge,Duplicate debit of the same amount on the same day.,honest,,False,0
ALT02144,CUST00184,1501.28,1328,5,1,delivered,none,dev_17dc8eff,addr_e9b5c5cf,41,item_not_received,I have not received this package even after 41 days. Kindly help.,honest,,False,0
ALT02145,CUST00718,1602.4,1359,16,0,in_transit,none,dev_b2165b5a,addr_40da9c7d,35,unauthorised,"This charge is not mine, my card was used without permission.",honest,,False,0
ALT02146,CUST01381,4063.06,1297,27,0,delivered,otp,dev_73b0d676,addr_769de1e3,26,not_as_described,Product does not match the description on your site. Kindly help.,honest,,False,0
ALT02147,CUST00255,1366.17,389,39,0,delivered,signed,dev_0d31812e,addr_12a1fe7d,21,item_not_received,Nothing was delivered to my address. Please refund the amount.,honest,,False,1
ALT02148,CUST00196,3164.44,1138,44,0,in_transit,none,dev_43e42caf,addr_eeea163e,36,item_not_received,Nothing was delivered to my address. Please refund the amount.,honest,,False,0
ALT02149,CUST00076,841.99,46,1,3,delivered,otp,dev_3f086a9e,addr_243191eb,5,unauthorised,"This charge is not mine, my card was used without permission. Reverse this now.",ring,tight,False,0
ALT02150,CUST01181,6281.15,1135,41,0,delivered,none,dev_8f0d5540,addr_0592bfa5,20,item_not_received,I have not received this package even after 20 days.,honest,,False,0
ALT02151,CUST01459,907.41,783,10,0,delivered,none,dev_45d5a68d,addr_6ffe33b3,33,duplicate_charge,"Charged twice for the same order, please reverse one debit. Kindly help.",honest,,False,0
ALT02152,CUST00936,2263.66,1286,32,0,delivered,signed,dev_42a9f7e5,addr_50326fe6,20,unauthorised,I did not authorise this transaction on my card. Kindly help.,honest,,False,1
ALT02153,CUST01665,1979.18,1144,45,1,in_transit,none,dev_75a66981,addr_aab612c9,35,not_as_described,Product does not match the description on your site.,honest,,False,0
ALT02154,CUST00493,2949.99,248,19,1,delivered,otp,dev_57bd0ca8,addr_fd063a58,19,not_as_described,"Received the wrong variant, this is not what I ordered.",honest,,False,1
ALT02155,CUST00115,1964.78,162,12,3,delivered,otp,dev_73deaa56,addr_8bb3fbb2,10,item_not_received,Order never arrived. Tracking shows delivered but nothing reached me. This keeps happening.,opportunist,,False,0
ALT02156,CUST01489,1957.01,8,2,0,in_transit,none,dev_aec61694,addr_18720dc7,36,unauthorised,"This charge is not mine, my card was used without permission. Refund immediately.",ring,tight,False,0
ALT02157,CUST01170,2945.06,815,20,1,lost,none,dev_6cc721f0,addr_18302082,27,item_not_received,Nothing was delivered to my address. Please refund the amount.,honest,,False,0
ALT02158,CUST00303,1784.97,146,15,4,delivered,signed,dev_f6d811ef,addr_3fbe5756,14,unauthorised,"This charge is not mine, my card was used without permission.",opportunist,,False,0
ALT02159,CUST00839,4531.0,77,2,0,delivered,otp,dev_ca8b6e4c,addr_c2d031ad,9,unauthorised,I did not authorise this transaction on my card.,ring,dropship,False,1
ALT02160,CUST01398,5875.44,423,7,4,lost,none,dev_75566ff1,addr_fb5435ba,38,not_as_described,"Received the wrong variant, this is not what I ordered.",opportunist,,False,0
ALT02161,CUST01660,1857.21,1407,23,0,delivered,otp,dev_82aa5c46,addr_6593b659,41,item_not_received,Nothing was delivered to my address. Please refund the amount. Kindly help.,honest,,False,0
ALT02162,CUST01564,10255.19,1207,17,0,delivered,otp,dev_e604bfbe,addr_6924e248,11,not_as_described,"Received the wrong variant, this is not what I ordered. Kindly help.",honest,,False,1
ALT02163,CUST00071,2945.57,679,41,1,delivered,none,dev_d18183d1,addr_3ca5be29,18,not_as_described,Product does not match the description on your site.,honest,,False,0
ALT02164,CUST01377,1662.34,357,20,0,delivered,signed,dev_0eb2858f,addr_be501500,35,unauthorised,"Unknown charge from your store, I never placed any order.",honest,,False,1
ALT02165,CUST01260,2386.15,883,13,1,in_transit,otp,dev_b4a69f3c,addr_8f9797b0,23,not_as_described,"Received the wrong variant, this is not what I ordered.",honest,,False,0
ALT02166,CUST01378,10255.35,483,37,1,in_transit,none,dev_1c11f735,addr_a0a04dc4,26,unauthorised,"This charge is not mine, my card was used without permission.",honest,,False,0
ALT02167,CUST00809,3047.23,61,0,1,delivered,signed,dev_2f39f8c8,addr_c4bfa424,33,unauthorised,"This charge is not mine, my card was used without permission. Reverse this now.",ring,dropship,False,0
ALT02168,CUST00555,3044.69,1137,36,0,delivered,otp,dev_ddebcd5c,addr_1fa7cddf,3,item_not_received,Order never arrived. Tracking shows delivered but nothing reached me.,honest,,False,1
ALT02169,CUST00124,3301.37,1374,47,0,delivered,none,dev_ec1b55dd,addr_0a42be3f,15,not_as_described,Item is not what the listing showed. Quality is poor.,honest,,False,0
ALT02170,CUST01730,1975.56,341,13,3,in_transit,none,dev_667cf788,addr_0c0cf61e,17,not_as_described,"Received the wrong variant, this is not what I ordered.",opportunist,,False,0
ALT02171,CUST00494,4898.71,885,13,0,delivered,none,dev_d93d8722,addr_c4df5b8d,30,unauthorised,I did not authorise this transaction on my card. Kindly help.,honest,,False,0
ALT02172,CUST00780,1358.34,84,20,3,delivered,signed,dev_2dc12143,addr_725f875a,10,not_as_described,"Received the wrong variant, this is not what I ordered. I raised this before and got no response.",opportunist,,False,1
ALT02173,CUST01525,2929.88,805,40,0,in_transit,otp,dev_311c6eb6,addr_91b0e1d9,24,not_as_described,Item is not what the listing showed. Quality is poor.,honest,,False,0
ALT02174,CUST01450,5461.05,1271,34,0,in_transit,otp,dev_1270c935,addr_bc4716ad,13,duplicate_charge,Duplicate debit of the same amount on the same day. Kindly help.,honest,,False,1
ALT02175,CUST01215,7591.04,369,36,1,lost,none,dev_f94d8fcb,addr_eb4d8f42,23,item_not_received,I have not received this package even after 23 days. Kindly help.,honest,,False,0
ALT02176,CUST01570,1959.96,706,48,0,delivered,none,dev_86879aa9,addr_5c9deee0,32,item_not_received,I have not received this package even after 32 days.,honest,,False,0
ALT02177,CUST00306,1569.77,325,11,1,delivered,signed,dev_b7e3c615,addr_3c1517fc,34,not_as_described,"Received the wrong variant, this is not what I ordered. This keeps happening.",opportunist,,False,1
ALT02178,CUST00361,2868.29,253,25,0,delivered,otp,dev_47eb340d,addr_28dd2bfd,3,item_not_received,Nothing was delivered to my address. Please refund the amount.,honest,,False,1
ALT02179,CUST01688,2253.66,201,45,1,in_transit,none,dev_bbd0fe6c,addr_e207db20,4,not_as_described,Product does not match the description on your site. Kindly help.,honest,,False,0
ALT02180,CUST01196,1764.2,411,7,0,delivered,otp,dev_ba40662f,addr_c6f903cf,3,item_not_received,Order never arrived. Tracking shows delivered but nothing reached me.,honest,,False,1
ALT02181,CUST00404,690.19,144,13,2,delivered,none,dev_0a7016c8,addr_380ec19d,8,item_not_received,Order never arrived. Tracking shows delivered but nothing reached me. This keeps happening.,opportunist,,False,0
ALT02182,CUST00575,761.05,313,10,1,delivered,otp,dev_9a0270da,addr_ddfef849,9,duplicate_charge,Duplicate debit of the same amount on the same day.,honest,,False,1
ALT02183,CUST01121,1761.36,268,16,1,delivered,signed,dev_b960df1f,addr_5fcf5c27,29,not_as_described,Product does not match the description on your site. This keeps happening.,opportunist,,False,0
ALT02184,CUST00232,1987.64,286,5,3,delivered,signed,dev_98610b0b,addr_57314c46,35,not_as_described,"Received the wrong variant, this is not what I ordered. I raised this before and got no response.",opportunist,,False,1
ALT02185,CUST00756,839.6,1045,43,1,in_transit,none,dev_37a3c30a,addr_b6e1e7ac,20,not_as_described,Item is not what the listing showed. Quality is poor.,honest,,False,0
ALT02186,CUST01002,2254.64,60,2,3,delivered,otp,dev_2f39f8c8,addr_bd0443f0,40,item_not_received,I have not received this package even after 40 days.,ring,dropship,False,1
ALT02187,CUST00661,2650.76,1333,9,1,in_transit,otp,dev_792cad76,addr_58c58875,10,item_not_received,Order never arrived. Tracking shows delivered but nothing reached me. Kindly help.,honest,,False,0
ALT02188,CUST01233,1369.89,65,12,2,delivered,otp,dev_75666394,addr_280d4e22,17,not_as_described,Product does not match the description on your site. This keeps happening.,opportunist,,False,1
ALT02189,CUST00437,7254.6,1082,33,1,in_transit,otp,dev_1a7167c7,addr_16f142a2,37,duplicate_charge,"Charged twice for the same order, please reverse one debit. Kindly help.",honest,,False,1
ALT02190,CUST00935,1596.16,635,34,0,in_transit,otp,dev_d0a96757,addr_5e75788f,39,duplicate_charge,Duplicate debit of the same amount on the same day. Kindly help.,honest,,False,0
ALT02191,CUST01060,947.58,273,7,0,in_transit,none,dev_b4c04bdf,addr_7dd19b8f,6,not_as_described,Item is not what the listing showed. Quality is poor.,honest,,False,0
ALT02192,CUST00337,10437.62,1333,23,0,in_transit,otp,dev_8cc36f3b,addr_9c6d52d5,39,item_not_received,I have not received this package even after 39 days.,honest,,False,1
ALT02193,CUST01596,2372.44,1167,17,0,delivered,otp,dev_4c610ae8,addr_daaf7529,22,item_not_received,"I have not received this package even after 22 days. The size is wrong, I want to send it back. Kindly help.",honest,,True,1
ALT02194,CUST01374,1648.53,548,8,3,in_transit,none,dev_1993edfe,addr_b2e33ad9,30,not_as_described,"Received the wrong variant, this is not what I ordered.",opportunist,,False,0
ALT02195,CUST01783,8987.15,235,37,1,delivered,otp,dev_e8e6e840,addr_261e2555,28,not_as_described,Item is not what the listing showed. Quality is poor. Kindly help.,honest,,False,0
ALT02196,CUST01195,1654.9,159,12,4,delivered,otp,dev_b0cab249,addr_b78a2037,1,unauthorised,"This charge is not mine, my card was used without permission.",opportunist,,False,0
ALT02197,CUST00312,1818.76,1462,24,1,delivered,signed,dev_901bcdef,addr_044251db,16,unauthorised,"This charge is not mine, my card was used without permission.",honest,,False,1
ALT02198,CUST01173,3739.99,1047,26,1,delivered,signed,dev_66132e69,addr_bac7e2b9,17,not_as_described,Product does not match the description on your site.,honest,,False,1
ALT02199,CUST00014,1830.6,167,13,4,delivered,otp,dev_39f18027,addr_fd54225b,19,item_not_received,Order never arrived. Tracking shows delivered but nothing reached me.,opportunist,,False,1
ALT02200,CUST00962,1202.94,478,5,1,delivered,otp,dev_4e385d03,addr_93683dd6,10,item_not_received,Order never arrived. Tracking shows delivered but nothing reached me. Kindly help.,honest,,False,1
ALT02201,CUST00299,3439.52,1456,45,1,in_transit,none,dev_389d2267,addr_fae91634,14,duplicate_charge,Duplicate debit of the same amount on the same day.,honest,,False,1
ALT02202,CUST00453,2902.79,1051,10,0,delivered,none,dev_baeb286b,addr_592c1107,25,not_as_described,Item is not what the listing showed. Quality is poor. Kindly help.,honest,,False,0
ALT02203,CUST01442,2547.46,282,14,1,in_transit,none,dev_708c4f1a,addr_3565c8a2,14,item_not_received,Nothing was delivered to my address. Please refund the amount.,opportunist,,False,0
ALT02204,CUST01225,1547.92,250,11,1,lost,none,dev_9ac88b74,addr_ad9f0e53,26,not_as_described,Item is not what the listing showed. Quality is poor. This keeps happening.,opportunist,,False,0
ALT02205,CUST00021,773.97,216,38,0,delivered,otp,dev_0eac5e90,addr_dbd3e865,2,not_as_described,Item is not what the listing showed. Quality is poor. Kindly help.,honest,,False,1
ALT02206,CUST00315,622.54,280,23,1,in_transit,otp,dev_500d92a7,addr_bd10f87c,20,not_as_described,"Received the wrong variant, this is not what I ordered. Kindly help.",honest,,False,0
ALT02207,CUST01169,2017.24,1214,28,0,delivered,signed,dev_397bfdd7,addr_72e89652,23,not_as_described,Product does not match the description on your site.,honest,,False,1
ALT02208,CUST00187,1501.58,1264,34,0,delivered,signed,dev_6b6a8061,addr_6a18e5af,40,item_not_received,I have not received this package even after 40 days.,honest,,False,1
ALT02209,CUST00849,11145.25,276,3,3,delivered,none,dev_ede02d33,addr_44e831e1,43,unauthorised,I did not authorise this transaction on my card. I raised this before and got no response.,opportunist,,False,0
ALT02210,CUST00716,1320.04,613,36,0,in_transit,none,dev_38749f3c,addr_49902258,18,unauthorised,"This charge is not mine, my card was used without permission.",honest,,False,0
ALT02211,CUST01623,1843.53,1174,49,0,delivered,none,dev_34c6ea9b,addr_a3cb9e18,29,item_not_received,Nothing was delivered to my address. Please refund the amount. Kindly help.,honest,,False,0
ALT02212,CUST00666,7931.38,344,45,1,delivered,none,dev_9adda7c8,addr_274b369e,22,item_not_received,Order never arrived. Tracking shows delivered but nothing reached me. Kindly help.,honest,,False,0
ALT02213,CUST00391,2727.21,1137,7,1,delivered,otp,dev_339b77a8,addr_ca862225,29,item_not_received,I have not received this package even after 29 days.,honest,,False,0
ALT02214,CUST00502,554.6,293,15,0,in_transit,none,dev_4cf6a297,addr_6e951719,39,not_as_described,Product does not match the description on your site.,honest,,False,0
ALT02215,CUST01267,2821.85,898,15,1,delivered,signed,dev_98a21f1c,addr_e222b6a6,21,item_not_received,"Order never arrived. Tracking shows delivered but nothing reached me. The size is wrong, I want to send it back.",honest,,True,1
ALT02216,CUST00805,1368.83,847,32,0,in_transit,none,dev_013ca998,addr_6fa5d3b0,11,duplicate_charge,"Charged twice for the same order, please reverse one debit.",honest,,False,1
ALT02217,CUST01586,659.85,246,24,1,in_transit,none,dev_8b60c511,addr_882ccd1e,34,not_as_described,Product does not match the description on your site.,honest,,False,0
ALT02218,CUST00362,1422.87,573,16,0,lost,none,dev_2947fd26,addr_1dee4b6d,7,item_not_received,Order never arrived. Tracking shows delivered but nothing reached me.,honest,,False,0
ALT02219,CUST01033,894.07,443,19,1,delivered,signed,dev_f301bb6c,addr_19abdc15,14,not_as_described,"Received the wrong variant, this is not what I ordered.",honest,,False,1
ALT02220,CUST01273,1128.48,337,19,3,delivered,signed,dev_a674dd6b,addr_af5db99c,38,duplicate_charge,Two payments went out for a single purchase. I raised this before and got no response.,opportunist,,False,1
ALT02221,CUST00531,2697.5,536,21,1,in_transit,otp,dev_ded255d0,addr_cde22f1c,18,not_as_described,"Received the wrong variant, this is not what I ordered. Kindly help.",honest,,False,1
ALT02222,CUST01193,715.57,518,15,0,delivered,otp,dev_ac8936bc,addr_45a88829,6,item_not_received,I have not received this package even after 6 days.,honest,,False,1
ALT02223,CUST01545,4827.14,1478,43,1,delivered,otp,dev_90494583,addr_07437c3b,45,not_as_described,"Received the wrong variant, this is not what I ordered. Kindly help.",honest,,False,0
ALT02224,CUST01615,1709.3,1033,28,0,delivered,otp,dev_d7be7b4f,addr_3c6d3173,5,duplicate_charge,"Charged twice for the same order, please reverse one debit.",honest,,False,1
ALT02225,CUST00251,1195.2,895,27,0,delivered,otp,dev_a847bce7,addr_11d059b2,24,item_not_received,Nothing was delivered to my address. Please refund the amount. Kindly help.,honest,,False,0
ALT02226,CUST01354,1693.94,1187,47,0,delivered,signed,dev_3e4c943a,addr_b32d3c81,21,item_not_received,Order never arrived. Tracking shows delivered but nothing reached me.,honest,,False,1
ALT02227,CUST01200,899.75,948,42,0,delivered,none,dev_84440504,addr_e8410a39,34,item_not_received,Order never arrived. Tracking shows delivered but nothing reached me. The colour is nothing like the photos.,honest,,True,1
ALT02228,CUST01660,898.09,1407,23,0,delivered,otp,dev_82aa5c46,addr_6593b659,6,duplicate_charge,Duplicate debit of the same amount on the same day.,honest,,False,1
ALT02229,CUST00788,1592.28,218,6,3,in_transit,none,dev_6035d9af,addr_7743c104,6,not_as_described,Product does not match the description on your site. This keeps happening.,opportunist,,False,0
ALT02230,CUST00237,2822.38,389,46,1,delivered,signed,dev_e6a7a6b0,addr_6c461d48,24,unauthorised,"This charge is not mine, my card was used without permission. The box was torn when I opened it. Kindly help.",honest,,True,1
ALT02231,CUST00194,3335.08,1179,31,0,delivered,otp,dev_1cf14654,addr_28ce231e,37,not_as_described,Product does not match the description on your site.,honest,,False,1
ALT02232,CUST00166,1483.78,1043,38,1,in_transit,otp,dev_7677a166,addr_df629d0c,28,duplicate_charge,"Charged twice for the same order, please reverse one debit.",honest,,False,1
ALT02233,CUST00015,1858.49,751,41,0,in_transit,otp,dev_2cd94cbb,addr_473544f9,1,duplicate_charge,Duplicate debit of the same amount on the same day.,honest,,False,0
ALT02234,CUST01223,2663.24,766,42,1,in_transit,none,dev_fb02bebb,addr_d52721e7,36,unauthorised,I did not authorise this transaction on my card.,honest,,False,1
ALT02235,CUST01437,8386.57,1345,8,1,delivered,signed,dev_d994f7ba,addr_66d4b394,38,item_not_received,Order never arrived. Tracking shows delivered but nothing reached me.,honest,,False,0
ALT02236,CUST00572,2341.02,1114,5,1,delivered,signed,dev_35adde88,addr_b173fcdf,37,item_not_received,Order never arrived. Tracking shows delivered but nothing reached me. Kindly help.,honest,,False,0
ALT02237,CUST00106,1282.61,707,47,0,lost,none,dev_cc21cbdb,addr_d86065a2,31,unauthorised,"This charge is not mine, my card was used without permission.",honest,,False,0
ALT02238,CUST00743,1035.61,1137,24,0,in_transit,otp,dev_4e7674e9,addr_ca0d72ce,36,duplicate_charge,Two payments went out for a single purchase.,honest,,False,1
ALT02239,CUST01467,4879.67,1398,32,1,delivered,otp,dev_f8140102,addr_785299f4,7,not_as_described,Product does not match the description on your site.,honest,,False,1
ALT02240,CUST00848,330.87,1355,12,0,in_transit,none,dev_89628f6e,addr_2a1f1b61,3,unauthorised,"This charge is not mine, my card was used without permission. Kindly help.",honest,,False,0
ALT02241,CUST01700,1744.7,201,6,2,in_transit,otp,dev_f7048d14,addr_94e4339d,5,not_as_described,Item is not what the listing showed. Quality is poor.,opportunist,,False,1
ALT02242,CUST00241,1560.6,376,7,3,delivered,signed,dev_756e3fd6,addr_75e913d8,35,not_as_described,Product does not match the description on your site. This keeps happening.,opportunist,,False,1
ALT02243,CUST01321,7547.6,855,22,0,in_transit,none,dev_92502e59,addr_0d7bec04,40,duplicate_charge,"Charged twice for the same order, please reverse one debit.",honest,,False,0
ALT02244,CUST00372,2239.19,390,7,0,delivered,otp,dev_850ef0ad,addr_5f5ba255,32,unauthorised,I did not authorise this transaction on my card.,honest,,False,0
ALT02245,CUST01613,2537.4,564,21,0,delivered,signed,dev_4236c0bf,addr_63561add,43,item_not_received,Nothing was delivered to my address. Please refund the amount. Kindly help.,honest,,False,1
ALT02246,CUST01408,799.29,442,5,4,delivered,otp,dev_8185716a,addr_8f909d9d,7,unauthorised,"Unknown charge from your store, I never placed any order.",opportunist,,False,0
ALT02247,CUST01168,1439.46,507,47,1,in_transit,otp,dev_49793220,addr_e01a5b5e,36,not_as_described,"Received the wrong variant, this is not what I ordered.",honest,,False,1
ALT02248,CUST00063,2037.69,1376,22,1,delivered,signed,dev_82d9a774,addr_65db6e43,4,item_not_received,Order never arrived. Tracking shows delivered but nothing reached me. Kindly help.,honest,,False,0
ALT02249,CUST00250,1970.35,1177,46,0,delivered,signed,dev_4988e418,addr_c4cb294f,45,item_not_received,I have not received this package even after 45 days.,honest,,False,1
ALT02250,CUST01530,3134.71,574,12,1,in_transit,none,dev_74dfb83f,addr_d5f0fb6a,3,not_as_described,Product does not match the description on your site. Kindly help.,honest,,False,0
ALT02251,CUST01023,3546.47,1042,40,0,lost,none,dev_fecd0ded,addr_537598d4,36,item_not_received,I have not received this package even after 36 days. Kindly help.,honest,,False,0
ALT02252,CUST00666,1970.37,344,45,1,delivered,otp,dev_9adda7c8,addr_274b369e,26,not_as_described,Product does not match the description on your site. Kindly help.,honest,,False,1
ALT02253,CUST01662,6751.79,1369,37,0,in_transit,none,dev_40767e21,addr_e272d7ca,33,item_not_received,"Nothing was delivered to my address. Please refund the amount. The size is wrong, I want to send it back.",honest,,True,0
ALT02254,CUST00697,1365.55,1025,14,1,delivered,otp,dev_09eda6f5,addr_3cd1ff3f,40,item_not_received,Nothing was delivered to my address. Please refund the amount. Kindly help.,honest,,False,1
ALT02255,CUST00083,1598.23,432,29,1,delivered,signed,dev_48677b30,addr_7210045a,6,duplicate_charge,"Charged twice for the same order, please reverse one debit. Kindly help.",honest,,False,0
ALT02256,CUST01267,1666.81,898,15,1,delivered,signed,dev_98a21f1c,addr_e222b6a6,42,not_as_described,"Received the wrong variant, this is not what I ordered.",honest,,False,0
ALT02257,CUST00647,2799.35,1038,45,1,in_transit,none,dev_6a1d9731,addr_8e49d0f9,41,not_as_described,"Received the wrong variant, this is not what I ordered.",honest,,False,0
ALT02258,CUST01541,4594.17,19,1,3,delivered,signed,dev_0a14b309,addr_72557e4e,23,unauthorised,"This charge is not mine, my card was used without permission. Refund immediately.",ring,household,False,1
ALT02259,CUST01014,763.58,669,12,0,in_transit,otp,dev_66ba7e51,addr_256df639,34,item_not_received,Order never arrived. Tracking shows delivered but nothing reached me.,honest,,False,0
ALT02260,CUST00601,861.1,1052,42,1,delivered,signed,dev_adab2c2f,addr_2172a0aa,38,not_as_described,Item is not what the listing showed. Quality is poor. Kindly help.,honest,,False,1
ALT02261,CUST00793,2843.99,208,5,0,delivered,otp,dev_b40b7288,addr_c330ec14,6,duplicate_charge,Two payments went out for a single purchase.,honest,,False,0
ALT02262,CUST00280,1503.93,295,10,1,in_transit,otp,dev_c8b7bcd0,addr_66979d0f,35,duplicate_charge,Two payments went out for a single purchase. This keeps happening.,opportunist,,False,1
ALT02263,CUST01069,878.56,451,9,3,delivered,otp,dev_7c45d65d,addr_e551da7a,36,not_as_described,"Received the wrong variant, this is not what I ordered. This keeps happening.",opportunist,,False,1
ALT02264,CUST00094,1310.06,1084,23,1,delivered,signed,dev_25e42403,addr_560f1e2d,32,item_not_received,Order never arrived. Tracking shows delivered but nothing reached me.,honest,,False,1
ALT02265,CUST00128,1207.95,1149,13,1,in_transit,none,dev_df1e04cb,addr_a076aed6,32,unauthorised,I did not authorise this transaction on my card. Kindly help.,honest,,False,0
ALT02266,CUST00302,8668.61,1026,49,1,delivered,signed,dev_c90d35aa,addr_ec11a44d,22,duplicate_charge,Two payments went out for a single purchase. Kindly help.,honest,,False,1
ALT02267,CUST00799,4464.87,646,34,1,in_transit,otp,dev_1a312044,addr_9beab529,1,item_not_received,Nothing was delivered to my address. Please refund the amount.,honest,,False,0
ALT02268,CUST01799,1944.09,944,22,1,delivered,signed,dev_b62a7941,addr_3f39562d,4,not_as_described,Item is not what the listing showed. Quality is poor.,honest,,False,1
ALT02269,CUST01281,653.16,422,6,0,delivered,otp,dev_af32baf8,addr_d3966f0a,13,item_not_received,Nothing was delivered to my address. Please refund the amount.,honest,,False,1
ALT02270,CUST01054,6645.22,201,18,2,delivered,none,dev_0b53d4e6,addr_56ef26a3,40,item_not_received,Nothing was delivered to my address. Please refund the amount.,opportunist,,False,1
ALT02271,CUST00496,861.71,1426,40,0,delivered,otp,dev_27afbff9,addr_5dfb1922,1,unauthorised,"Unknown charge from your store, I never placed any order.",honest,,False,0
ALT02272,CUST00528,1618.61,1493,24,1,in_transit,none,dev_97674900,addr_12fe28bf,7,item_not_received,Nothing was delivered to my address. Please refund the amount. Kindly help.,honest,,False,0
ALT02273,CUST01635,1941.85,1283,7,0,delivered,none,dev_d59ef0fd,addr_c8dcd19f,35,unauthorised,"Unknown charge from your store, I never placed any order.",honest,,False,0
ALT02274,CUST00543,1193.46,202,12,4,delivered,otp,dev_e9b758ee,addr_397e8bfb,41,item_not_received,Nothing was delivered to my address. Please refund the amount. I raised this before and got no response.,opportunist,,False,1
ALT02275,CUST00092,1870.42,1480,33,0,in_transit,none,dev_341c6494,addr_8c99a894,8,item_not_received,Order never arrived. Tracking shows delivered but nothing reached me.,honest,,False,0
ALT02276,CUST00444,2195.16,900,6,0,delivered,none,dev_7a57772b,addr_19cea0c3,34,duplicate_charge,Duplicate debit of the same amount on the same day.,honest,,False,1
ALT02277,CUST01337,1838.55,935,10,1,delivered,signed,dev_a64a1fe8,addr_633098ed,25,not_as_described,"Received the wrong variant, this is not what I ordered.",honest,,False,1
ALT02278,CUST00836,2897.48,1056,40,1,delivered,otp,dev_5db2f6ce,addr_6fa5f03f,28,unauthorised,"This charge is not mine, my card was used without permission. Kindly help.",honest,,False,0
ALT02279,CUST00969,9005.35,1164,31,1,delivered,signed,dev_b7a69c32,addr_d1fb55b1,23,duplicate_charge,Two payments went out for a single purchase.,honest,,False,1
ALT02280,CUST01571,1873.74,183,19,1,in_transit,none,dev_3f48e5f0,addr_79472ea4,35,not_as_described,Product does not match the description on your site.,opportunist,,False,0
ALT02281,CUST00644,1480.73,350,10,1,delivered,otp,dev_9bb96155,addr_10d08d11,21,item_not_received,Order never arrived. Tracking shows delivered but nothing reached me.,honest,,False,0
ALT02282,CUST01078,1533.48,7,3,2,delivered,otp,dev_e2b6ef5d,addr_9268b5df,22,unauthorised,"This charge is not mine, my card was used without permission. It stopped working after two days of use. Refund immediately.",ring,household,True,1
ALT02283,CUST00471,6816.32,702,35,1,in_transit,otp,dev_2bd7d038,addr_441999b6,34,duplicate_charge,Duplicate debit of the same amount on the same day.,honest,,False,1
ALT02284,CUST00325,1267.89,219,36,1,delivered,signed,dev_56fe972b,addr_6b4d3d1a,28,not_as_described,"Received the wrong variant, this is not what I ordered. Kindly help.",honest,,False,0
ALT02285,CUST00090,1847.45,565,6,3,delivered,otp,dev_1a4d67db,addr_02a95064,20,duplicate_charge,"Charged twice for the same order, please reverse one debit. This keeps happening.",opportunist,,False,0
ALT02286,CUST01362,4951.83,932,33,1,delivered,otp,dev_17cba85d,addr_d0a17fe8,5,item_not_received,Nothing was delivered to my address. Please refund the amount.,honest,,False,1
ALT02287,CUST01137,2715.02,766,19,0,delivered,signed,dev_0130d66b,addr_2ccf1472,9,not_as_described,Item is not what the listing showed. Quality is poor.,honest,,False,1
ALT02288,CUST01344,600.16,272,40,1,delivered,otp,dev_3979d5f5,addr_3f8e2d0d,6,item_not_received,Order never arrived. Tracking shows delivered but nothing reached me.,honest,,False,1
ALT02289,CUST01301,1869.0,1352,24,0,in_transit,none,dev_fe716b14,addr_64f434d6,25,item_not_received,I have not received this package even after 25 days. The colour is nothing like the photos. Kindly help.,honest,,True,0
ALT02290,CUST01614,1635.34,532,19,1,in_transit,none,dev_d67f017d,addr_3eaf5f08,20,item_not_received,Order never arrived. Tracking shows delivered but nothing reached me.,opportunist,,False,0
ALT02291,CUST01218,2843.48,939,50,1,in_transit,none,dev_0a6552a5,addr_53ff5f1f,7,duplicate_charge,Duplicate debit of the same amount on the same day.,honest,,False,0
ALT02292,CUST00464,2025.43,418,45,1,delivered,signed,dev_7c8b7f1e,addr_3080bed6,38,item_not_received,Nothing was delivered to my address. Please refund the amount.,honest,,False,1
ALT02293,CUST01724,3998.09,564,8,3,delivered,signed,dev_81ddf3ea,addr_883d9b03,3,item_not_received,Order never arrived. Tracking shows delivered but nothing reached me. I raised this before and got no response.,opportunist,,False,1
ALT02294,CUST00617,1781.11,533,11,0,delivered,otp,dev_1d2cec89,addr_138ef8cc,35,unauthorised,"Unknown charge from your store, I never placed any order.",honest,,False,0
ALT02295,CUST01502,1394.15,1432,18,0,delivered,otp,dev_59fe1c45,addr_173d5030,31,unauthorised,"Unknown charge from your store, I never placed any order.",honest,,False,1
ALT02296,CUST00236,5468.94,54,3,2,in_transit,otp,dev_6af01106,addr_567a25f8,37,not_as_described,"Received the wrong variant, this is not what I ordered. Reverse this now.",ring,dropship,False,0
ALT02297,CUST00522,6091.19,735,39,1,delivered,signed,dev_908e3a95,addr_9ca4364d,33,duplicate_charge,Two payments went out for a single purchase.,honest,,False,0
ALT02298,CUST01194,1377.45,1289,48,1,in_transit,none,dev_e214d458,addr_e24c724b,14,duplicate_charge,"Charged twice for the same order, please reverse one debit.",honest,,False,0
ALT02299,CUST00342,4302.99,1478,6,1,in_transit,otp,dev_7c193e6f,addr_c8a4ae21,15,item_not_received,I have not received this package even after 15 days. Kindly help.,honest,,False,0
ALT02300,CUST00083,3745.44,432,29,1,lost,none,dev_48677b30,addr_7210045a,19,not_as_described,Item is not what the listing showed. Quality is poor. Kindly help.,honest,,False,0
ALT02301,CUST00240,1986.71,534,30,1,lost,none,dev_b1cbc263,addr_89310697,34,unauthorised,"Unknown charge from your store, I never placed any order.",honest,,False,0
ALT02302,CUST00634,1361.48,1218,28,1,delivered,otp,dev_cd180a82,addr_ba220065,1,not_as_described,Item is not what the listing showed. Quality is poor.,honest,,False,1
ALT02303,CUST00824,1175.34,1234,41,0,delivered,none,dev_4827c440,addr_89811f35,23,duplicate_charge,"Charged twice for the same order, please reverse one debit.",honest,,False,0
ALT02304,CUST01376,6620.26,1288,12,1,lost,none,dev_10e2b676,addr_a3e2ac17,9,not_as_described,Product does not match the description on your site.,honest,,False,0
ALT02305,CUST00246,2842.73,555,5,1,in_transit,none,dev_a76c11cb,addr_03113626,44,item_not_received,Order never arrived. Tracking shows delivered but nothing reached me. Kindly help.,honest,,False,0
ALT02306,CUST01697,8760.8,501,21,0,lost,none,dev_d76d9612,addr_03288b00,33,duplicate_charge,Duplicate debit of the same amount on the same day.,honest,,False,0
ALT02307,CUST00984,2000.13,984,46,1,delivered,signed,dev_7919955c,addr_2c154804,28,not_as_described,Product does not match the description on your site.,honest,,False,1
ALT02308,CUST01226,9091.38,1489,22,0,delivered,none,dev_e2c6093e,addr_109b851a,24,duplicate_charge,Duplicate debit of the same amount on the same day.,honest,,False,0
ALT02309,CUST01356,1041.55,18,2,3,in_transit,none,dev_c37637d6,addr_a057c558,26,duplicate_charge,"Charged twice for the same order, please reverse one debit. Refund immediately.",ring,tight,False,0
ALT02310,CUST01112,244.65,1326,25,1,delivered,signed,dev_a21c1209,addr_8bae295e,17,item_not_received,Order never arrived. Tracking shows delivered but nothing reached me.,honest,,False,1
ALT02311,CUST01067,932.87,575,12,4,in_transit,none,dev_2ea35df6,addr_78731a4e,36,item_not_received,I have not received this package even after 36 days. It stopped working after two days of use.,opportunist,,True,0
ALT02312,CUST00315,4540.27,280,23,1,lost,none,dev_500d92a7,addr_bd10f87c,2,item_not_received,I have not received this package even after 2 days. Kindly help.,honest,,False,0
ALT02313,CUST01397,4187.17,535,24,0,delivered,otp,dev_9424aed5,addr_edcb8cb6,36,item_not_received,I have not received this package even after 36 days.,honest,,False,0
ALT02314,CUST01281,804.85,422,6,0,lost,none,dev_af32baf8,addr_d3966f0a,45,item_not_received,Nothing was delivered to my address. Please refund the amount.,honest,,False,0
ALT02315,CUST00740,3303.85,1364,21,1,in_transit,none,dev_80e1be4d,addr_a95d3271,41,unauthorised,I did not authorise this transaction on my card.,honest,,False,0
ALT02316,CUST01275,1196.87,436,29,1,delivered,otp,dev_bc75ed53,addr_d751af9c,7,item_not_received,Order never arrived. Tracking shows delivered but nothing reached me. Kindly help.,honest,,False,1
ALT02317,CUST00806,454.24,567,33,0,delivered,otp,dev_136d6cce,addr_e6c71f15,30,not_as_described,Product does not match the description on your site.,honest,,False,1
ALT02318,CUST00975,4603.66,85,2,1,delivered,otp,dev_a510f7b4,addr_f11f1e97,36,unauthorised,"This charge is not mine, my card was used without permission.",ring,dropship,False,1
ALT02319,CUST00994,5202.03,851,34,1,delivered,otp,dev_10c1de9c,addr_0766699f,15,not_as_described,Product does not match the description on your site. Kindly help.,honest,,False,1
ALT02320,CUST01114,1384.14,375,36,0,in_transit,none,dev_2031d750,addr_a8e56e0c,32,item_not_received,Order never arrived. Tracking shows delivered but nothing reached me. Kindly help.,honest,,False,0
ALT02321,CUST01242,5942.56,772,43,1,delivered,otp,dev_8e485223,addr_30e912f2,8,unauthorised,I did not authorise this transaction on my card.,honest,,False,1
ALT02322,CUST00153,2050.49,1015,25,1,delivered,otp,dev_a205e54f,addr_c82f78fd,34,item_not_received,I have not received this package even after 34 days.,honest,,False,0
ALT02323,CUST01534,2398.08,642,44,1,delivered,none,dev_2d9563ed,addr_5f9cb7e0,11,not_as_described,"Received the wrong variant, this is not what I ordered. Kindly help.",honest,,False,0
ALT02324,CUST01236,1953.46,433,11,0,delivered,signed,dev_008ffab9,addr_ccc7147f,26,unauthorised,"This charge is not mine, my card was used without permission. The size is wrong, I want to send it back. Kindly help.",honest,,True,1
ALT02325,CUST01240,790.8,1490,30,1,delivered,otp,dev_50ffde64,addr_d926fe41,43,duplicate_charge,Two payments went out for a single purchase.,honest,,False,1
ALT02326,CUST00459,1783.18,763,32,1,delivered,none,dev_da018d29,addr_7580e4e9,40,not_as_described,"Received the wrong variant, this is not what I ordered. Kindly help.",honest,,False,0
ALT02327,CUST00473,818.6,970,43,1,delivered,signed,dev_63021daa,addr_fbda05ae,44,item_not_received,Order never arrived. Tracking shows delivered but nothing reached me.,honest,,False,1
ALT02328,CUST00938,3437.4,265,25,1,delivered,signed,dev_448aaa9e,addr_508ebad7,4,not_as_described,Product does not match the description on your site.,honest,,False,1
ALT02329,CUST01162,3773.0,774,39,0,delivered,none,dev_d9b59f84,addr_d226a8b3,24,duplicate_charge,"Charged twice for the same order, please reverse one debit. Kindly help.",honest,,False,0
ALT02330,CUST01729,448.0,427,24,1,in_transit,none,dev_789fed96,addr_54f5df70,44,not_as_described,Product does not match the description on your site.,honest,,False,0
ALT02331,CUST00321,3642.24,1412,41,0,in_transit,none,dev_f6d70248,addr_3c9d128a,1,not_as_described,Item is not what the listing showed. Quality is poor. Kindly help.,honest,,False,0
ALT02332,CUST00687,2056.3,340,20,1,delivered,otp,dev_48f4ef12,addr_8768a84f,30,unauthorised,"Unknown charge from your store, I never placed any order.",honest,,False,0
ALT02333,CUST01495,525.3,398,8,1,in_transit,none,dev_f204be89,addr_6b0ae0e3,38,not_as_described,Product does not match the description on your site.,honest,,False,1
ALT02334,CUST00832,2602.75,329,5,2,delivered,otp,dev_fe3a4f96,addr_ab30f1b1,44,unauthorised,"Unknown charge from your store, I never placed any order. I raised this before and got no response.",opportunist,,False,0
ALT02335,CUST01379,1914.15,189,19,4,delivered,signed,dev_793130ce,addr_3768d6aa,25,item_not_received,Order never arrived. Tracking shows delivered but nothing reached me. This keeps happening.,opportunist,,False,1
ALT02336,CUST00398,2876.83,1270,47,0,lost,none,dev_1e850f80,addr_65125d2e,18,not_as_described,Item is not what the listing showed. Quality is poor.,honest,,False,0
ALT02337,CUST00783,443.1,593,44,1,delivered,otp,dev_d0b1e3eb,addr_659b0105,43,unauthorised,"Unknown charge from your store, I never placed any order.",honest,,False,1
ALT02338,CUST01655,1575.59,321,3,2,in_transit,otp,dev_6928cf38,addr_cc5015cf,22,not_as_described,"Received the wrong variant, this is not what I ordered. This keeps happening.",opportunist,,False,0
ALT02339,CUST00531,865.3,536,21,1,in_transit,none,dev_ded255d0,addr_cde22f1c,29,not_as_described,"Received the wrong variant, this is not what I ordered.",honest,,False,0
ALT02340,CUST01724,2987.88,564,8,3,delivered,otp,dev_81ddf3ea,addr_575519cd,29,item_not_received,Order never arrived. Tracking shows delivered but nothing reached me. This keeps happening.,opportunist,,False,0
ALT02341,CUST01307,2598.89,230,27,0,delivered,signed,dev_96bf10ab,addr_040a3aae,29,not_as_described,Item is not what the listing showed. Quality is poor. Kindly help.,honest,,False,1
ALT02342,CUST01325,3579.18,243,42,0,in_transit,otp,dev_96a402f2,addr_01d74256,36,item_not_received,I have not received this package even after 36 days.,honest,,False,0
ALT02343,CUST01314,904.87,357,24,0,delivered,signed,dev_905f9096,addr_d9750f00,29,item_not_received,I have not received this package even after 29 days. Kindly help.,honest,,False,1
ALT02344,CUST01775,32184.76,291,20,0,lost,none,dev_30259856,addr_d527189b,31,unauthorised,I did not authorise this transaction on my card. Kindly help.,honest,,False,0
ALT02345,CUST00442,849.82,1329,21,1,delivered,otp,dev_260ccfb4,addr_647ac591,38,duplicate_charge,"Charged twice for the same order, please reverse one debit. Kindly help.",honest,,False,1
ALT02346,CUST01243,3533.97,487,35,1,delivered,signed,dev_d770a46e,addr_19bb5bf0,34,not_as_described,Product does not match the description on your site.,honest,,False,1
ALT02347,CUST01661,1385.8,1302,34,1,in_transit,none,dev_f1613bab,addr_d653d4bb,30,not_as_described,Item is not what the listing showed. Quality is poor.,honest,,False,1
ALT02348,CUST00178,11326.82,1031,40,0,delivered,otp,dev_4dcabfb7,addr_35ce8841,12,not_as_described,Item is not what the listing showed. Quality is poor.,honest,,False,1
ALT02349,CUST00211,1143.19,478,4,1,delivered,otp,dev_10652764,addr_c96782fb,24,item_not_received,Nothing was delivered to my address. Please refund the amount. This keeps happening.,opportunist,,False,1
ALT02350,CUST00884,1713.09,297,5,1,delivered,none,dev_3a24ec19,addr_0e80ea41,30,duplicate_charge,Two payments went out for a single purchase. I raised this before and got no response.,opportunist,,False,0
ALT02351,CUST01526,3526.88,708,22,0,delivered,signed,dev_1bac27a7,addr_df465290,9,duplicate_charge,"Charged twice for the same order, please reverse one debit. Kindly help.",honest,,False,0
ALT02352,CUST01268,1871.55,755,36,1,delivered,signed,dev_eed15809,addr_a7e60e4e,4,not_as_described,Item is not what the listing showed. Quality is poor.,honest,,False,1
ALT02353,CUST01796,6037.49,400,33,1,delivered,signed,dev_3d922952,addr_bb56588b,3,not_as_described,Product does not match the description on your site.,honest,,False,1
ALT02354,CUST01396,1064.23,472,11,2,in_transit,none,dev_27051d96,addr_904c01a1,26,item_not_received,I have not received this package even after 26 days. I raised this before and got no response.,opportunist,,False,0
ALT02355,CUST01158,3667.75,1334,41,1,delivered,signed,dev_e25df9a8,addr_10d4de39,16,item_not_received,I have not received this package even after 16 days.,honest,,False,1
ALT02356,CUST00539,1812.64,754,24,1,delivered,none,dev_3b048a8b,addr_b8a6171f,42,not_as_described,"Received the wrong variant, this is not what I ordered. Kindly help.",honest,,False,0
ALT02357,CUST00968,2017.87,832,16,0,delivered,signed,dev_c422d03e,addr_31274148,23,item_not_received,I have not received this package even after 23 days.,honest,,False,1
ALT02358,CUST00380,9404.59,837,50,1,in_transit,none,dev_07692583,addr_d53ae57f,26,item_not_received,I have not received this package even after 26 days.,honest,,False,0
ALT02359,CUST01548,16850.76,685,18,1,delivered,otp,dev_6d9c5b50,addr_9dbc15c0,45,not_as_described,Item is not what the listing showed. Quality is poor. Kindly help.,honest,,False,1
ALT02360,CUST00373,3042.78,570,49,0,delivered,otp,dev_b89f72f3,addr_0b2f6d5c,14,duplicate_charge,"Charged twice for the same order, please reverse one debit.",honest,,False,1
ALT02361,CUST01007,1157.07,58,3,3,delivered,signed,dev_ab24f74a,addr_e6ace778,34,unauthorised,"Unknown charge from your store, I never placed any order. Reverse this now.",ring,dropship,False,1
ALT02362,CUST00424,1982.82,935,35,1,lost,none,dev_5254aad3,addr_453b45fe,27,item_not_received,Order never arrived. Tracking shows delivered but nothing reached me.,honest,,False,0
ALT02363,CUST01420,1202.55,848,39,1,delivered,none,dev_2518ec09,addr_4ee45227,5,not_as_described,Product does not match the description on your site.,honest,,False,0
ALT02364,CUST01730,1981.84,341,13,3,delivered,signed,dev_667cf788,addr_fbe5403b,28,item_not_received,Order never arrived. Tracking shows delivered but nothing reached me. This keeps happening.,opportunist,,False,1
ALT02365,CUST01394,1314.99,212,27,1,delivered,signed,dev_c0e3befd,addr_3875394c,33,unauthorised,I did not authorise this transaction on my card.,honest,,False,1
ALT02366,CUST01059,956.0,1119,16,0,in_transit,none,dev_838b77ad,addr_6090103c,14,not_as_described,"Received the wrong variant, this is not what I ordered. Kindly help.",honest,,False,1
ALT02367,CUST00583,2614.63,247,6,1,delivered,signed,dev_c62f3461,addr_b9fc829f,17,item_not_received,Order never arrived. Tracking shows delivered but nothing reached me. Kindly help.,honest,,False,1
ALT02368,CUST00118,2064.81,549,11,1,delivered,signed,dev_f1e4c27a,addr_01db80b4,36,unauthorised,"This charge is not mine, my card was used without permission.",opportunist,,False,0
ALT02369,CUST01514,1349.84,1492,42,1,lost,none,dev_07997940,addr_32a4a8a4,34,not_as_described,Product does not match the description on your site. Kindly help.,honest,,False,0
ALT02370,CUST01029,1422.2,1206,14,1,in_transit,none,dev_0d9ff83d,addr_260c037e,18,duplicate_charge,Duplicate debit of the same amount on the same day. Kindly help.,honest,,False,0
ALT02371,CUST01349,2049.03,487,16,1,delivered,signed,dev_d78c57d3,addr_9e91a71c,14,unauthorised,"Unknown charge from your store, I never placed any order. The box was torn when I opened it.",honest,,True,1
ALT02372,CUST01282,457.57,304,10,1,in_transit,none,dev_d450281c,addr_0b49452d,22,not_as_described,"Received the wrong variant, this is not what I ordered. Kindly help.",honest,,False,0
ALT02373,CUST01279,4298.63,713,17,1,in_transit,otp,dev_8892042f,addr_27794685,8,item_not_received,Order never arrived. Tracking shows delivered but nothing reached me. Kindly help.,honest,,False,1
ALT02374,CUST00077,1136.85,1253,46,1,in_transit,none,dev_3625fc20,addr_2fd90ce1,39,not_as_described,"Received the wrong variant, this is not what I ordered.",honest,,False,0
ALT02375,CUST00448,1770.77,934,24,1,delivered,otp,dev_8d3a5d76,addr_9b4bf377,16,duplicate_charge,Two payments went out for a single purchase.,honest,,False,0
ALT02376,CUST00542,8593.47,226,38,0,in_transit,otp,dev_06783c34,addr_253421bc,16,item_not_received,I have not received this package even after 16 days. It stopped working after two days of use.,honest,,True,1
ALT02377,CUST01647,4366.9,426,11,0,delivered,otp,dev_f013a170,addr_08018e83,2,duplicate_charge,"Charged twice for the same order, please reverse one debit. Kindly help.",honest,,False,1
ALT02378,CUST01247,830.08,1480,26,1,delivered,signed,dev_18ebeed7,addr_5b7c57e8,21,duplicate_charge,"Charged twice for the same order, please reverse one debit.",honest,,False,1
ALT02379,CUST00262,200.0,1409,11,0,delivered,otp,dev_1090dc9d,addr_f9a732dc,45,not_as_described,Product does not match the description on your site.,honest,,False,1
ALT02380,CUST01059,3426.88,1119,16,0,delivered,none,dev_838b77ad,addr_6090103c,8,item_not_received,Nothing was delivered to my address. Please refund the amount.,honest,,False,1
ALT02381,CUST00114,1956.7,332,20,3,lost,none,dev_e733c344,addr_352ded78,34,item_not_received,I have not received this package even after 34 days. I raised this before and got no response.,opportunist,,False,0
ALT02382,CUST01228,1829.35,763,45,1,delivered,signed,dev_5e08e249,addr_1eb85863,10,unauthorised,"Unknown charge from your store, I never placed any order. Kindly help.",honest,,False,0
ALT02383,CUST00670,4855.35,557,34,0,delivered,otp,dev_75c72fb6,addr_b0701a53,6,not_as_described,"Received the wrong variant, this is not what I ordered.",honest,,False,1
ALT02384,CUST01760,14380.01,469,13,3,delivered,otp,dev_12581998,addr_3c33499f,28,unauthorised,I did not authorise this transaction on my card. This keeps happening.,opportunist,,False,1
ALT02385,CUST00703,1763.41,391,8,2,delivered,signed,dev_c4329e78,addr_da341653,44,not_as_described,"Received the wrong variant, this is not what I ordered. I raised this before and got no response.",opportunist,,False,0
ALT02386,CUST01211,4006.19,653,6,1,delivered,signed,dev_b58dfc59,addr_3106e8ce,37,not_as_described,Product does not match the description on your site. Kindly help.,honest,,False,1
ALT02387,CUST01745,24160.06,191,19,2,in_transit,none,dev_09fb4d4b,addr_a93429ae,20,item_not_received,Order never arrived. Tracking shows delivered but nothing reached me. This keeps happening.,opportunist,,False,1
ALT02388,CUST01636,2020.92,776,33,1,delivered,otp,dev_a9252745,addr_795741bb,33,unauthorised,"Unknown charge from your store, I never placed any order.",honest,,False,1
ALT02389,CUST01509,3085.01,693,47,0,delivered,otp,dev_551ff086,addr_0b599562,19,not_as_described,Product does not match the description on your site.,honest,,False,1
ALT02390,CUST00084,3265.7,1235,35,1,delivered,signed,dev_de9205ea,addr_7ddca413,27,not_as_described,"Received the wrong variant, this is not what I ordered.",honest,,False,1
ALT02391,CUST01231,2606.12,299,23,1,delivered,otp,dev_efb278fd,addr_838cc137,22,item_not_received,Order never arrived. Tracking shows delivered but nothing reached me. Kindly help.,honest,,False,1
ALT02392,CUST01549,7653.1,538,33,1,in_transit,none,dev_63e73896,addr_9b72a9fe,29,not_as_described,"Received the wrong variant, this is not what I ordered.",honest,,False,0
ALT02393,CUST00915,3233.56,777,36,0,in_transit,none,dev_c2ca55ed,addr_82e09d39,32,not_as_described,"Received the wrong variant, this is not what I ordered.",honest,,False,0
ALT02394,CUST01176,4177.28,48,1,2,in_transit,none,dev_b8180f1c,addr_04eb1694,8,unauthorised,I did not authorise this transaction on my card. Refund immediately.,ring,household,False,0
ALT02395,CUST01508,2800.01,1246,49,1,delivered,otp,dev_61af663c,addr_af65e8cc,31,not_as_described,Item is not what the listing showed. Quality is poor.,honest,,False,1
ALT02396,CUST00127,950.57,624,19,0,in_transit,none,dev_3c00a0f0,addr_37f5c238,24,duplicate_charge,Duplicate debit of the same amount on the same day.,honest,,False,0
ALT02397,CUST01165,1289.55,293,47,0,delivered,signed,dev_c5e7ce8a,addr_fc377a4c,7,duplicate_charge,Two payments went out for a single purchase.,honest,,False,1
ALT02398,CUST00404,1664.62,144,13,2,delivered,signed,dev_0a7016c8,addr_380ec19d,32,not_as_described,Item is not what the listing showed. Quality is poor. I raised this before and got no response.,opportunist,,False,1
ALT02399,CUST00061,1015.22,1463,21,0,lost,none,dev_1d57e734,addr_8c8181b4,28,unauthorised,"This charge is not mine, my card was used without permission.",honest,,False,0
ALT02400,CUST00253,1353.5,357,28,1,in_transit,none,dev_f1b88d65,addr_9dde0188,10,duplicate_charge,"Charged twice for the same order, please reverse one debit. Kindly help.",honest,,False,0
ALT02401,CUST00988,3564.09,519,5,1,in_transit,otp,dev_4ba99d78,addr_e55ec749,24,not_as_described,Item is not what the listing showed. Quality is poor.,honest,,False,1
ALT02402,CUST01673,716.61,423,15,1,delivered,signed,dev_25e050f6,addr_05cf079e,18,not_as_described,"Received the wrong variant, this is not what I ordered. Kindly help.",honest,,False,1
ALT02403,CUST01677,814.62,548,41,0,delivered,signed,dev_869d4cb7,addr_eda413c6,22,duplicate_charge,Two payments went out for a single purchase.,honest,,False,0
ALT02404,CUST00728,2020.15,584,12,1,delivered,signed,dev_3730dfba,addr_5682d038,28,unauthorised,"This charge is not mine, my card was used without permission. Kindly help.",honest,,False,1
ALT02405,CUST01358,1725.84,50,3,0,delivered,signed,dev_971f640d,addr_9268b5df,43,duplicate_charge,Duplicate debit of the same amount on the same day. Refund immediately.,ring,household,False,1
ALT02406,CUST00849,1900.96,276,3,3,delivered,otp,dev_ede02d33,addr_44e831e1,23,unauthorised,I did not authorise this transaction on my card. This keeps happening.,opportunist,,False,0
ALT02407,CUST00854,1623.94,774,6,1,in_transit,none,dev_fbce7087,addr_d7a7e7b1,13,item_not_received,I have not received this package even after 13 days. It stopped working after two days of use. Kindly help.,honest,,True,0
ALT02408,CUST00965,6731.09,710,22,0,delivered,otp,dev_dd3a0936,addr_d2137565,38,item_not_received,Order never arrived. Tracking shows delivered but nothing reached me.,honest,,False,0
ALT02409,CUST01138,1824.99,741,39,0,delivered,signed,dev_746cdb77,addr_ac1e86d8,44,duplicate_charge,"Charged twice for the same order, please reverse one debit. Kindly help.",honest,,False,1
ALT02410,CUST01392,4585.47,521,8,0,delivered,otp,dev_54c29d5c,addr_f9722cc1,34,duplicate_charge,Duplicate debit of the same amount on the same day. Kindly help.,honest,,False,1
ALT02411,CUST00050,2363.34,729,40,0,lost,none,dev_e64b9b37,addr_a7890770,24,item_not_received,Nothing was delivered to my address. Please refund the amount.,honest,,False,0
ALT02412,CUST00190,1804.93,465,3,3,delivered,otp,dev_c83e0032,addr_489a4ca4,11,item_not_received,Nothing was delivered to my address. Please refund the amount. This keeps happening.,opportunist,,False,1
ALT02413,CUST01502,2545.24,1432,18,0,in_transit,otp,dev_59fe1c45,addr_173d5030,14,item_not_received,Order never arrived. Tracking shows delivered but nothing reached me.,honest,,False,1
ALT02414,CUST01203,3148.83,1438,50,1,delivered,none,dev_d90949aa,addr_9f8ceda5,16,not_as_described,Product does not match the description on your site.,honest,,False,0
ALT02415,CUST01341,1017.77,1083,38,1,lost,none,dev_87a20e22,addr_cd638ba8,35,item_not_received,I have not received this package even after 35 days.,honest,,False,0
ALT02416,CUST01064,783.75,286,24,1,delivered,otp,dev_bd673458,addr_397a284f,28,unauthorised,I did not authorise this transaction on my card. Kindly help.,honest,,False,0
ALT02417,CUST00016,3835.14,1294,6,0,delivered,signed,dev_651a6277,addr_0367ee2c,12,not_as_described,Item is not what the listing showed. Quality is poor. Kindly help.,honest,,False,1
ALT02418,CUST01568,4400.72,789,33,1,in_transit,otp,dev_1f15c7b6,addr_288b78b5,28,not_as_described,"Received the wrong variant, this is not what I ordered.",honest,,False,1
ALT02419,CUST00304,959.73,519,13,1,in_transit,none,dev_95082801,addr_3ba58126,18,not_as_described,"Received the wrong variant, this is not what I ordered.",honest,,False,0
ALT02420,CUST01327,874.85,189,11,3,in_transit,otp,dev_7b487db6,addr_4b589ceb,13,duplicate_charge,Two payments went out for a single purchase. This keeps happening.,opportunist,,False,0
ALT02421,CUST01680,6187.8,692,46,0,delivered,signed,dev_f57a431e,addr_5228ed8d,42,not_as_described,Product does not match the description on your site.,honest,,False,1
ALT02422,CUST01398,1452.19,423,7,4,delivered,otp,dev_75566ff1,addr_fb5435ba,20,unauthorised,"This charge is not mine, my card was used without permission. This keeps happening.",opportunist,,False,0
ALT02423,CUST00913,1242.89,294,38,1,delivered,signed,dev_71e64bce,addr_93baf4a3,25,duplicate_charge,Duplicate debit of the same amount on the same day. Kindly help.,honest,,False,1
ALT02424,CUST01440,871.13,116,3,2,delivered,signed,dev_dc3c423a,addr_7b6fb65b,28,item_not_received,Nothing was delivered to my address. Please refund the amount. I raised this before and got no response.,opportunist,,False,1
ALT02425,CUST00020,878.68,647,44,0,lost,none,dev_e9a0c20d,addr_b72479b7,38,not_as_described,Product does not match the description on your site. Kindly help.,honest,,False,0
ALT02426,CUST01649,13349.51,636,5,1,delivered,otp,dev_7cff07e3,addr_5b120b1b,25,not_as_described,Product does not match the description on your site. Kindly help.,honest,,False,1
ALT02427,CUST00130,1951.86,988,41,0,lost,none,dev_b8e51141,addr_b040d75a,35,item_not_received,Nothing was delivered to my address. Please refund the amount.,honest,,False,0
ALT02428,CUST00497,1681.64,487,3,4,in_transit,otp,dev_68a650ce,addr_c45d4c03,42,duplicate_charge,"Charged twice for the same order, please reverse one debit. I raised this before and got no response.",opportunist,,False,1
ALT02429,CUST00785,825.06,843,46,1,delivered,signed,dev_1d0af7f7,addr_bc55300b,15,duplicate_charge,"Charged twice for the same order, please reverse one debit.",honest,,False,1
ALT02430,CUST00995,528.83,289,23,0,in_transit,none,dev_189099c9,addr_88802d4d,4,unauthorised,I did not authorise this transaction on my card. Kindly help.,honest,,False,0
ALT02431,CUST00847,9243.69,733,42,1,delivered,signed,dev_1e26ed31,addr_9ee339ff,34,duplicate_charge,Two payments went out for a single purchase. Kindly help.,honest,,False,1
ALT02432,CUST00500,5166.85,72,0,0,delivered,signed,dev_aec61694,addr_18720dc7,38,not_as_described,Product does not match the description on your site. Refund immediately.,ring,tight,False,1
ALT02433,CUST01383,2479.26,670,18,1,in_transit,none,dev_45667c48,addr_ec95b3ac,42,not_as_described,"Received the wrong variant, this is not what I ordered. Kindly help.",honest,,False,1
ALT02434,CUST00789,238.04,676,8,0,delivered,signed,dev_69ce1e4e,addr_b7a4c719,22,duplicate_charge,Duplicate debit of the same amount on the same day.,honest,,False,1
ALT02435,CUST00810,1737.96,220,13,4,in_transit,otp,dev_c9eb6e3c,addr_eeced5b3,31,duplicate_charge,Duplicate debit of the same amount on the same day. I raised this before and got no response.,opportunist,,False,1
ALT02436,CUST01232,1683.45,311,13,3,delivered,none,dev_d13b3a4d,addr_05981489,11,duplicate_charge,Two payments went out for a single purchase. I raised this before and got no response.,opportunist,,False,0
ALT02437,CUST00727,1989.36,438,17,4,delivered,signed,dev_520826b8,addr_968c77f1,3,item_not_received,I have not received this package even after 3 days. It stopped working after two days of use. I raised this before and got no response.,opportunist,,True,1
ALT02438,CUST01465,2401.2,1179,38,1,delivered,signed,dev_2c55aef7,addr_b17cfb21,21,item_not_received,Nothing was delivered to my address. Please refund the amount. It stopped working after two days of use. Kindly help.,honest,,True,1
ALT02439,CUST01346,1925.26,227,8,1,delivered,signed,dev_c2ac0d6d,addr_71757228,7,item_not_received,Order never arrived. Tracking shows delivered but nothing reached me. This keeps happening.,opportunist,,False,0
ALT02440,CUST00179,3737.06,1272,50,1,delivered,none,dev_28ef2f46,addr_8ce377d7,12,duplicate_charge,Two payments went out for a single purchase.,honest,,False,0
ALT02441,CUST01454,8889.32,1042,24,1,lost,none,dev_bd03d33b,addr_301c6abf,32,item_not_received,I have not received this package even after 32 days.,honest,,False,0
ALT02442,CUST00424,607.24,935,35,1,delivered,signed,dev_5254aad3,addr_453b45fe,33,not_as_described,Product does not match the description on your site.,honest,,False,1
ALT02443,CUST00088,1729.1,544,13,3,delivered,signed,dev_c275da34,addr_4201938b,34,not_as_described,"Received the wrong variant, this is not what I ordered. This keeps happening.",opportunist,,False,0
ALT02444,CUST01703,236.01,1043,42,1,in_transit,none,dev_c96d525e,addr_8c68720e,39,not_as_described,"Received the wrong variant, this is not what I ordered.",honest,,False,0
ALT02445,CUST00968,1151.78,832,16,0,delivered,signed,dev_c422d03e,addr_31274148,28,not_as_described,Item is not what the listing showed. Quality is poor.,honest,,False,1
ALT02446,CUST00441,2144.49,1113,18,1,delivered,none,dev_ffa623d0,addr_333ee344,3,unauthorised,"Unknown charge from your store, I never placed any order.",honest,,False,0
ALT02447,CUST00981,1785.87,1222,22,1,in_transit,none,dev_f1773294,addr_5b29317a,24,unauthorised,"This charge is not mine, my card was used without permission.",honest,,False,0
ALT02448,CUST00022,2895.69,1447,47,1,delivered,signed,dev_076979d6,addr_c32d4526,9,duplicate_charge,Two payments went out for a single purchase. Kindly help.,honest,,False,1
ALT02449,CUST01203,453.66,1438,50,1,delivered,signed,dev_d90949aa,addr_9f8ceda5,30,duplicate_charge,Two payments went out for a single purchase.,honest,,False,1
ALT02450,CUST00489,2429.58,89,3,3,lost,none,dev_f0d1fa72,addr_4a9b37f0,19,item_not_received,I have not received this package even after 19 days. Refund immediately.,ring,tight,False,0
ALT02451,CUST00509,1521.57,83,12,4,in_transit,none,dev_fd5baf20,addr_21b6eb84,28,item_not_received,Order never arrived. Tracking shows delivered but nothing reached me. I raised this before and got no response.,opportunist,,False,0
ALT02452,CUST00177,1715.11,167,16,1,lost,none,dev_602cf604,addr_bf86ad63,22,duplicate_charge,"Charged twice for the same order, please reverse one debit. I raised this before and got no response.",opportunist,,False,0
ALT02453,CUST00929,1791.08,931,10,1,delivered,signed,dev_a42d10f5,addr_47263c24,9,not_as_described,Product does not match the description on your site.,honest,,False,1
ALT02454,CUST00829,595.03,472,46,0,delivered,otp,dev_9033da65,addr_2a038ad4,30,item_not_received,Order never arrived. Tracking shows delivered but nothing reached me.,honest,,False,1
ALT02455,CUST00729,1926.51,338,5,4,lost,none,dev_363cbc32,addr_0e55ced3,44,unauthorised,"This charge is not mine, my card was used without permission. This keeps happening.",opportunist,,False,0
ALT02456,CUST00005,1902.51,273,17,0,delivered,none,dev_97cb4585,addr_7d3e5830,12,unauthorised,"This charge is not mine, my card was used without permission. The size is wrong, I want to send it back. Kindly help.",honest,,True,0
ALT02457,CUST01226,3353.57,1489,22,0,delivered,signed,dev_e2c6093e,addr_109b851a,13,item_not_received,Nothing was delivered to my address. Please refund the amount.,honest,,False,1
ALT02458,CUST00034,10315.43,689,46,0,in_transit,otp,dev_f9c3ee05,addr_66414954,24,duplicate_charge,Duplicate debit of the same amount on the same day.,honest,,False,0
ALT02459,CUST01503,1650.04,77,9,3,delivered,signed,dev_c7a9ff30,addr_87e719e2,27,item_not_received,Nothing was delivered to my address. Please refund the amount. I raised this before and got no response.,opportunist,,False,1
ALT02460,CUST00385,1588.14,182,9,3,delivered,signed,dev_7fb0b7b6,addr_aa0be687,3,not_as_described,"Received the wrong variant, this is not what I ordered. I raised this before and got no response.",opportunist,,False,1
ALT02461,CUST01535,966.49,478,35,0,delivered,signed,dev_a090360d,addr_55c9bf0f,22,duplicate_charge,Duplicate debit of the same amount on the same day.,honest,,False,1
ALT02462,CUST00292,5089.69,429,9,0,in_transit,none,dev_8babce3b,addr_d5a804eb,42,item_not_received,Nothing was delivered to my address. Please refund the amount.,honest,,False,1
ALT02463,CUST01114,2032.14,375,36,0,delivered,otp,dev_2031d750,addr_a8e56e0c,39,item_not_received,I have not received this package even after 39 days.,honest,,False,1
ALT02464,CUST01481,861.13,623,16,0,delivered,none,dev_b25c5b50,addr_866b329a,16,item_not_received,Nothing was delivered to my address. Please refund the amount. It stopped working after two days of use. Kindly help.,honest,,True,0
ALT02465,CUST00619,1927.68,716,13,1,delivered,otp,dev_41c7d9b3,addr_bdce4d4d,37,item_not_received,Order never arrived. Tracking shows delivered but nothing reached me.,honest,,False,1
ALT02466,CUST01579,4895.29,1323,34,0,lost,none,dev_e57b084d,addr_f47e3ca0,29,item_not_received,"Order never arrived. Tracking shows delivered but nothing reached me. The size is wrong, I want to send it back.",honest,,True,0
ALT02467,CUST01696,4718.56,964,49,0,lost,none,dev_82c56b21,addr_623ad0fc,4,item_not_received,I have not received this package even after 4 days. The colour is nothing like the photos. Kindly help.,honest,,True,0
ALT02468,CUST01392,1777.34,521,8,0,in_transit,none,dev_54c29d5c,addr_f9722cc1,14,item_not_received,Order never arrived. Tracking shows delivered but nothing reached me.,honest,,False,0
ALT02469,CUST01314,3926.9,357,24,0,in_transit,none,dev_905f9096,addr_d9750f00,25,not_as_described,"Received the wrong variant, this is not what I ordered.",honest,,False,0
ALT02470,CUST01239,2578.98,557,9,4,delivered,signed,dev_1d447f41,addr_784fcb14,32,not_as_described,Product does not match the description on your site. This keeps happening.,opportunist,,False,1
ALT02471,CUST00489,502.48,89,3,3,delivered,otp,dev_f0d1fa72,addr_4a9b37f0,44,duplicate_charge,Duplicate debit of the same amount on the same day. Refund immediately.,ring,tight,False,0
ALT02472,CUST01690,1610.69,337,11,0,delivered,otp,dev_df495037,addr_0b531932,36,not_as_described,Item is not what the listing showed. Quality is poor. Kindly help.,honest,,False,1
ALT02473,CUST01332,1749.28,296,6,2,delivered,otp,dev_8116fd6c,addr_17df85b3,25,duplicate_charge,Duplicate debit of the same amount on the same day. This keeps happening.,opportunist,,False,1
ALT02474,CUST01672,955.55,664,35,1,delivered,signed,dev_f8815f18,addr_0c1d180e,41,not_as_described,"Received the wrong variant, this is not what I ordered.",honest,,False,1
ALT02475,CUST01515,968.47,760,12,0,delivered,signed,dev_1a354475,addr_8ae3297e,30,unauthorised,"This charge is not mine, my card was used without permission. It stopped working after two days of use.",honest,,True,0
ALT02476,CUST01180,2425.89,407,19,1,delivered,signed,dev_30807a5d,addr_aa4d52a8,35,item_not_received,I have not received this package even after 35 days.,honest,,False,1
ALT02477,CUST01336,1296.77,27,1,3,lost,none,dev_f4a985b0,addr_9ef17e4f,8,item_not_received,I have not received this package even after 8 days.,ring,tight,False,0
ALT02478,CUST01556,3360.87,315,17,1,delivered,none,dev_4024c424,addr_d6e1ba00,25,not_as_described,Item is not what the listing showed. Quality is poor. Kindly help.,honest,,False,0
ALT02479,CUST00893,200.0,649,22,1,delivered,none,dev_7c5308bf,addr_638c254c,2,unauthorised,"This charge is not mine, my card was used without permission.",honest,,False,0
ALT02480,CUST01203,1775.98,1438,50,1,delivered,otp,dev_d90949aa,addr_9f8ceda5,1,unauthorised,"Unknown charge from your store, I never placed any order.",honest,,False,0
ALT02481,CUST00100,1397.81,419,36,0,delivered,signed,dev_1947ea42,addr_d617b9c0,45,item_not_received,Nothing was delivered to my address. Please refund the amount.,honest,,False,0
ALT02482,CUST00705,4351.03,889,44,0,lost,none,dev_98e52499,addr_277d1be9,43,unauthorised,"This charge is not mine, my card was used without permission.",honest,,False,0
ALT02483,CUST01743,454.67,878,10,0,delivered,signed,dev_1be00f8e,addr_fe656dcc,38,item_not_received,Nothing was delivered to my address. Please refund the amount.,honest,,False,1
ALT02484,CUST01804,2295.41,696,35,0,lost,none,dev_25dbbe8d,addr_9afdd464,22,item_not_received,I have not received this package even after 22 days.,honest,,False,1
ALT02485,CUST00057,3549.58,425,12,1,lost,none,dev_925f2cc6,addr_273ef6f4,41,not_as_described,Product does not match the description on your site.,honest,,False,0
ALT02486,CUST00799,10701.62,646,34,1,delivered,otp,dev_1a312044,addr_9beab529,38,item_not_received,Order never arrived. Tracking shows delivered but nothing reached me.,honest,,False,1
ALT02487,CUST01772,1466.3,948,34,0,in_transit,none,dev_5d96120d,addr_34680b6e,14,unauthorised,"Unknown charge from your store, I never placed any order. Kindly help.",honest,,False,0
ALT02488,CUST01512,2909.66,1074,21,1,delivered,otp,dev_e2fb8d66,addr_960952eb,43,unauthorised,I did not authorise this transaction on my card.,honest,,False,1
ALT02489,CUST01015,476.62,1037,28,1,delivered,signed,dev_51284026,addr_61e30fb4,34,unauthorised,I did not authorise this transaction on my card.,honest,,False,1
ALT02490,CUST01108,2197.94,654,28,0,delivered,signed,dev_9be950c7,addr_b9787c4b,32,item_not_received,I have not received this package even after 32 days.,honest,,False,1
ALT02491,CUST00923,6013.34,1033,36,1,delivered,signed,dev_d22e3226,addr_28b26b1b,40,duplicate_charge,Duplicate debit of the same amount on the same day. Kindly help.,honest,,False,1
ALT02492,CUST00628,10812.9,919,48,0,delivered,signed,dev_89d716ef,addr_48dc1e26,38,not_as_described,Item is not what the listing showed. Quality is poor.,honest,,False,1
ALT02493,CUST00718,3155.02,1359,16,0,in_transit,otp,dev_b2165b5a,addr_40da9c7d,3,item_not_received,Order never arrived. Tracking shows delivered but nothing reached me. Kindly help.,honest,,False,0
ALT02494,CUST00778,581.0,1170,16,0,in_transit,none,dev_b8f91075,addr_3eb862c6,37,not_as_described,Item is not what the listing showed. Quality is poor.,honest,,False,0
ALT02495,CUST01658,6990.01,542,18,0,delivered,otp,dev_204db9da,addr_6c624c2c,38,not_as_described,Item is not what the listing showed. Quality is poor.,honest,,False,1
ALT02496,CUST00489,584.89,89,3,3,delivered,signed,dev_f0d1fa72,addr_4a9b37f0,36,item_not_received,Order never arrived. Tracking shows delivered but nothing reached me. Refund immediately.,ring,tight,False,1
ALT02497,CUST01313,1920.71,484,4,1,delivered,signed,dev_06b81c8a,addr_5145c6f8,31,unauthorised,"This charge is not mine, my card was used without permission. This keeps happening.",opportunist,,False,0
ALT02498,CUST00351,1751.59,583,11,4,delivered,otp,dev_5a2d465b,addr_1d59b308,36,item_not_received,Order never arrived. Tracking shows delivered but nothing reached me. This keeps happening.,opportunist,,False,1
ALT02499,CUST00322,810.34,492,33,0,delivered,none,dev_d317d8c9,addr_d8ddbbc0,19,not_as_described,Item is not what the listing showed. Quality is poor.,honest,,False,0
ALT02500,CUST00472,461.46,29,3,0,delivered,signed,dev_3f086a9e,addr_243191eb,38,item_not_received,Nothing was delivered to my address. Please refund the amount. Refund immediately.,ring,tight,False,1
ALT02501,CUST01045,4713.84,718,7,0,delivered,none,dev_493e904d,addr_a7de02cc,16,item_not_received,Nothing was delivered to my address. Please refund the amount. Kindly help.,honest,,False,1
ALT02502,CUST01661,2256.18,1302,34,1,in_transit,none,dev_f1613bab,addr_d653d4bb,42,not_as_described,"Received the wrong variant, this is not what I ordered.",honest,,False,0
ALT02503,CUST00987,594.87,256,20,1,delivered,otp,dev_76d32b96,addr_6fa6681c,37,not_as_described,"Received the wrong variant, this is not what I ordered.",honest,,False,1
ALT02504,CUST00417,2539.32,53,3,3,delivered,signed,dev_7a14cf98,addr_72557e4e,20,not_as_described,Item is not what the listing showed. Quality is poor. Refund immediately.,ring,household,False,1
ALT02505,CUST00507,14282.49,817,44,1,delivered,otp,dev_10d7a164,addr_ad74dd43,22,item_not_received,Nothing was delivered to my address. Please refund the amount.,honest,,False,0
ALT02506,CUST00940,5508.47,968,45,1,delivered,otp,dev_9f85c2dd,addr_d60bf603,13,not_as_described,Product does not match the description on your site. Kindly help.,honest,,False,1
ALT02507,CUST01750,2641.41,73,1,2,in_transit,otp,dev_f4a985b0,addr_9ef17e4f,29,not_as_described,"Received the wrong variant, this is not what I ordered.",ring,tight,False,0
ALT02508,CUST01806,2693.97,1062,26,0,in_transit,otp,dev_440b71a6,addr_6bcce72a,17,duplicate_charge,"Charged twice for the same order, please reverse one debit. Kindly help.",honest,,False,0
ALT02509,CUST00205,5324.78,297,16,0,delivered,signed,dev_00231f70,addr_5256f928,30,unauthorised,"This charge is not mine, my card was used without permission.",honest,,False,1
ALT02510,CUST00818,1900.13,364,8,2,delivered,signed,dev_6b4a3541,addr_c8aae0c8,38,unauthorised,"Unknown charge from your store, I never placed any order.",opportunist,,False,1
ALT02511,CUST00032,323.08,1032,7,1,delivered,none,dev_ddcf5003,addr_f0c44ecb,38,unauthorised,"This charge is not mine, my card was used without permission.",honest,,False,0
ALT02512,CUST01723,1025.71,1264,26,0,delivered,signed,dev_11654cb3,addr_69479974,7,duplicate_charge,Duplicate debit of the same amount on the same day. Kindly help.,honest,,False,1
ALT02513,CUST01796,1167.0,400,33,1,delivered,signed,dev_3d922952,addr_bb56588b,40,duplicate_charge,"Charged twice for the same order, please reverse one debit.",honest,,False,1
ALT02514,CUST01561,765.61,1284,24,1,in_transit,none,dev_7d6c3d2a,addr_be9063fb,16,not_as_described,"Received the wrong variant, this is not what I ordered.",honest,,False,0
ALT02515,CUST00430,1749.24,182,4,4,delivered,otp,dev_0ff48fe8,addr_da42698b,5,unauthorised,"This charge is not mine, my card was used without permission. The size is wrong, I want to send it back. I raised this before and got no response.",opportunist,,True,0
ALT02516,CUST00810,2827.82,220,13,4,in_transit,otp,dev_c9eb6e3c,addr_eeced5b3,42,item_not_received,I have not received this package even after 42 days. The colour is nothing like the photos. I raised this before and got no response.,opportunist,,True,0
ALT02517,CUST00383,404.96,70,0,0,delivered,none,dev_cf8da52b,addr_04eb1694,19,duplicate_charge,"Charged twice for the same order, please reverse one debit.",ring,household,False,0
ALT02518,CUST00364,1694.3,375,8,1,in_transit,otp,dev_d83e262a,addr_8a426ff0,15,item_not_received,Order never arrived. Tracking shows delivered but nothing reached me. This keeps happening.,opportunist,,False,0
ALT02519,CUST00511,579.73,869,26,1,delivered,signed,dev_6bebac31,addr_d5bcb8d0,6,unauthorised,"Unknown charge from your store, I never placed any order.",honest,,False,1
ALT02520,CUST00469,782.18,1406,7,1,delivered,signed,dev_05f4949b,addr_6fe05fa2,40,item_not_received,I have not received this package even after 40 days. Kindly help.,honest,,False,1
ALT02521,CUST00101,938.61,1485,39,0,in_transit,none,dev_0b660bcd,addr_8b6daa25,4,item_not_received,Nothing was delivered to my address. Please refund the amount. Kindly help.,honest,,False,0
ALT02522,CUST01747,1341.57,1373,14,1,lost,none,dev_f8751fd4,addr_544c0132,37,item_not_received,Order never arrived. Tracking shows delivered but nothing reached me.,honest,,False,0
ALT02523,CUST00388,718.53,1028,15,1,delivered,signed,dev_eb67146a,addr_88bc539c,6,not_as_described,Item is not what the listing showed. Quality is poor.,honest,,False,1
ALT02524,CUST00338,363.17,1420,5,1,delivered,signed,dev_2cabd7e7,addr_06998731,5,item_not_received,Nothing was delivered to my address. Please refund the amount.,honest,,False,0
ALT02525,CUST00893,4282.0,649,22,1,delivered,otp,dev_7c5308bf,addr_638c254c,22,not_as_described,Item is not what the listing showed. Quality is poor.,honest,,False,1
ALT02526,CUST00447,859.32,703,38,1,delivered,signed,dev_f66c7331,addr_309a083a,1,not_as_described,Product does not match the description on your site.,honest,,False,1
ALT02527,CUST01223,2759.71,766,42,1,in_transit,none,dev_fb02bebb,addr_d52721e7,28,item_not_received,Nothing was delivered to my address. Please refund the amount.,honest,,False,1
ALT02528,CUST00899,1314.95,1397,29,1,delivered,signed,dev_3bdbc09e,addr_8fb864e4,31,not_as_described,Product does not match the description on your site.,honest,,False,1
ALT02529,CUST01441,1095.93,1206,28,1,delivered,otp,dev_4dea5200,addr_dcaa5893,12,item_not_received,Nothing was delivered to my address. Please refund the amount. Kindly help.,honest,,False,0
ALT02530,CUST00210,3947.24,550,19,0,delivered,signed,dev_8897c497,addr_4ab63e0f,39,not_as_described,Product does not match the description on your site.,honest,,False,1
ALT02531,CUST00594,1962.17,560,20,1,delivered,signed,dev_b297a782,addr_b357f3f9,33,item_not_received,Nothing was delivered to my address. Please refund the amount. Kindly help.,honest,,False,1
ALT02532,CUST00388,6150.76,1028,15,1,delivered,signed,dev_eb67146a,addr_88bc539c,21,item_not_received,Order never arrived. Tracking shows delivered but nothing reached me. Kindly help.,honest,,False,1
ALT02533,CUST00062,1364.39,225,20,0,delivered,signed,dev_78c59073,addr_266bf2ea,4,item_not_received,Nothing was delivered to my address. Please refund the amount.,honest,,False,1
ALT02534,CUST00892,1811.5,398,3,2,delivered,otp,dev_d4018a45,addr_b409b855,26,duplicate_charge,Duplicate debit of the same amount on the same day. This keeps happening.,opportunist,,False,1
ALT02535,CUST00300,852.22,492,14,1,delivered,none,dev_e4edc295,addr_e39940dd,16,not_as_described,"Received the wrong variant, this is not what I ordered. Kindly help.",honest,,False,1
ALT02536,CUST00669,956.27,276,41,1,lost,none,dev_c559cd0f,addr_d13032db,27,duplicate_charge,Two payments went out for a single purchase. Kindly help.,honest,,False,0
ALT02537,CUST01309,1125.92,173,7,1,delivered,none,dev_c04a3f68,addr_ee7385d8,13,duplicate_charge,"Charged twice for the same order, please reverse one debit. This keeps happening.",opportunist,,False,0
ALT02538,CUST01340,964.87,556,6,1,delivered,signed,dev_dac726b6,addr_8cd4b90a,34,item_not_received,Order never arrived. Tracking shows delivered but nothing reached me.,honest,,False,1
ALT02539,CUST00735,4015.49,1312,28,0,delivered,none,dev_6d9c5b50,addr_3f5e3b8c,16,unauthorised,"Unknown charge from your store, I never placed any order.",honest,,False,0
ALT02540,CUST01489,1292.69,8,2,0,in_transit,otp,dev_aec61694,addr_18720dc7,10,item_not_received,I have not received this package even after 10 days.,ring,tight,False,1
ALT02541,CUST00804,4114.05,335,24,0,delivered,signed,dev_c12a34f4,addr_c8497436,11,item_not_received,I have not received this package even after 11 days. The colour is nothing like the photos.,honest,,True,1
ALT02542,CUST00325,2293.2,219,36,1,delivered,signed,dev_56fe972b,addr_6b4d3d1a,29,unauthorised,"This charge is not mine, my card was used without permission.",honest,,False,1
ALT02543,CUST01267,500.77,898,15,1,in_transit,otp,dev_98a21f1c,addr_e222b6a6,13,duplicate_charge,Duplicate debit of the same amount on the same day. Kindly help.,honest,,False,0
ALT02544,CUST00873,1559.45,405,13,0,in_transit,none,dev_9a0270da,addr_f69777a1,20,duplicate_charge,Duplicate debit of the same amount on the same day. Kindly help.,honest,,False,0
ALT02545,CUST01795,5192.84,209,33,1,in_transit,none,dev_c606ddc4,addr_288f3435,9,not_as_described,Item is not what the listing showed. Quality is poor.,honest,,False,0
ALT02546,CUST01331,2518.25,1098,33,0,delivered,otp,dev_5fec59ac,addr_20db4294,4,unauthorised,"Unknown charge from your store, I never placed any order. The box was torn when I opened it.",honest,,True,1
ALT02547,CUST01749,1658.93,1149,45,0,delivered,otp,dev_de46222e,addr_edb68b81,39,unauthorised,I did not authorise this transaction on my card.,honest,,False,1
ALT02548,CUST01634,1532.3,369,14,3,delivered,none,dev_e49a3cd9,addr_80e1cc41,12,item_not_received,Nothing was delivered to my address. Please refund the amount.,opportunist,,False,0
ALT02549,CUST00994,5375.86,851,34,1,lost,none,dev_10c1de9c,addr_0766699f,15,not_as_described,Product does not match the description on your site.,honest,,False,0
ALT02550,CUST00449,4214.06,753,22,0,delivered,signed,dev_958c9cfd,addr_c53f4f7e,33,not_as_described,"Received the wrong variant, this is not what I ordered. Kindly help.",honest,,False,1
ALT02551,CUST00392,1486.47,1223,10,1,lost,none,dev_a008ac20,addr_0f4d6c40,30,not_as_described,Product does not match the description on your site.,honest,,False,0
ALT02552,CUST00979,483.06,230,9,4,in_transit,none,dev_1d191f64,addr_7ec469d8,3,unauthorised,"This charge is not mine, my card was used without permission. I raised this before and got no response.",opportunist,,False,0
ALT02553,CUST01583,5548.78,434,46,0,delivered,signed,dev_6e191042,addr_e359eee1,24,not_as_described,Item is not what the listing showed. Quality is poor.,honest,,False,1
ALT02554,CUST01485,8634.12,927,31,1,delivered,otp,dev_71d2e63f,addr_3e3f3da0,6,item_not_received,Order never arrived. Tracking shows delivered but nothing reached me.,honest,,False,1
ALT02555,CUST01448,3161.47,1441,36,1,delivered,signed,dev_cd4b69a9,addr_0a17991e,31,item_not_received,I have not received this package even after 31 days.,honest,,False,1
ALT02556,CUST00767,8294.51,960,34,0,delivered,otp,dev_548b2ce3,addr_f39ef1be,20,duplicate_charge,Duplicate debit of the same amount on the same day. Kindly help.,honest,,False,1
ALT02557,CUST01248,4589.91,378,10,1,delivered,none,dev_e5dfc7af,addr_f4e580aa,23,item_not_received,Nothing was delivered to my address. Please refund the amount.,honest,,False,0
ALT02558,CUST00256,476.61,1229,12,1,in_transit,none,dev_366b3575,addr_3370dc1d,1,item_not_received,Order never arrived. Tracking shows delivered but nothing reached me. Kindly help.,honest,,False,0
ALT02559,CUST01599,1679.14,474,11,2,in_transit,otp,dev_b7447158,addr_cc69a8ca,36,not_as_described,Item is not what the listing showed. Quality is poor.,opportunist,,False,0
ALT02560,CUST00759,1266.72,592,48,0,delivered,signed,dev_743480a1,addr_f019955f,13,item_not_received,Nothing was delivered to my address. Please refund the amount.,honest,,False,1
ALT02561,CUST00718,2260.22,1359,16,0,delivered,otp,dev_b2165b5a,addr_40da9c7d,45,item_not_received,Order never arrived. Tracking shows delivered but nothing reached me. Kindly help.,honest,,False,1
ALT02562,CUST00841,1877.4,86,16,1,delivered,signed,dev_97e1bc36,addr_f8ef32ee,28,not_as_described,"Received the wrong variant, this is not what I ordered. This keeps happening.",opportunist,,False,1
ALT02563,CUST00062,2241.36,225,20,0,delivered,otp,dev_78c59073,addr_266bf2ea,10,not_as_described,Item is not what the listing showed. Quality is poor.,honest,,False,1
ALT02564,CUST00275,704.52,524,7,1,delivered,otp,dev_ea041d0b,addr_eaacabb4,30,unauthorised,"Unknown charge from your store, I never placed any order.",opportunist,,False,1
ALT02565,CUST00443,867.23,326,13,3,delivered,otp,dev_b06f0681,addr_c99156cc,6,item_not_received,I have not received this package even after 6 days. I raised this before and got no response.,opportunist,,False,0
ALT02566,CUST01381,2014.66,1297,27,0,delivered,otp,dev_73b0d676,addr_769de1e3,9,unauthorised,I did not authorise this transaction on my card.,honest,,False,0
ALT02567,CUST00903,1927.46,418,20,2,in_transit,none,dev_3150e60d,addr_de3b5a64,28,duplicate_charge,"Charged twice for the same order, please reverse one debit.",opportunist,,False,0
ALT02568,CUST00626,1993.02,121,19,3,in_transit,otp,dev_cc5bf684,addr_7df45531,14,duplicate_charge,Duplicate debit of the same amount on the same day. This keeps happening.,opportunist,,False,1
ALT02569,CUST00824,3835.35,1234,41,0,delivered,signed,dev_4827c440,addr_89811f35,22,unauthorised,"Unknown charge from your store, I never placed any order.",honest,,False,1
ALT02570,CUST00054,3621.02,1281,5,1,delivered,none,dev_ef15ab72,addr_b7f60cdf,2,item_not_received,I have not received this package even after 2 days. Kindly help.,honest,,False,1
ALT02571,CUST00762,5323.36,655,43,1,in_transit,none,dev_857f2f3e,addr_2efcd60c,3,not_as_described,Item is not what the listing showed. Quality is poor. Kindly help.,honest,,False,0
ALT02572,CUST00313,3225.13,1368,19,0,delivered,otp,dev_f2b74922,addr_a06aa68a,6,item_not_received,Nothing was delivered to my address. Please refund the amount.,honest,,False,1
ALT02573,CUST00865,9515.2,671,34,0,delivered,otp,dev_3d305a07,addr_bd75f95c,29,not_as_described,Item is not what the listing showed. Quality is poor.,honest,,False,1
ALT02574,CUST00576,1510.28,132,13,3,delivered,otp,dev_0a7d1de0,addr_776e3a29,1,unauthorised,"Unknown charge from your store, I never placed any order. I raised this before and got no response.",opportunist,,False,0
ALT02575,CUST01360,265.47,531,25,0,delivered,signed,dev_e519dd7e,addr_d88f1c94,20,item_not_received,I have not received this package even after 20 days.,honest,,False,1
ALT02576,CUST00135,502.26,686,24,0,in_transit,none,dev_0c394ec7,addr_750565f5,19,unauthorised,I did not authorise this transaction on my card.,honest,,False,0
ALT02577,CUST01288,1388.34,1125,9,0,delivered,signed,dev_bff30c8d,addr_e097dedb,24,item_not_received,Nothing was delivered to my address. Please refund the amount.,honest,,False,1
ALT02578,CUST00272,5142.43,1475,14,0,delivered,otp,dev_86dc4e34,addr_4165964c,10,duplicate_charge,Duplicate debit of the same amount on the same day.,honest,,False,1
ALT02579,CUST01222,3824.2,850,36,1,lost,none,dev_a8cfe589,addr_911ddc79,45,not_as_described,Item is not what the listing showed. Quality is poor. Kindly help.,honest,,False,0
ALT02580,CUST00174,294.15,1219,45,1,delivered,otp,dev_4d560a3d,addr_67f5ae02,34,item_not_received,Nothing was delivered to my address. Please refund the amount. Kindly help.,honest,,False,1
ALT02581,CUST01738,12528.47,583,40,1,in_transit,none,dev_3cb526d7,addr_9cf3137e,31,not_as_described,"Received the wrong variant, this is not what I ordered.",honest,,False,0
ALT02582,CUST00445,2523.9,32,1,1,delivered,otp,dev_6af01106,addr_cac5a4c6,14,item_not_received,Nothing was delivered to my address. Please refund the amount. Reverse this now.,ring,dropship,False,1
ALT02583,CUST00457,2565.12,950,28,1,delivered,otp,dev_5ef787b8,addr_5df06e8c,3,unauthorised,I did not authorise this transaction on my card.,honest,,False,1
ALT02584,CUST00563,1317.71,288,5,4,delivered,otp,dev_fcfa1e61,addr_f7feb735,33,item_not_received,Nothing was delivered to my address. Please refund the amount. This keeps happening.,opportunist,,False,1
ALT02585,CUST01618,1566.02,1355,8,0,delivered,otp,dev_aadf3692,addr_8a9c66f7,35,item_not_received,I have not received this package even after 35 days. Kindly help.,honest,,False,1
ALT02586,CUST01346,2499.79,227,8,1,in_transit,otp,dev_c2ac0d6d,addr_4dfcf384,20,not_as_described,Item is not what the listing showed. Quality is poor. This keeps happening.,opportunist,,False,0
ALT02587,CUST01297,3631.88,614,13,1,in_transit,none,dev_e473b0b0,addr_d0c24f21,32,item_not_received,Nothing was delivered to my address. Please refund the amount.,honest,,False,0
ALT02588,CUST01164,2909.36,1407,37,0,delivered,none,dev_1f878b32,addr_cac8d87e,16,not_as_described,Product does not match the description on your site.,honest,,False,1
ALT02589,CUST00067,1404.14,120,16,2,delivered,signed,dev_24cf8629,addr_3e120f2b,13,item_not_received,Order never arrived. Tracking shows delivered but nothing reached me. This keeps happening.,opportunist,,False,1
ALT02590,CUST01154,1027.03,15,3,0,delivered,signed,dev_e9d0c2ec,addr_04eb1694,34,unauthorised,"This charge is not mine, my card was used without permission.",ring,household,False,0
ALT02591,CUST00287,1728.86,478,16,2,lost,none,dev_93758195,addr_6b2b0c27,41,unauthorised,"This charge is not mine, my card was used without permission. The colour is nothing like the photos.",opportunist,,True,0
ALT02592,CUST01406,1609.3,596,17,1,in_transit,none,dev_1397df7e,addr_19e32dbe,42,item_not_received,I have not received this package even after 42 days. I raised this before and got no response.,opportunist,,False,0
ALT02593,CUST01555,973.04,667,25,1,in_transit,none,dev_a72bdddd,addr_b5def807,34,not_as_described,"Received the wrong variant, this is not what I ordered.",honest,,False,0
ALT02594,CUST01430,3341.61,1097,31,0,lost,none,dev_e271fff9,addr_60f34ebc,35,duplicate_charge,Duplicate debit of the same amount on the same day. Kindly help.,honest,,False,0
ALT02595,CUST01494,5492.51,796,7,0,delivered,none,dev_dc0f2fcf,addr_32a447b2,3,item_not_received,Order never arrived. Tracking shows delivered but nothing reached me. Kindly help.,honest,,False,1
ALT02596,CUST01364,1985.45,470,35,0,delivered,signed,dev_3a9c4308,addr_ce532ffd,40,unauthorised,I did not authorise this transaction on my card.,honest,,False,1
ALT02597,CUST00604,4536.22,865,34,0,delivered,otp,dev_6d744a0b,addr_c6b6020a,32,not_as_described,"Received the wrong variant, this is not what I ordered.",honest,,False,1
ALT02598,CUST00047,3497.39,369,12,1,lost,none,dev_399557cb,addr_7ac067a6,36,duplicate_charge,Two payments went out for a single purchase.,honest,,False,0
ALT02599,CUST00167,4650.56,303,26,0,delivered,signed,dev_fd235def,addr_34885a46,28,item_not_received,I have not received this package even after 28 days.,honest,,False,1
ALT02600,CUST00121,1507.82,595,10,2,delivered,otp,dev_bd4ba9cd,addr_db869a02,6,not_as_described,Product does not match the description on your site. I raised this before and got no response.,opportunist,,False,1
ALT02601,CUST00954,4273.33,1253,5,1,in_transit,none,dev_69ca97d2,addr_c1a6423b,11,item_not_received,Nothing was delivered to my address. Please refund the amount.,honest,,False,0
ALT02602,CUST01350,2105.45,522,21,0,delivered,otp,dev_1d8680cb,addr_00a85473,16,item_not_received,Nothing was delivered to my address. Please refund the amount.,honest,,False,1
ALT02603,CUST01582,1170.3,1229,6,0,delivered,none,dev_8827f0b5,addr_f65e52fd,43,duplicate_charge,Duplicate debit of the same amount on the same day. Kindly help.,honest,,False,0
ALT02604,CUST00122,1979.29,208,12,3,in_transit,none,dev_ba09a484,addr_903389b4,4,not_as_described,Item is not what the listing showed. Quality is poor. I raised this before and got no response.,opportunist,,False,0
ALT02605,CUST00905,2291.7,623,31,1,delivered,none,dev_b20dcb6e,addr_6160a6b4,38,not_as_described,"Received the wrong variant, this is not what I ordered.",honest,,False,0
ALT02606,CUST01723,7074.46,1264,26,0,delivered,signed,dev_11654cb3,addr_69479974,34,item_not_received,Order never arrived. Tracking shows delivered but nothing reached me.,honest,,False,1
ALT02607,CUST01047,1678.28,543,9,3,delivered,none,dev_21f55aa5,addr_e4fa6417,16,item_not_received,I have not received this package even after 16 days. The box was torn when I opened it. This keeps happening.,opportunist,,True,0
ALT02608,CUST01612,877.3,932,6,0,delivered,otp,dev_247474b3,addr_70be9630,31,not_as_described,Item is not what the listing showed. Quality is poor.,honest,,False,1
ALT02609,CUST00555,1156.07,1137,36,0,delivered,otp,dev_ddebcd5c,addr_1fa7cddf,10,item_not_received,Nothing was delivered to my address. Please refund the amount.,honest,,False,1
ALT02610,CUST00606,1606.23,1491,38,1,delivered,otp,dev_c90b9454,addr_4ccf0a4b,45,duplicate_charge,"Charged twice for the same order, please reverse one debit.",honest,,False,1
ALT02611,CUST00282,5172.76,1307,26,1,in_transit,otp,dev_b962c8a7,addr_f96d40f8,6,not_as_described,Item is not what the listing showed. Quality is poor.,honest,,False,0
ALT02612,CUST00149,2765.28,460,7,0,in_transit,none,dev_47d5ac92,addr_772d416d,41,item_not_received,Nothing was delivered to my address. Please refund the amount. The colour is nothing like the photos.,honest,,True,0
ALT02613,CUST00776,1116.26,748,14,1,in_transit,otp,dev_a247541d,addr_bd5a0c9e,32,item_not_received,Nothing was delivered to my address. Please refund the amount. The colour is nothing like the photos.,honest,,True,0
ALT02614,CUST01605,2068.06,1169,40,0,delivered,none,dev_154ff37d,addr_27c00f89,44,item_not_received,Nothing was delivered to my address. Please refund the amount.,honest,,False,0
ALT02615,CUST01605,1485.7,1169,40,0,lost,none,dev_154ff37d,addr_27c00f89,16,not_as_described,Item is not what the listing showed. Quality is poor. Kindly help.,honest,,False,0
ALT02616,CUST00543,610.32,202,12,4,delivered,signed,dev_e9b758ee,addr_397e8bfb,8,not_as_described,Product does not match the description on your site. I raised this before and got no response.,opportunist,,False,0
ALT02617,CUST01368,2876.21,371,24,0,in_transit,otp,dev_cedd069d,addr_8950ddd6,37,duplicate_charge,Two payments went out for a single purchase. Kindly help.,honest,,False,1
ALT02618,CUST00290,577.16,817,10,0,delivered,otp,dev_89953dd1,addr_e13f8740,22,not_as_described,Item is not what the listing showed. Quality is poor.,honest,,False,1
ALT02619,CUST01563,1843.41,288,34,0,in_transit,none,dev_60e7a113,addr_8d5288f1,35,duplicate_charge,Two payments went out for a single purchase. Kindly help.,honest,,False,0
ALT02620,CUST00260,6015.57,213,5,0,in_transit,none,dev_ed174fdd,addr_48a2a172,4,not_as_described,"Received the wrong variant, this is not what I ordered. Kindly help.",honest,,False,0
ALT02621,CUST01188,2618.57,1413,10,0,in_transit,otp,dev_de72d970,addr_1d4dfdb1,20,duplicate_charge,"Charged twice for the same order, please reverse one debit.",honest,,False,0
ALT02622,CUST00273,1683.63,318,46,1,delivered,otp,dev_8d3a5d76,addr_bc547d54,23,not_as_described,Product does not match the description on your site.,honest,,False,1
ALT02623,CUST01371,1758.42,364,4,1,in_transit,none,dev_bd1a2704,addr_2cdc1cc0,42,not_as_described,Item is not what the listing showed. Quality is poor. I raised this before and got no response.,opportunist,,False,0
ALT02624,CUST00647,5867.72,1038,45,1,delivered,otp,dev_6a1d9731,addr_8e49d0f9,6,not_as_described,Item is not what the listing showed. Quality is poor.,honest,,False,1
ALT02625,CUST00530,2841.51,876,34,0,in_transit,none,dev_0a398bf7,addr_edba9484,9,unauthorised,"Unknown charge from your store, I never placed any order. Kindly help.",honest,,False,1
ALT02626,CUST00969,6486.66,1164,31,1,delivered,otp,dev_b7a69c32,addr_d1fb55b1,18,item_not_received,Nothing was delivered to my address. Please refund the amount.,honest,,False,1
ALT02627,CUST00069,2822.61,66,4,3,delivered,signed,dev_9662f883,addr_9d254dc4,28,item_not_received,I have not received this package even after 28 days. It stopped working after two days of use. This keeps happening.,opportunist,,True,1
ALT02628,CUST00889,590.64,156,7,2,delivered,otp,dev_a2070bf3,addr_9e0383d4,24,not_as_described,"Received the wrong variant, this is not what I ordered. This keeps happening.",opportunist,,False,1
ALT02629,CUST00466,3876.72,202,9,3,in_transit,none,dev_e0d65081,addr_7e59a0d1,36,unauthorised,"Unknown charge from your store, I never placed any order. I raised this before and got no response.",opportunist,,False,0
ALT02630,CUST00042,6065.11,1043,40,1,delivered,signed,dev_650e78e4,addr_60dc12eb,17,item_not_received,I have not received this package even after 17 days. It stopped working after two days of use.,honest,,True,1
ALT02631,CUST01497,10635.55,468,38,0,in_transit,otp,dev_075072d6,addr_a9de5b26,39,item_not_received,I have not received this package even after 39 days.,honest,,False,0
ALT02632,CUST01174,1348.82,277,41,1,in_transit,none,dev_b4732eb6,addr_b0c46ddc,15,not_as_described,Product does not match the description on your site. Kindly help.,honest,,False,1
ALT02633,CUST00517,826.37,984,20,1,delivered,signed,dev_2ad3136f,addr_d7825ea3,9,item_not_received,Nothing was delivered to my address. Please refund the amount.,honest,,False,1
ALT02634,CUST00607,1911.79,242,3,3,delivered,otp,dev_daf9ae1b,addr_5fcbf482,14,unauthorised,"Unknown charge from your store, I never placed any order. This keeps happening.",opportunist,,False,0
ALT02635,CUST01591,833.44,68,2,0,delivered,signed,dev_c37637d6,addr_a057c558,33,unauthorised,"This charge is not mine, my card was used without permission.",ring,tight,False,1
ALT02636,CUST00941,3281.01,1000,9,1,delivered,signed,dev_ec4de885,addr_8c4a62ba,16,not_as_described,Item is not what the listing showed. Quality is poor.,honest,,False,1
ALT02637,CUST01211,10798.26,653,6,1,lost,none,dev_b58dfc59,addr_3106e8ce,17,not_as_described,"Received the wrong variant, this is not what I ordered. Kindly help.",honest,,False,0
ALT02638,CUST01430,6353.42,1097,31,0,in_transit,none,dev_e271fff9,addr_60f34ebc,40,not_as_described,"Received the wrong variant, this is not what I ordered. Kindly help.",honest,,False,0
ALT02639,CUST01038,3797.36,1293,20,0,in_transit,none,dev_7656af72,addr_0e51f30d,13,item_not_received,Nothing was delivered to my address. Please refund the amount.,honest,,False,0
ALT02640,CUST01394,3237.04,212,27,1,in_transit,none,dev_c0e3befd,addr_3875394c,10,not_as_described,Product does not match the description on your site.,honest,,False,0
ALT02641,CUST01083,2616.42,337,10,0,delivered,none,dev_17dded81,addr_bd21bc11,18,duplicate_charge,"Charged twice for the same order, please reverse one debit.",honest,,False,1
ALT02642,CUST01228,2061.51,763,45,1,lost,none,dev_5e08e249,addr_1eb85863,43,not_as_described,"Received the wrong variant, this is not what I ordered.",honest,,False,0
ALT02643,CUST00209,3437.21,1068,36,1,delivered,none,dev_6a07f213,addr_693016ea,2,item_not_received,Order never arrived. Tracking shows delivered but nothing reached me.,honest,,False,1
ALT02644,CUST01491,1101.87,687,43,0,lost,none,dev_503ba8c3,addr_bcbb859a,24,item_not_received,"Nothing was delivered to my address. Please refund the amount. The size is wrong, I want to send it back.",honest,,True,0
ALT02645,CUST01033,4602.5,443,19,1,delivered,signed,dev_f301bb6c,addr_19abdc15,1,item_not_received,Nothing was delivered to my address. Please refund the amount. Kindly help.,honest,,False,1
ALT02646,CUST01235,2186.45,454,17,2,delivered,otp,dev_c7af75de,addr_11925880,44,not_as_described,Item is not what the listing showed. Quality is poor. This keeps happening.,opportunist,,False,1
ALT02647,CUST01470,2215.64,1294,29,0,lost,none,dev_798b0757,addr_f6419405,27,not_as_described,"Received the wrong variant, this is not what I ordered.",honest,,False,0
ALT02648,CUST00373,8767.87,570,49,0,delivered,signed,dev_b89f72f3,addr_0b2f6d5c,14,not_as_described,Product does not match the description on your site.,honest,,False,1
ALT02649,CUST00396,771.98,84,17,4,in_transit,otp,dev_0f4e2726,addr_0a374f43,9,duplicate_charge,Duplicate debit of the same amount on the same day. I raised this before and got no response.,opportunist,,False,1
ALT02650,CUST01576,1689.3,535,16,4,in_transit,none,dev_a308f1ea,addr_41c1aee2,23,item_not_received,I have not received this package even after 23 days. The colour is nothing like the photos.,opportunist,,True,0
ALT02651,CUST00527,3921.32,1140,33,1,delivered,otp,dev_7f9ad277,addr_50e96888,45,item_not_received,I have not received this package even after 45 days.,honest,,False,1
ALT02652,CUST01791,1113.88,318,20,0,delivered,signed,dev_74d9d1f5,addr_eb04159c,16,not_as_described,Item is not what the listing showed. Quality is poor.,honest,,False,1
ALT02653,CUST00371,1904.14,166,4,4,delivered,otp,dev_81f25a73,addr_7a438217,36,item_not_received,Order never arrived. Tracking shows delivered but nothing reached me. I raised this before and got no response.,opportunist,,False,1
ALT02654,CUST01275,5515.52,436,29,1,delivered,signed,dev_bc75ed53,addr_d751af9c,15,not_as_described,Item is not what the listing showed. Quality is poor. Kindly help.,honest,,False,0
ALT02655,CUST00975,919.56,85,2,1,lost,none,dev_a510f7b4,addr_f11f1e97,18,unauthorised,"Unknown charge from your store, I never placed any order. Refund immediately.",ring,dropship,False,0
ALT02656,CUST00105,909.53,670,20,1,in_transit,none,dev_589decb0,addr_4690fb15,44,unauthorised,"Unknown charge from your store, I never placed any order. Kindly help.",honest,,False,0
ALT02657,CUST01698,2884.6,493,47,0,in_transit,otp,dev_69df14e9,addr_46707cd6,2,duplicate_charge,Two payments went out for a single purchase. Kindly help.,honest,,False,1
ALT02658,CUST01466,1826.95,211,3,3,delivered,otp,dev_75035829,addr_949e24ad,12,not_as_described,Item is not what the listing showed. Quality is poor.,opportunist,,False,0
ALT02659,CUST01542,1883.11,1049,26,1,delivered,otp,dev_d20f87d0,addr_260a5962,18,unauthorised,"Unknown charge from your store, I never placed any order. Kindly help.",honest,,False,1
ALT02660,CUST01432,3971.51,477,9,1,delivered,signed,dev_b69f68c3,addr_ff4c96d6,16,item_not_received,Nothing was delivered to my address. Please refund the amount. Kindly help.,honest,,False,1
ALT02661,CUST01056,2767.71,394,43,1,in_transit,none,dev_b241b95b,addr_b197aed1,8,duplicate_charge,Two payments went out for a single purchase.,honest,,False,0
ALT02662,CUST01617,3862.61,224,48,0,delivered,signed,dev_19ca9c1b,addr_dca1adcc,36,item_not_received,I have not received this package even after 36 days.,honest,,False,1
ALT02663,CUST01239,2081.61,557,9,4,delivered,signed,dev_1d447f41,addr_784fcb14,11,item_not_received,Order never arrived. Tracking shows delivered but nothing reached me.,opportunist,,False,1
ALT02664,CUST00096,1338.43,1173,22,1,delivered,otp,dev_052dfb9a,addr_4d950273,42,not_as_described,Product does not match the description on your site. Kindly help.,honest,,False,1
ALT02665,CUST01600,996.99,507,6,2,delivered,signed,dev_86cd6214,addr_6d7bba17,1,not_as_described,Item is not what the listing showed. Quality is poor. I raised this before and got no response.,opportunist,,False,1
ALT02666,CUST00686,1898.41,1176,42,0,delivered,otp,dev_4251d2f0,addr_69fb2fe6,12,duplicate_charge,Two payments went out for a single purchase.,honest,,False,1
ALT02667,CUST01273,1669.22,337,19,3,delivered,signed,dev_a674dd6b,addr_af5db99c,33,not_as_described,"Received the wrong variant, this is not what I ordered. This keeps happening.",opportunist,,False,1
ALT02668,CUST00275,1016.49,524,7,1,delivered,otp,dev_ea041d0b,addr_eaacabb4,42,duplicate_charge,"Charged twice for the same order, please reverse one debit. This keeps happening.",opportunist,,False,1
ALT02669,CUST01410,835.45,1338,46,0,delivered,signed,dev_cadcc10f,addr_8862036f,25,item_not_received,I have not received this package even after 25 days. Kindly help.,honest,,False,1
ALT02670,CUST01781,3499.58,586,49,0,in_transit,otp,dev_9261549d,addr_c68a152f,37,item_not_received,I have not received this package even after 37 days. Kindly help.,honest,,False,1
ALT02671,CUST01540,6937.15,359,13,0,in_transit,none,dev_71efe72a,addr_dc3f42e0,3,not_as_described,Product does not match the description on your site. Kindly help.,honest,,False,0
ALT02672,CUST01146,755.95,768,42,1,delivered,otp,dev_5a29fe6b,addr_9ceab67b,45,not_as_described,Product does not match the description on your site.,honest,,False,1
ALT02673,CUST00914,5317.76,1020,36,0,delivered,signed,dev_afbb411a,addr_26d794d3,4,unauthorised,"This charge is not mine, my card was used without permission. Kindly help.",honest,,False,1
ALT02674,CUST00309,7684.89,578,20,3,lost,none,dev_89cb09aa,addr_17e6ae99,6,item_not_received,Nothing was delivered to my address. Please refund the amount. This keeps happening.,opportunist,,False,0
ALT02675,CUST00649,5047.89,1500,47,1,delivered,otp,dev_d9a09007,addr_65d0b517,11,item_not_received,Order never arrived. Tracking shows delivered but nothing reached me.,honest,,False,1
ALT02676,CUST01516,2010.31,458,14,1,delivered,otp,dev_44725ab7,addr_c70c15e3,10,not_as_described,Item is not what the listing showed. Quality is poor.,honest,,False,0
ALT02677,CUST01119,5579.82,17,1,2,delivered,signed,dev_f4a985b0,addr_9ef17e4f,31,not_as_described,"Received the wrong variant, this is not what I ordered. Refund immediately.",ring,tight,False,0
ALT02678,CUST00139,6123.53,624,44,1,in_transit,none,dev_69fe99a9,addr_557368cf,24,unauthorised,"This charge is not mine, my card was used without permission. Kindly help.",honest,,False,0
ALT02679,CUST01207,873.7,1207,17,1,delivered,signed,dev_7df77791,addr_c4ca00d7,15,duplicate_charge,Two payments went out for a single purchase.,honest,,False,1
ALT02680,CUST00701,1592.11,190,15,2,in_transit,none,dev_b6448d24,addr_b8e0c2e1,24,item_not_received,Order never arrived. Tracking shows delivered but nothing reached me.,opportunist,,False,0
ALT02681,CUST00009,4337.94,897,10,1,delivered,otp,dev_d8867545,addr_6aed979f,33,not_as_described,Product does not match the description on your site.,honest,,False,0
ALT02682,CUST00752,1833.47,938,5,1,delivered,otp,dev_166ecfe3,addr_7af6cd41,25,item_not_received,Nothing was delivered to my address. Please refund the amount. Kindly help.,honest,,False,1
ALT02683,CUST01606,4235.71,463,11,1,in_transit,none,dev_fc9e1dcb,addr_24eeb4a6,22,item_not_received,I have not received this package even after 22 days. Kindly help.,honest,,False,0
ALT02684,CUST01240,469.69,1490,30,1,delivered,none,dev_50ffde64,addr_d926fe41,18,item_not_received,"Nothing was delivered to my address. Please refund the amount. The size is wrong, I want to send it back.",honest,,True,0
ALT02685,CUST01339,1328.73,414,17,2,delivered,otp,dev_be1924aa,addr_63db0dea,35,item_not_received,Nothing was delivered to my address. Please refund the amount. I raised this before and got no response.,opportunist,,False,0
ALT02686,CUST01671,3025.04,1491,19,0,lost,none,dev_b509109b,addr_02571851,3,unauthorised,"This charge is not mine, my card was used without permission.",honest,,False,0
ALT02687,CUST00772,3628.84,1212,12,0,in_transit,otp,dev_b6ac1c8e,addr_c83924d7,18,item_not_received,I have not received this package even after 18 days.,honest,,False,1
ALT02688,CUST00104,3130.56,490,38,1,in_transit,none,dev_16a46b83,addr_c74d8df0,6,unauthorised,"This charge is not mine, my card was used without permission.",honest,,False,0
ALT02689,CUST00403,1814.55,1011,37,1,delivered,signed,dev_3c5bf3a7,addr_fe9936a3,41,not_as_described,Item is not what the listing showed. Quality is poor. Kindly help.,honest,,False,1
ALT02690,CUST01438,4637.36,1403,47,0,delivered,signed,dev_7ab99428,addr_553d2625,23,item_not_received,I have not received this package even after 23 days.,honest,,False,1
ALT02691,CUST01513,971.43,855,18,1,in_transit,otp,dev_501ba851,addr_dd34aa18,17,not_as_described,Product does not match the description on your site.,honest,,False,1
ALT02692,CUST00878,939.4,584,3,3,in_transit,otp,dev_46281fb8,addr_198493ce,34,item_not_received,I have not received this package even after 34 days.,opportunist,,False,0
ALT02693,CUST00561,2999.32,694,31,1,delivered,otp,dev_b63b4dc3,addr_046a0df5,41,duplicate_charge,Two payments went out for a single purchase.,honest,,False,1
ALT02694,CUST01486,889.21,1011,41,0,in_transit,none,dev_d500c147,addr_31ab0158,31,not_as_described,"Received the wrong variant, this is not what I ordered.",honest,,False,0
ALT02695,CUST01451,9520.33,243,8,4,delivered,otp,dev_d59042df,addr_ce65050b,11,item_not_received,Order never arrived. Tracking shows delivered but nothing reached me. I raised this before and got no response.,opportunist,,False,1
ALT02696,CUST01153,4328.95,367,10,0,in_transit,none,dev_214bd473,addr_36fc1c46,45,item_not_received,Order never arrived. Tracking shows delivered but nothing reached me. Kindly help.,honest,,False,0
ALT02697,CUST01425,1359.61,495,13,0,in_transit,otp,dev_5fcf3219,addr_997c0dc9,19,item_not_received,I have not received this package even after 19 days.,honest,,False,1
ALT02698,CUST00928,4557.81,386,18,4,lost,none,dev_f90c9f84,addr_88a5316f,24,not_as_described,"Received the wrong variant, this is not what I ordered.",opportunist,,False,0
ALT02699,CUST01503,1648.05,77,9,3,lost,none,dev_c7a9ff30,addr_87e719e2,25,not_as_described,Product does not match the description on your site. This keeps happening.,opportunist,,False,0
ALT02700,CUST01715,776.81,494,44,1,delivered,signed,dev_e9b14c76,addr_645f273c,44,item_not_received,I have not received this package even after 44 days.,honest,,False,1
ALT02701,CUST01337,1579.24,935,10,1,delivered,none,dev_a64a1fe8,addr_633098ed,29,unauthorised,"This charge is not mine, my card was used without permission.",honest,,False,0
ALT02702,CUST01473,2897.65,810,48,1,delivered,signed,dev_243113fd,addr_0ab1a504,26,item_not_received,Order never arrived. Tracking shows delivered but nothing reached me. The box was torn when I opened it. Kindly help.,honest,,True,0
ALT02703,CUST01374,1664.44,548,8,3,in_transit,none,dev_1993edfe,addr_b2e33ad9,42,item_not_received,Order never arrived. Tracking shows delivered but nothing reached me.,opportunist,,False,0
ALT02704,CUST01005,1330.15,347,26,0,delivered,signed,dev_b7014925,addr_321a6d71,34,not_as_described,Product does not match the description on your site.,honest,,False,1
ALT02705,CUST01215,1712.48,369,36,1,delivered,otp,dev_f94d8fcb,addr_eb4d8f42,24,item_not_received,Order never arrived. Tracking shows delivered but nothing reached me.,honest,,False,0
ALT02706,CUST00010,1168.0,289,15,1,delivered,otp,dev_266c47fb,addr_de6ae459,45,not_as_described,"Received the wrong variant, this is not what I ordered. Kindly help.",honest,,False,1
ALT02707,CUST00348,1829.31,1461,24,1,delivered,otp,dev_542060ce,addr_1ad74fd4,15,unauthorised,"Unknown charge from your store, I never placed any order.",honest,,False,0
ALT02708,CUST00071,812.07,679,41,1,in_transit,otp,dev_d18183d1,addr_3ca5be29,25,item_not_received,I have not received this package even after 25 days.,honest,,False,1
ALT02709,CUST01763,10378.2,1009,43,0,lost,none,dev_01f7c7ec,addr_4169b9fc,3,item_not_received,I have not received this package even after 3 days.,honest,,False,0
ALT02710,CUST00113,1364.53,15,2,0,delivered,otp,dev_2d5f4dd3,addr_9268b5df,37,item_not_received,Order never arrived. Tracking shows delivered but nothing reached me.,ring,household,False,1
ALT02711,CUST00161,4477.74,495,37,0,delivered,signed,dev_752caa97,addr_8775cabf,17,duplicate_charge,Two payments went out for a single purchase.,honest,,False,1
ALT02712,CUST00515,2638.72,305,23,1,delivered,signed,dev_5a057c11,addr_36760ce5,21,not_as_described,Item is not what the listing showed. Quality is poor. Kindly help.,honest,,False,0
ALT02713,CUST00592,956.37,542,10,0,delivered,otp,dev_38749f3c,addr_085eb489,5,item_not_received,Nothing was delivered to my address. Please refund the amount.,honest,,False,1
ALT02714,CUST00518,1881.79,1133,24,1,delivered,otp,dev_7875b1c7,addr_f28bf846,21,not_as_described,"Received the wrong variant, this is not what I ordered. Kindly help.",honest,,False,1
ALT02715,CUST01801,6088.43,894,8,1,delivered,otp,dev_0af5e4a9,addr_1e4182bb,6,not_as_described,"Received the wrong variant, this is not what I ordered.",honest,,False,0
ALT02716,CUST00813,1494.12,1180,35,0,in_transit,otp,dev_973e129c,addr_6930b0c4,40,not_as_described,Item is not what the listing showed. Quality is poor. Kindly help.,honest,,False,0
ALT02717,CUST00416,881.95,802,44,0,in_transit,none,dev_e7574997,addr_a566e884,37,not_as_described,Product does not match the description on your site. Kindly help.,honest,,False,1
ALT02718,CUST01100,3511.92,166,4,3,delivered,signed,dev_bc775a20,addr_1533fe82,35,not_as_described,Product does not match the description on your site. I raised this before and got no response.,opportunist,,False,0
ALT02719,CUST00094,348.68,1084,23,1,delivered,otp,dev_25e42403,addr_560f1e2d,8,unauthorised,I did not authorise this transaction on my card.,honest,,False,1
ALT02720,CUST01762,1744.26,865,48,1,delivered,otp,dev_141283fb,addr_9d1911a5,27,not_as_described,Product does not match the description on your site.,honest,,False,0
ALT02721,CUST00805,6618.23,847,32,0,in_transit,none,dev_013ca998,addr_6fa5d3b0,35,not_as_described,Item is not what the listing showed. Quality is poor.,honest,,False,0
ALT02722,CUST01075,1794.34,524,6,1,in_transit,otp,dev_08a43ec0,addr_9696e833,8,not_as_described,"Received the wrong variant, this is not what I ordered. I raised this before and got no response.",opportunist,,False,0
ALT02723,CUST01156,9608.49,829,26,1,in_transit,none,dev_278e2f60,addr_b1299cb7,4,not_as_described,Item is not what the listing showed. Quality is poor.,honest,,False,0
ALT02724,CUST01341,629.26,1083,38,1,lost,none,dev_87a20e22,addr_cd638ba8,32,unauthorised,"Unknown charge from your store, I never placed any order. Kindly help.",honest,,False,0
ALT02725,CUST00640,1184.08,1460,42,0,in_transit,none,dev_3e11bafe,addr_87f255d6,9,unauthorised,"Unknown charge from your store, I never placed any order. Kindly help.",honest,,False,0
ALT02726,CUST00930,1249.71,564,14,3,delivered,none,dev_6424fa05,addr_d0411dec,24,item_not_received,I have not received this package even after 24 days. I raised this before and got no response.,opportunist,,False,0
ALT02727,CUST01497,760.94,468,38,0,in_transit,none,dev_075072d6,addr_a9de5b26,20,item_not_received,I have not received this package even after 20 days. Kindly help.,honest,,False,0
ALT02728,CUST00374,2250.89,1203,38,1,delivered,signed,dev_0c90e028,addr_b7c4b3ee,27,item_not_received,Nothing was delivered to my address. Please refund the amount.,honest,,False,1
ALT02729,CUST01388,1762.03,1016,37,1,delivered,otp,dev_2286e3f8,addr_8f2e08d3,9,item_not_received,Order never arrived. Tracking shows delivered but nothing reached me. Kindly help.,honest,,False,1
ALT02730,CUST01102,1926.71,420,11,1,delivered,signed,dev_1585665d,addr_556ff3c1,42,item_not_received,Order never arrived. Tracking shows delivered but nothing reached me. This keeps happening.,opportunist,,False,1
ALT02731,CUST00560,5329.64,941,43,0,in_transit,none,dev_a93e7b5b,addr_1d03c3d5,19,item_not_received,I have not received this package even after 19 days.,honest,,False,1
ALT02732,CUST00999,1932.69,533,13,1,delivered,signed,dev_38a8ab55,addr_b58194e0,39,duplicate_charge,Duplicate debit of the same amount on the same day.,opportunist,,False,1
ALT02733,CUST01750,816.04,73,1,2,delivered,none,dev_f4a985b0,addr_9ef17e4f,30,unauthorised,"This charge is not mine, my card was used without permission. The box was torn when I opened it. Refund immediately.",ring,tight,True,0
ALT02734,CUST01613,15257.86,564,21,0,delivered,signed,dev_4236c0bf,addr_63561add,30,not_as_described,Item is not what the listing showed. Quality is poor. Kindly help.,honest,,False,1
ALT02735,CUST01141,1934.05,541,6,2,delivered,otp,dev_de94da10,addr_6c1fb2fc,16,unauthorised,"Unknown charge from your store, I never placed any order. This keeps happening.",opportunist,,False,1
ALT02736,CUST00451,1628.37,566,14,2,in_transit,otp,dev_640b7b85,addr_69eb337c,28,not_as_described,Item is not what the listing showed. Quality is poor. I raised this before and got no response.,opportunist,,False,0
ALT02737,CUST00260,9111.34,213,5,0,in_transit,otp,dev_ed174fdd,addr_48a2a172,23,not_as_described,Item is not what the listing showed. Quality is poor.,honest,,False,1
ALT02738,CUST00656,1713.57,276,3,4,delivered,none,dev_4514c416,addr_2448ef43,7,item_not_received,Nothing was delivered to my address. Please refund the amount.,opportunist,,False,0
ALT02739,CUST01188,1556.58,1413,10,0,delivered,otp,dev_de72d970,addr_1d4dfdb1,9,unauthorised,"This charge is not mine, my card was used without permission. Kindly help.",honest,,False,0
ALT02740,CUST00104,1252.49,490,38,1,in_transit,none,dev_16a46b83,addr_c74d8df0,23,duplicate_charge,Duplicate debit of the same amount on the same day.,honest,,False,0
ALT02741,CUST00425,1184.38,620,40,0,in_transit,none,dev_aa61b32f,addr_fa5fafdb,15,unauthorised,"This charge is not mine, my card was used without permission.",honest,,False,0
ALT02742,CUST00967,593.95,321,6,0,delivered,otp,dev_eacf33a9,addr_c63ce21d,42,duplicate_charge,Duplicate debit of the same amount on the same day.,honest,,False,0
ALT02743,CUST00589,1396.31,623,18,0,in_transit,none,dev_91f0647d,addr_88438de2,14,not_as_described,Item is not what the listing showed. Quality is poor. Kindly help.,honest,,False,0
ALT02744,CUST01771,1239.74,1180,30,1,delivered,signed,dev_afa415e5,addr_e8e22743,8,not_as_described,Item is not what the listing showed. Quality is poor.,honest,,False,1
ALT02745,CUST00709,200.0,474,37,1,delivered,otp,dev_45d8a6ad,addr_cf0e6d2b,21,unauthorised,"This charge is not mine, my card was used without permission.",honest,,False,0
ALT02746,CUST00172,397.53,1351,31,1,in_transit,none,dev_2253e706,addr_3e2bf9c9,44,item_not_received,Order never arrived. Tracking shows delivered but nothing reached me. Kindly help.,honest,,False,0
ALT02747,CUST00801,200.0,1169,40,1,in_transit,none,dev_54aebd1b,addr_b3ee4d3b,21,unauthorised,I did not authorise this transaction on my card. Kindly help.,honest,,False,0
ALT02748,CUST00565,1822.91,1467,39,0,in_transit,none,dev_8591a818,addr_c0249b51,17,item_not_received,I have not received this package even after 17 days.,honest,,False,0
ALT02749,CUST00514,7191.61,1377,9,0,delivered,signed,dev_f8ede0ca,addr_a4704d48,27,unauthorised,I did not authorise this transaction on my card.,honest,,False,1
ALT02750,CUST01413,675.99,1095,10,1,in_transit,none,dev_4ce6929f,addr_fbf3a106,1,duplicate_charge,Two payments went out for a single purchase. Kindly help.,honest,,False,0
ALT02751,CUST00307,2144.44,1137,11,0,in_transit,otp,dev_4dfe1117,addr_f2e61828,29,item_not_received,I have not received this package even after 29 days.,honest,,False,1
ALT02752,CUST00945,1787.68,382,34,0,delivered,otp,dev_da119684,addr_0cbe938d,29,not_as_described,Product does not match the description on your site.,honest,,False,0
ALT02753,CUST00217,1793.41,249,19,4,delivered,none,dev_bd350d2a,addr_3d162ab9,24,item_not_received,Nothing was delivered to my address. Please refund the amount. I raised this before and got no response.,opportunist,,False,0
ALT02754,CUST00433,3761.68,472,3,4,delivered,signed,dev_0de9a283,addr_1b678ec1,28,not_as_described,"Received the wrong variant, this is not what I ordered. I raised this before and got no response.",opportunist,,False,1
ALT02755,CUST00580,885.61,527,25,1,delivered,otp,dev_28caaa1d,addr_7781321e,11,item_not_received,I have not received this package even after 11 days. Kindly help.,honest,,False,1
ALT02756,CUST00056,2454.96,585,40,1,delivered,signed,dev_6acff20f,addr_2023fd4b,14,not_as_described,Item is not what the listing showed. Quality is poor. Kindly help.,honest,,False,1
ALT02757,CUST00587,1018.54,1000,42,0,in_transit,none,dev_3d175712,addr_3e9639ba,43,not_as_described,Product does not match the description on your site.,honest,,False,0
ALT02758,CUST01684,13240.7,802,8,1,in_transit,none,dev_f7c8435f,addr_fa8bd601,27,item_not_received,Order never arrived. Tracking shows delivered but nothing reached me.,honest,,False,0
ALT02759,CUST00640,1677.47,1460,42,0,delivered,signed,dev_3e11bafe,addr_87f255d6,5,duplicate_charge,"Charged twice for the same order, please reverse one debit. Kindly help.",honest,,False,0
ALT02760,CUST01726,824.97,820,44,0,lost,none,dev_c29a988f,addr_774d34f5,44,not_as_described,"Received the wrong variant, this is not what I ordered. Kindly help.",honest,,False,0
ALT02761,CUST01673,3550.46,423,15,1,delivered,none,dev_25e050f6,addr_05cf079e,27,not_as_described,Item is not what the listing showed. Quality is poor. Kindly help.,honest,,False,1
ALT02762,CUST01575,237.72,1261,23,1,lost,none,dev_c75ff368,addr_697878c1,15,item_not_received,Order never arrived. Tracking shows delivered but nothing reached me.,honest,,False,0
ALT02763,CUST01166,773.08,967,19,0,in_transit,none,dev_25637cc3,addr_09ce3cfb,34,unauthorised,I did not authorise this transaction on my card.,honest,,False,0
ALT02764,CUST01154,4983.67,15,3,0,delivered,none,dev_e9d0c2ec,addr_04eb1694,6,item_not_received,I have not received this package even after 6 days. Refund immediately.,ring,household,False,1
ALT02765,CUST01203,758.0,1438,50,1,delivered,otp,dev_d90949aa,addr_9f8ceda5,42,item_not_received,I have not received this package even after 42 days.,honest,,False,1
ALT02766,CUST00092,4112.81,1480,33,0,delivered,signed,dev_341c6494,addr_8c99a894,20,duplicate_charge,"Charged twice for the same order, please reverse one debit.",honest,,False,1
ALT02767,CUST01267,5311.73,898,15,1,in_transit,none,dev_98a21f1c,addr_e222b6a6,5,item_not_received,Order never arrived. Tracking shows delivered but nothing reached me.,honest,,False,0
ALT02768,CUST01209,8344.14,1439,46,1,delivered,signed,dev_f72cb6c8,addr_69fb2fe6,13,not_as_described,Product does not match the description on your site.,honest,,False,1
ALT02769,CUST00637,814.06,806,19,1,in_transit,none,dev_2defe193,addr_88bd13d1,39,not_as_described,Item is not what the listing showed. Quality is poor. Kindly help.,honest,,False,0
ALT02770,CUST01306,1129.61,811,41,0,delivered,signed,dev_1974fb71,addr_2f54f0e5,43,duplicate_charge,Duplicate debit of the same amount on the same day.,honest,,False,1
ALT02771,CUST00272,4735.83,1475,14,0,delivered,signed,dev_86dc4e34,addr_4165964c,44,unauthorised,I did not authorise this transaction on my card. Kindly help.,honest,,False,1
ALT02772,CUST00111,5771.5,308,14,2,lost,none,dev_74b0b243,addr_68f0e5f2,14,not_as_described,"Received the wrong variant, this is not what I ordered. I raised this before and got no response.",opportunist,,False,0
ALT02773,CUST00825,1268.54,74,1,2,delivered,otp,dev_3f086a9e,addr_243191eb,29,item_not_received,I have not received this package even after 29 days. Refund immediately.,ring,tight,False,1
ALT02774,CUST00882,564.35,552,45,0,lost,none,dev_e797f3ae,addr_18e824e9,20,not_as_described,"Received the wrong variant, this is not what I ordered. Kindly help.",honest,,False,1
ALT02775,CUST01678,749.42,67,0,3,delivered,none,dev_c37637d6,addr_a057c558,14,unauthorised,"Unknown charge from your store, I never placed any order. Reverse this now.",ring,tight,False,1
ALT02776,CUST00729,1892.78,338,5,4,lost,none,dev_363cbc32,addr_646d2e33,21,item_not_received,Order never arrived. Tracking shows delivered but nothing reached me. This keeps happening.,opportunist,,False,0
ALT02777,CUST00976,764.94,987,35,0,in_transit,none,dev_3cb98350,addr_92698698,37,not_as_described,Item is not what the listing showed. Quality is poor.,honest,,False,0
ALT02778,CUST00670,1877.62,557,34,0,delivered,otp,dev_75c72fb6,addr_b0701a53,41,not_as_described,Product does not match the description on your site.,honest,,False,1
ALT02779,CUST01106,1865.97,762,33,1,in_transit,none,dev_96e83922,addr_f2deb798,11,not_as_described,Item is not what the listing showed. Quality is poor. Kindly help.,honest,,False,0
ALT02780,CUST01396,2458.65,472,11,2,delivered,signed,dev_27051d96,addr_2da6b974,44,unauthorised,"This charge is not mine, my card was used without permission. I raised this before and got no response.",opportunist,,False,1
ALT02781,CUST00215,1482.13,365,36,1,delivered,signed,dev_2d445af8,addr_a26e865b,39,duplicate_charge,"Charged twice for the same order, please reverse one debit. Kindly help.",honest,,False,1
ALT02782,CUST00098,3890.64,24,1,3,lost,none,dev_68e0c800,addr_72557e4e,26,unauthorised,"Unknown charge from your store, I never placed any order. Reverse this now.",ring,household,False,0
ALT02783,CUST01064,3609.35,286,24,1,delivered,none,dev_bd673458,addr_397a284f,40,duplicate_charge,Two payments went out for a single purchase.,honest,,False,0
ALT02784,CUST01237,7301.93,225,50,0,in_transit,none,dev_b3957a98,addr_29f0ef7c,2,item_not_received,Order never arrived. Tracking shows delivered but nothing reached me. Kindly help.,honest,,False,0
ALT02785,CUST00874,1463.37,1389,45,0,delivered,signed,dev_c1cfd878,addr_a92f85fe,15,unauthorised,I did not authorise this transaction on my card. Kindly help.,honest,,False,0
ALT02786,CUST01106,1316.72,762,33,1,in_transit,otp,dev_96e83922,addr_f2deb798,45,item_not_received,Nothing was delivered to my address. Please refund the amount.,honest,,False,0
ALT02787,CUST01115,3654.27,28,1,0,delivered,signed,dev_f0d1fa72,addr_4a9b37f0,18,unauthorised,I did not authorise this transaction on my card. Reverse this now.,ring,tight,False,0
ALT02788,CUST01705,2366.31,862,33,0,in_transit,none,dev_2dcafc82,addr_74661e6f,32,item_not_received,Nothing was delivered to my address. Please refund the amount. Kindly help.,honest,,False,1
ALT02789,CUST01128,1899.1,293,13,3,in_transit,none,dev_b8d11a8f,addr_67f3e4bf,44,item_not_received,I have not received this package even after 44 days.,opportunist,,False,0
ALT02790,CUST00196,2138.35,1138,44,0,delivered,signed,dev_43e42caf,addr_eeea163e,41,item_not_received,I have not received this package even after 41 days.,honest,,False,1
ALT02791,CUST00442,10852.37,1329,21,1,delivered,signed,dev_260ccfb4,addr_647ac591,26,unauthorised,"Unknown charge from your store, I never placed any order.",honest,,False,1
ALT02792,CUST00596,5071.34,968,49,0,in_transit,none,dev_c7195dd0,addr_a67ac70a,12,not_as_described,Item is not what the listing showed. Quality is poor.,honest,,False,0
ALT02793,CUST00093,2280.12,1290,50,0,delivered,signed,dev_ce6322b6,addr_12738a23,28,not_as_described,Item is not what the listing showed. Quality is poor.,honest,,False,0
ALT02794,CUST01707,1750.27,431,7,1,delivered,otp,dev_e39836bb,addr_3d9c4e64,16,not_as_described,Product does not match the description on your site.,honest,,False,1
ALT02795,CUST00995,392.27,289,23,0,delivered,signed,dev_189099c9,addr_88802d4d,45,not_as_described,Item is not what the listing showed. Quality is poor. Kindly help.,honest,,False,1
ALT02796,CUST00011,13299.71,39,3,2,delivered,otp,dev_6cacf6d9,addr_04eb1694,6,unauthorised,"This charge is not mine, my card was used without permission.",ring,household,False,1
ALT02797,CUST01681,2274.78,410,5,0,in_transit,none,dev_d73d52ba,addr_824723c3,20,duplicate_charge,Two payments went out for a single purchase.,honest,,False,0
ALT02798,CUST01605,12056.06,1169,40,0,in_transit,none,dev_154ff37d,addr_27c00f89,31,duplicate_charge,Two payments went out for a single purchase.,honest,,False,0
ALT02799,CUST00640,3120.41,1460,42,0,delivered,otp,dev_3e11bafe,addr_87f255d6,8,not_as_described,"Received the wrong variant, this is not what I ordered. Kindly help.",honest,,False,1
ALT02800,CUST00119,974.96,31,0,0,in_transit,none,dev_51ffdef6,addr_b6caf840,29,unauthorised,I did not authorise this transaction on my card. The colour is nothing like the photos.,ring,tight,True,0
ALT02801,CUST01728,878.78,313,45,0,delivered,signed,dev_570e5af5,addr_d757ad38,34,item_not_received,I have not received this package even after 34 days. The box was torn when I opened it.,honest,,True,0
ALT02802,CUST01714,2993.1,430,14,1,delivered,signed,dev_7f5d21f2,addr_ec344cf0,1,not_as_described,"Received the wrong variant, this is not what I ordered. Kindly help.",honest,,False,1
ALT02803,CUST01782,2602.82,1464,9,0,in_transit,none,dev_ebc2026f,addr_ff574e2b,45,item_not_received,Order never arrived. Tracking shows delivered but nothing reached me. It stopped working after two days of use.,honest,,True,0
ALT02804,CUST01456,1555.74,490,15,1,delivered,signed,dev_5acc616d,addr_4cfa4f8a,3,item_not_received,I have not received this package even after 3 days. This keeps happening.,opportunist,,False,1
ALT02805,CUST00709,1269.73,474,37,1,in_transit,none,dev_45d8a6ad,addr_cf0e6d2b,14,item_not_received,I have not received this package even after 14 days. Kindly help.,honest,,False,0
ALT02806,CUST00054,2211.39,1281,5,1,in_transit,otp,dev_ef15ab72,addr_b7f60cdf,6,item_not_received,Order never arrived. Tracking shows delivered but nothing reached me.,honest,,False,1
ALT02807,CUST00959,3141.82,401,12,0,in_transit,none,dev_5c387c2a,addr_8bc85d37,27,unauthorised,I did not authorise this transaction on my card.,honest,,False,0
ALT02808,CUST00196,2484.55,1138,44,0,delivered,otp,dev_43e42caf,addr_eeea163e,11,duplicate_charge,Two payments went out for a single purchase.,honest,,False,1
ALT02809,CUST01596,877.25,1167,17,0,delivered,signed,dev_4c610ae8,addr_daaf7529,20,not_as_described,"Received the wrong variant, this is not what I ordered. Kindly help.",honest,,False,1
ALT02810,CUST01652,5643.97,306,26,0,lost,none,dev_cf5285f7,addr_015f566c,42,item_not_received,Nothing was delivered to my address. Please refund the amount.,honest,,False,0
ALT02811,CUST00739,1776.08,382,42,0,in_transit,none,dev_82ab23a0,addr_d8feb8de,34,item_not_received,Order never arrived. Tracking shows delivered but nothing reached me. Kindly help.,honest,,False,1
ALT02812,CUST00701,1773.33,190,15,2,delivered,signed,dev_b6448d24,addr_b8e0c2e1,34,item_not_received,I have not received this package even after 34 days. I raised this before and got no response.,opportunist,,False,1
ALT02813,CUST00127,3629.97,624,19,0,delivered,otp,dev_3c00a0f0,addr_37f5c238,29,item_not_received,Nothing was delivered to my address. Please refund the amount.,honest,,False,1
ALT02814,CUST01145,1612.12,231,18,0,delivered,signed,dev_345af934,addr_ea45ba41,29,item_not_received,Order never arrived. Tracking shows delivered but nothing reached me.,honest,,False,1
ALT02815,CUST01044,1583.33,529,3,3,delivered,signed,dev_7bfeadd1,addr_fa87fba5,6,unauthorised,I did not authorise this transaction on my card. This keeps happening.,opportunist,,False,1
ALT02816,CUST00281,618.52,362,6,1,delivered,otp,dev_6c5a6c93,addr_c6b33fe6,45,item_not_received,Order never arrived. Tracking shows delivered but nothing reached me.,honest,,False,0
ALT02817,CUST00739,6560.35,382,42,0,delivered,otp,dev_82ab23a0,addr_d8feb8de,13,item_not_received,Order never arrived. Tracking shows delivered but nothing reached me.,honest,,False,1
ALT02818,CUST01093,750.32,948,27,0,delivered,none,dev_521be8c2,addr_4e089bb4,24,not_as_described,Item is not what the listing showed. Quality is poor.,honest,,False,0
ALT02819,CUST00084,3899.15,1235,35,1,delivered,signed,dev_de9205ea,addr_7ddca413,41,not_as_described,"Received the wrong variant, this is not what I ordered.",honest,,False,1
ALT02820,CUST01472,948.36,201,6,4,delivered,signed,dev_e74f232b,addr_0ed40264,35,item_not_received,Nothing was delivered to my address. Please refund the amount. I raised this before and got no response.,opportunist,,False,1
ALT02821,CUST01044,1976.71,529,3,3,delivered,none,dev_7bfeadd1,addr_fa87fba5,6,not_as_described,Item is not what the listing showed. Quality is poor. I raised this before and got no response.,opportunist,,False,0
ALT02822,CUST01511,2730.16,1363,13,0,delivered,signed,dev_61bba5fb,addr_8dca3908,35,not_as_described,Item is not what the listing showed. Quality is poor. Kindly help.,honest,,False,1
ALT02823,CUST01346,1566.17,227,8,1,delivered,otp,dev_c2ac0d6d,addr_71757228,7,duplicate_charge,Two payments went out for a single purchase. This keeps happening.,opportunist,,False,1
ALT02824,CUST00833,2767.34,588,5,0,in_transit,otp,dev_5fcf5c22,addr_be006ccb,45,not_as_described,"Received the wrong variant, this is not what I ordered.",honest,,False,0
ALT02825,CUST00852,1781.68,503,6,3,lost,none,dev_a046d4d3,addr_961a9968,22,not_as_described,Item is not what the listing showed. Quality is poor.,opportunist,,False,0
ALT02826,CUST00991,3822.84,448,34,0,delivered,signed,dev_cd29a36f,addr_986f9025,28,item_not_received,I have not received this package even after 28 days.,honest,,False,1
ALT02827,CUST01553,2245.03,947,30,1,in_transit,none,dev_7362f9b7,addr_9247e851,10,item_not_received,I have not received this package even after 10 days. Kindly help.,honest,,False,0
ALT02828,CUST00716,2163.33,613,36,0,lost,none,dev_38749f3c,addr_49902258,33,item_not_received,I have not received this package even after 33 days. Kindly help.,honest,,False,0
ALT02829,CUST00278,6136.95,572,8,1,delivered,signed,dev_610cf373,addr_362f5e5c,40,item_not_received,Nothing was delivered to my address. Please refund the amount.,honest,,False,1
ALT02830,CUST01073,2799.57,431,20,4,delivered,otp,dev_f5264ea2,addr_596ed71c,33,item_not_received,Nothing was delivered to my address. Please refund the amount. This keeps happening.,opportunist,,False,1
ALT02831,CUST01794,2829.43,332,6,4,lost,none,dev_61f13c8c,addr_9a9303ea,22,item_not_received,Order never arrived. Tracking shows delivered but nothing reached me.,opportunist,,False,0
ALT02832,CUST01433,22969.79,486,39,1,in_transit,otp,dev_f50d7a37,addr_862138ad,2,not_as_described,Product does not match the description on your site. Kindly help.,honest,,False,1
ALT02833,CUST00821,1691.68,426,12,2,delivered,signed,dev_059167e1,addr_567f3096,34,not_as_described,"Received the wrong variant, this is not what I ordered. I raised this before and got no response.",opportunist,,False,1
ALT02834,CUST00277,1703.14,1013,18,1,delivered,signed,dev_8ebc6d7e,addr_2dc09158,21,not_as_described,Product does not match the description on your site.,honest,,False,1
ALT02835,CUST00268,1184.08,76,3,2,in_transit,none,dev_e755b655,addr_72557e4e,36,unauthorised,"Unknown charge from your store, I never placed any order. Refund immediately.",ring,household,False,0
ALT02836,CUST00829,1697.52,472,46,0,delivered,none,dev_9033da65,addr_2a038ad4,22,not_as_described,Item is not what the listing showed. Quality is poor.,honest,,False,0
ALT02837,CUST00006,1041.24,217,9,1,lost,none,dev_a90e319d,addr_1b9ec5f9,4,not_as_described,"Received the wrong variant, this is not what I ordered.",honest,,False,0
ALT02838,CUST00398,1418.7,1270,47,0,delivered,otp,dev_1e850f80,addr_65125d2e,45,item_not_received,I have not received this package even after 45 days.,honest,,False,1
ALT02839,CUST01412,2113.1,1063,45,1,delivered,none,dev_12439b0f,addr_2978cc73,12,duplicate_charge,"Charged twice for the same order, please reverse one debit.",honest,,False,0
ALT02840,CUST00350,1608.36,84,13,1,in_transit,none,dev_e414f2c5,addr_3faadfd6,27,not_as_described,"Received the wrong variant, this is not what I ordered.",opportunist,,False,0
ALT02841,CUST00580,1966.71,527,25,1,delivered,signed,dev_28caaa1d,addr_7781321e,8,unauthorised,I did not authorise this transaction on my card.,honest,,False,1
ALT02842,CUST01784,3398.08,203,20,4,delivered,signed,dev_663f730d,addr_fee91972,30,item_not_received,I have not received this package even after 30 days. This keeps happening.,opportunist,,False,1
ALT02843,CUST00680,2103.2,884,44,1,delivered,signed,dev_0b16dac4,addr_bd8bf603,6,unauthorised,I did not authorise this transaction on my card. Kindly help.,honest,,False,1
ALT02844,CUST01573,1766.34,454,15,1,delivered,signed,dev_74de5f70,addr_6d84414d,24,item_not_received,"Order never arrived. Tracking shows delivered but nothing reached me. The size is wrong, I want to send it back.",honest,,True,1
ALT02845,CUST01540,568.78,359,13,0,delivered,otp,dev_71efe72a,addr_dc3f42e0,43,duplicate_charge,Two payments went out for a single purchase.,honest,,False,1
ALT02846,CUST01201,7429.47,310,24,0,delivered,otp,dev_909e21ba,addr_b2a0f778,17,not_as_described,Product does not match the description on your site.,honest,,False,1
ALT02847,CUST00661,1546.08,1333,9,1,delivered,none,dev_792cad76,addr_58c58875,32,not_as_described,Product does not match the description on your site. Kindly help.,honest,,False,0
ALT02848,CUST01662,3868.16,1369,37,0,delivered,signed,dev_40767e21,addr_e272d7ca,30,item_not_received,I have not received this package even after 30 days.,honest,,False,1
ALT02849,CUST01333,1115.04,1446,31,1,delivered,otp,dev_2edff02e,addr_fc7aa2dc,31,duplicate_charge,Duplicate debit of the same amount on the same day.,honest,,False,0
ALT02850,CUST00099,2867.64,290,7,1,delivered,otp,dev_81145252,addr_64f22a7c,11,duplicate_charge,Two payments went out for a single purchase. Kindly help.,honest,,False,1
ALT02851,CUST00402,1789.0,411,38,1,lost,none,dev_c22ca6a8,addr_35b8726c,33,item_not_received,I have not received this package even after 33 days. It stopped working after two days of use.,honest,,True,0
ALT02852,CUST01521,3764.86,330,35,1,delivered,otp,dev_c72c1fe3,addr_1beaf6ac,25,unauthorised,I did not authorise this transaction on my card. Kindly help.,honest,,False,1
ALT02853,CUST00097,1741.35,973,41,1,lost,none,dev_7d05121c,addr_34b6685d,18,not_as_described,Item is not what the listing showed. Quality is poor.,honest,,False,0
ALT02854,CUST00861,1076.19,246,10,1,in_transit,none,dev_f526d3b0,addr_64f8f226,8,not_as_described,"Received the wrong variant, this is not what I ordered. Kindly help.",honest,,False,0
ALT02855,CUST01283,2182.04,1271,33,1,delivered,otp,dev_b11184e7,addr_98a547b2,39,duplicate_charge,"Charged twice for the same order, please reverse one debit.",honest,,False,0
ALT02856,CUST01062,2093.83,567,16,1,in_transit,otp,dev_0b961346,addr_b4522738,39,not_as_described,"Received the wrong variant, this is not what I ordered.",honest,,False,0
ALT02857,CUST00018,2710.95,576,6,0,delivered,otp,dev_ba4f4b03,addr_a97a4f4e,6,item_not_received,Order never arrived. Tracking shows delivered but nothing reached me.,honest,,False,1
ALT02858,CUST00337,4841.51,1333,23,0,delivered,signed,dev_8cc36f3b,addr_9c6d52d5,6,duplicate_charge,"Charged twice for the same order, please reverse one debit.",honest,,False,1
ALT02859,CUST00520,904.13,248,47,0,in_transit,none,dev_6601ddd0,addr_c5f8bc16,31,item_not_received,Nothing was delivered to my address. Please refund the amount.,honest,,False,0
ALT02860,CUST01308,1850.31,587,17,4,delivered,none,dev_0c6d5a71,addr_de2e7abc,26,item_not_received,Order never arrived. Tracking shows delivered but nothing reached me. I raised this before and got no response.,opportunist,,False,0
ALT02861,CUST00075,1601.03,1449,35,0,in_transit,none,dev_f5141058,addr_4c6a70f4,25,not_as_described,Product does not match the description on your site.,honest,,False,1
ALT02862,CUST00335,2498.69,978,11,1,delivered,signed,dev_d8f56413,addr_9a8dca03,6,item_not_received,Order never arrived. Tracking shows delivered but nothing reached me.,honest,,False,1
ALT02863,CUST00803,2305.28,878,28,1,delivered,otp,dev_9ace8631,addr_46a47588,11,unauthorised,I did not authorise this transaction on my card. Kindly help.,honest,,False,1
ALT02864,CUST00724,7834.81,1497,19,0,delivered,signed,dev_acd32f62,addr_c903cc1d,21,unauthorised,"This charge is not mine, my card was used without permission.",honest,,False,1
ALT02865,CUST01351,1086.25,1156,47,0,delivered,signed,dev_a3871e92,addr_52ca9ced,32,duplicate_charge,Duplicate debit of the same amount on the same day.,honest,,False,1
ALT02866,CUST00058,644.34,471,16,1,delivered,otp,dev_4d8e6d5e,addr_e88081f9,43,not_as_described,"Received the wrong variant, this is not what I ordered. I raised this before and got no response.",opportunist,,False,1
ALT02867,CUST00889,1608.99,156,7,2,delivered,signed,dev_a2070bf3,addr_9e0383d4,3,not_as_described,Product does not match the description on your site. This keeps happening.,opportunist,,False,1
ALT02868,CUST01096,3955.06,303,11,1,delivered,signed,dev_0dc5d42e,addr_6d2cdbf9,15,item_not_received,I have not received this package even after 15 days.,honest,,False,1
ALT02869,CUST01519,1957.84,19,0,2,delivered,signed,dev_f0d1fa72,addr_4a9b37f0,36,unauthorised,"This charge is not mine, my card was used without permission. Reverse this now.",ring,tight,False,0
ALT02870,CUST00030,346.72,1359,8,0,in_transit,none,dev_65c227c0,addr_f8b6bdee,23,not_as_described,Product does not match the description on your site.,honest,,False,1
ALT02871,CUST00804,1408.04,335,24,0,delivered,otp,dev_c12a34f4,addr_c8497436,11,unauthorised,"Unknown charge from your store, I never placed any order. It stopped working after two days of use.",honest,,True,0
ALT02872,CUST00797,1369.82,1241,40,0,delivered,signed,dev_57423882,addr_d34794cc,42,item_not_received,Nothing was delivered to my address. Please refund the amount.,honest,,False,1
ALT02873,CUST01794,1674.17,332,6,4,in_transit,none,dev_61f13c8c,addr_9a9303ea,23,unauthorised,"Unknown charge from your store, I never placed any order.",opportunist,,False,0
ALT02874,CUST00658,3319.13,1353,46,1,delivered,signed,dev_cbd5cc86,addr_d56ce8ea,18,item_not_received,I have not received this package even after 18 days. Kindly help.,honest,,False,1
ALT02875,CUST01209,2425.34,1439,46,1,delivered,otp,dev_f72cb6c8,addr_69fb2fe6,27,unauthorised,"This charge is not mine, my card was used without permission.",honest,,False,1
ALT02876,CUST00457,3730.31,950,28,1,delivered,none,dev_5ef787b8,addr_5df06e8c,23,not_as_described,"Received the wrong variant, this is not what I ordered.",honest,,False,1
ALT02877,CUST00349,1241.89,986,6,0,delivered,signed,dev_d399956c,addr_0b328c23,36,unauthorised,"This charge is not mine, my card was used without permission. Kindly help.",honest,,False,0
ALT02878,CUST01731,3143.9,1413,22,1,delivered,signed,dev_da09dfa0,addr_162f8a24,21,not_as_described,Item is not what the listing showed. Quality is poor.,honest,,False,1
ALT02879,CUST01206,907.27,867,29,1,in_transit,none,dev_64976593,addr_905881df,40,duplicate_charge,Duplicate debit of the same amount on the same day. Kindly help.,honest,,False,0
ALT02880,CUST01558,1091.62,1152,37,1,in_transit,none,dev_6d150b06,addr_77b16be3,11,not_as_described,Product does not match the description on your site.,honest,,False,0
ALT02881,CUST01016,247.77,13,1,2,delivered,none,dev_a4e60afd,addr_8e8ded45,37,duplicate_charge,"Charged twice for the same order, please reverse one debit.",ring,dropship,False,0
ALT02882,CUST01679,1700.99,1318,29,0,delivered,otp,dev_65a4c79b,addr_39bfca38,29,item_not_received,Order never arrived. Tracking shows delivered but nothing reached me. It stopped working after two days of use. Kindly help.,honest,,True,1
ALT02883,CUST01463,1402.34,353,35,1,delivered,signed,dev_b15516bc,addr_a65bb1f2,37,item_not_received,I have not received this package even after 37 days.,honest,,False,1
ALT02884,CUST01714,2510.59,430,14,1,delivered,signed,dev_7f5d21f2,addr_ec344cf0,13,unauthorised,"This charge is not mine, my card was used without permission. Kindly help.",honest,,False,1
ALT02885,CUST00507,20033.55,817,44,1,delivered,otp,dev_10d7a164,addr_ad74dd43,20,not_as_described,Product does not match the description on your site.,honest,,False,1
ALT02886,CUST01531,5807.52,1440,11,0,delivered,signed,dev_1e158e2f,addr_d3d877a8,10,not_as_described,"Received the wrong variant, this is not what I ordered.",honest,,False,1
ALT02887,CUST00418,4620.99,52,2,1,delivered,signed,dev_6af01106,addr_64907a63,39,item_not_received,Order never arrived. Tracking shows delivered but nothing reached me. Refund immediately.,ring,dropship,False,1
ALT02888,CUST00294,528.03,935,5,1,delivered,otp,dev_22f3f068,addr_d0b1fde0,39,duplicate_charge,Duplicate debit of the same amount on the same day.,honest,,False,1
ALT02889,CUST01416,3628.27,578,28,1,delivered,signed,dev_5e911b91,addr_721e5419,40,unauthorised,"This charge is not mine, my card was used without permission. The box was torn when I opened it.",honest,,True,1
ALT02890,CUST00414,3721.14,1437,41,0,lost,none,dev_8208fd42,addr_07f97d05,44,unauthorised,"This charge is not mine, my card was used without permission.",honest,,False,0
ALT02891,CUST00177,1590.19,167,16,1,delivered,signed,dev_602cf604,addr_bf86ad63,28,not_as_described,Product does not match the description on your site. This keeps happening.,opportunist,,False,1
ALT02892,CUST00407,5139.52,304,5,1,delivered,otp,dev_4684833e,addr_b1123048,4,not_as_described,Item is not what the listing showed. Quality is poor.,opportunist,,False,0
ALT02893,CUST01188,7099.84,1413,10,0,delivered,signed,dev_de72d970,addr_1d4dfdb1,27,unauthorised,"This charge is not mine, my card was used without permission.",honest,,False,0
ALT02894,CUST00491,1070.06,846,12,0,in_transit,none,dev_3108d448,addr_bd1531c8,30,item_not_received,I have not received this package even after 30 days.,honest,,False,0
ALT02895,CUST00677,3307.87,473,37,1,delivered,signed,dev_f3d5f737,addr_6c3786c2,33,item_not_received,Nothing was delivered to my address. Please refund the amount. It stopped working after two days of use.,honest,,True,1
ALT02896,CUST00733,1145.96,411,25,1,in_transit,none,dev_e1887eaf,addr_231ae7c7,7,unauthorised,"This charge is not mine, my card was used without permission. Kindly help.",honest,,False,0
ALT02897,CUST00418,8674.06,52,2,1,delivered,signed,dev_6af01106,addr_64907a63,4,item_not_received,Order never arrived. Tracking shows delivered but nothing reached me. Reverse this now.,ring,dropship,False,1
ALT02898,CUST00510,1097.99,383,14,1,delivered,none,dev_f3c1114d,addr_adb94a81,24,item_not_received,I have not received this package even after 24 days. Kindly help.,honest,,False,0
ALT02899,CUST01065,783.37,438,15,0,delivered,otp,dev_7c2c0791,addr_3e1cfa14,2,item_not_received,Order never arrived. Tracking shows delivered but nothing reached me.,honest,,False,1
ALT02900,CUST00283,1857.93,285,7,3,in_transit,none,dev_7f71eef6,addr_6e43b319,25,not_as_described,Product does not match the description on your site.,opportunist,,False,0
ALT02901,CUST01528,1779.29,1265,33,0,in_transit,none,dev_ae27d432,addr_7d23d479,33,item_not_received,Order never arrived. Tracking shows delivered but nothing reached me.,honest,,False,0
ALT02902,CUST00585,970.95,285,25,1,delivered,signed,dev_83f02dc7,addr_8b040f49,43,duplicate_charge,Two payments went out for a single purchase. Kindly help.,honest,,False,1
ALT02903,CUST01799,1529.66,944,22,1,in_transit,none,dev_b62a7941,addr_3f39562d,16,not_as_described,Item is not what the listing showed. Quality is poor. Kindly help.,honest,,False,0
ALT02904,CUST00577,3044.83,1042,8,1,delivered,otp,dev_ddb7570e,addr_3fead90a,11,unauthorised,I did not authorise this transaction on my card.,honest,,False,1
ALT02905,CUST01516,3052.79,458,14,1,in_transit,none,dev_44725ab7,addr_c70c15e3,33,duplicate_charge,Two payments went out for a single purchase.,honest,,False,0
ALT02906,CUST01573,1512.92,454,15,1,delivered,signed,dev_74de5f70,addr_6d84414d,17,item_not_received,Nothing was delivered to my address. Please refund the amount. Kindly help.,honest,,False,1
ALT02907,CUST01694,1107.51,1233,46,0,in_transit,none,dev_0a0537f0,addr_b526b22d,20,duplicate_charge,"Charged twice for the same order, please reverse one debit.",honest,,False,0
ALT02908,CUST01389,1748.76,27,2,2,in_transit,none,dev_8fd7dced,addr_72557e4e,5,unauthorised,"This charge is not mine, my card was used without permission. Refund immediately.",ring,household,False,0
ALT02909,CUST01345,6851.79,375,38,1,lost,none,dev_8ddce719,addr_785ac5d0,28,duplicate_charge,Two payments went out for a single purchase.,honest,,False,0
ALT02910,CUST00487,1651.28,490,16,4,in_transit,none,dev_8f14aac7,addr_e8273dee,17,item_not_received,"Nothing was delivered to my address. Please refund the amount. The size is wrong, I want to send it back. I raised this before and got no response.",opportunist,,True,0
ALT02911,CUST01102,1743.55,420,11,1,delivered,signed,dev_1585665d,addr_556ff3c1,5,unauthorised,I did not authorise this transaction on my card.,opportunist,,False,1
ALT02912,CUST01402,454.01,1392,40,0,delivered,otp,dev_6e068097,addr_0ab54bde,40,item_not_received,I have not received this package even after 40 days.,honest,,False,1
ALT02913,CUST00293,3158.39,577,8,1,in_transit,otp,dev_7a4c75d4,addr_d2762bdc,22,duplicate_charge,Duplicate debit of the same amount on the same day.,honest,,False,0
ALT02914,CUST01031,5174.02,5,0,3,delivered,signed,dev_b87189e1,addr_a0d763f0,43,unauthorised,"Unknown charge from your store, I never placed any order. The box was torn when I opened it. Reverse this now.",ring,dropship,True,0
ALT02915,CUST01014,2400.01,669,12,0,delivered,otp,dev_66ba7e51,addr_256df639,44,not_as_described,Item is not what the listing showed. Quality is poor.,honest,,False,1
ALT02916,CUST00200,1028.48,491,28,0,delivered,signed,dev_c832b3f0,addr_73a55d2e,38,unauthorised,"This charge is not mine, my card was used without permission.",honest,,False,1
ALT02917,CUST00716,839.37,613,36,0,delivered,otp,dev_38749f3c,addr_49902258,19,not_as_described,Product does not match the description on your site. Kindly help.,honest,,False,1
ALT02918,CUST01457,3010.34,1331,35,0,lost,none,dev_a301ec03,addr_b3eda8f1,9,duplicate_charge,Two payments went out for a single purchase. Kindly help.,honest,,False,0
ALT02919,CUST01028,2071.98,371,12,3,delivered,signed,dev_77a63918,addr_6e78cd59,4,item_not_received,I have not received this package even after 4 days. I raised this before and got no response.,opportunist,,False,1
ALT02920,CUST01521,1065.36,330,35,1,delivered,otp,dev_c72c1fe3,addr_1beaf6ac,27,not_as_described,Item is not what the listing showed. Quality is poor.,honest,,False,1
ALT02921,CUST00849,1872.39,276,3,3,delivered,otp,dev_ede02d33,addr_44e831e1,3,item_not_received,I have not received this package even after 3 days. I raised this before and got no response.,opportunist,,False,1
ALT02922,CUST01309,1952.35,173,7,1,delivered,otp,dev_c04a3f68,addr_290c9e51,8,item_not_received,Order never arrived. Tracking shows delivered but nothing reached me. This keeps happening.,opportunist,,False,1
ALT02923,CUST00684,13674.4,390,16,2,delivered,signed,dev_5b952506,addr_5f25210e,24,item_not_received,I have not received this package even after 24 days. This keeps happening.,opportunist,,False,1
ALT02924,CUST00827,4724.3,831,30,1,delivered,signed,dev_a939ebd1,addr_8b4bd7e7,42,duplicate_charge,Duplicate debit of the same amount on the same day.,honest,,False,1
ALT02925,CUST01731,1616.11,1413,22,1,in_transit,none,dev_da09dfa0,addr_162f8a24,45,item_not_received,Nothing was delivered to my address. Please refund the amount.,honest,,False,0
ALT02926,CUST01076,1747.46,297,24,1,delivered,otp,dev_cdfa76af,addr_f53ba020,39,not_as_described,Product does not match the description on your site.,honest,,False,1
ALT02927,CUST00174,3074.18,1219,45,1,delivered,none,dev_4d560a3d,addr_67f5ae02,11,item_not_received,I have not received this package even after 11 days. Kindly help.,honest,,False,1
ALT02928,CUST00419,2209.68,266,33,1,delivered,none,dev_d1151fff,addr_fe7402cd,12,duplicate_charge,Duplicate debit of the same amount on the same day. Kindly help.,honest,,False,0
ALT02929,CUST00160,676.04,25,2,0,delivered,signed,dev_a510f7b4,addr_4cc378c3,8,item_not_received,I have not received this package even after 8 days. Reverse this now.,ring,dropship,False,0
ALT02930,CUST01471,6573.96,1014,19,0,in_transit,none,dev_35ba5e93,addr_d07c5e53,25,item_not_received,Nothing was delivered to my address. Please refund the amount.,honest,,False,1
ALT02931,CUST01168,14395.92,507,47,1,in_transit,none,dev_49793220,addr_e01a5b5e,16,duplicate_charge,Duplicate debit of the same amount on the same day. Kindly help.,honest,,False,0
ALT02932,CUST00034,6120.73,689,46,0,in_transit,none,dev_f9c3ee05,addr_66414954,23,not_as_described,"Received the wrong variant, this is not what I ordered.",honest,,False,0
ALT02933,CUST00860,5272.24,534,8,1,in_transit,none,dev_5c75352c,addr_f4852088,1,item_not_received,I have not received this package even after 1 days.,honest,,False,0
ALT02934,CUST00422,1567.25,399,33,1,delivered,signed,dev_51a40d2a,addr_4cde1b6b,26,not_as_described,Item is not what the listing showed. Quality is poor. Kindly help.,honest,,False,1
ALT02935,CUST01066,8099.76,1093,5,0,delivered,signed,dev_5d3d9e56,addr_d9178793,1,unauthorised,I did not authorise this transaction on my card. Kindly help.,honest,,False,1
ALT02936,CUST00326,3012.62,498,6,1,delivered,signed,dev_b852b3cd,addr_4b91b8cb,20,unauthorised,"Unknown charge from your store, I never placed any order.",honest,,False,1
ALT02937,CUST00623,5431.46,468,6,1,in_transit,none,dev_592448ee,addr_b0e8b2fa,14,duplicate_charge,"Charged twice for the same order, please reverse one debit. Kindly help.",honest,,False,0
ALT02938,CUST01484,2613.41,1163,19,0,delivered,signed,dev_75d66ed4,addr_3a43b2ba,8,not_as_described,Item is not what the listing showed. Quality is poor.,honest,,False,0
ALT02939,CUST01709,842.07,610,17,1,lost,none,dev_1e1e5d91,addr_2639e214,28,item_not_received,Nothing was delivered to my address. Please refund the amount. Kindly help.,honest,,False,0
ALT02940,CUST00845,1941.13,891,32,1,lost,none,dev_fd853cf8,addr_c1f98e90,36,not_as_described,Item is not what the listing showed. Quality is poor. Kindly help.,honest,,False,0
ALT02941,CUST01361,4361.85,424,23,0,in_transit,none,dev_3c38c3f0,addr_61fe800a,7,unauthorised,"Unknown charge from your store, I never placed any order.",honest,,False,0
ALT02942,CUST00955,1582.32,657,38,0,delivered,otp,dev_f43e8c48,addr_d847dc53,14,unauthorised,"This charge is not mine, my card was used without permission.",honest,,False,1
ALT02943,CUST00468,1536.75,577,17,4,delivered,otp,dev_1f2f087d,addr_1f89cec2,31,not_as_described,Item is not what the listing showed. Quality is poor. I raised this before and got no response.,opportunist,,False,1
ALT02944,CUST01738,993.72,583,40,1,delivered,otp,dev_3cb526d7,addr_9cf3137e,13,item_not_received,Nothing was delivered to my address. Please refund the amount.,honest,,False,1
ALT02945,CUST01468,5717.91,1211,24,0,in_transit,otp,dev_04a434e7,addr_e1831003,43,item_not_received,Order never arrived. Tracking shows delivered but nothing reached me.,honest,,False,1
ALT02946,CUST01004,8098.51,580,36,0,delivered,signed,dev_8e0ec033,addr_7d592e19,43,not_as_described,Product does not match the description on your site.,honest,,False,1
ALT02947,CUST00318,1843.64,60,5,3,in_transit,none,dev_ab09ec62,addr_f5931884,9,unauthorised,"This charge is not mine, my card was used without permission.",opportunist,,False,0
ALT02948,CUST01192,2061.34,810,23,1,delivered,signed,dev_567c5d44,addr_fed747be,16,unauthorised,"Unknown charge from your store, I never placed any order. The size is wrong, I want to send it back. Kindly help.",honest,,True,1
ALT02949,CUST00126,3207.38,864,10,1,delivered,signed,dev_b8da3559,addr_9c8a1631,26,unauthorised,"Unknown charge from your store, I never placed any order.",honest,,False,0
ALT02950,CUST01629,327.62,909,30,1,delivered,signed,dev_030b4532,addr_f394c60d,39,not_as_described,Product does not match the description on your site. Kindly help.,honest,,False,1
ALT02951,CUST00346,12538.66,218,24,0,lost,none,dev_55c551fc,addr_8639bd41,5,duplicate_charge,"Charged twice for the same order, please reverse one debit.",honest,,False,0
ALT02952,CUST01202,2826.26,241,49,1,in_transit,otp,dev_96867676,addr_fc5b14bd,29,not_as_described,"Received the wrong variant, this is not what I ordered.",honest,,False,1
ALT02953,CUST01176,2497.82,48,1,2,delivered,signed,dev_b8180f1c,addr_04eb1694,23,item_not_received,Order never arrived. Tracking shows delivered but nothing reached me. Reverse this now.,ring,household,False,1
ALT02954,CUST00341,2804.05,547,6,1,lost,none,dev_0991946d,addr_6bd1f826,25,unauthorised,"Unknown charge from your store, I never placed any order. It stopped working after two days of use. Kindly help.",honest,,True,0
ALT02955,CUST01154,2372.0,15,3,0,delivered,signed,dev_e9d0c2ec,addr_04eb1694,9,unauthorised,"Unknown charge from your store, I never placed any order. Refund immediately.",ring,household,False,1
ALT02956,CUST00388,1660.83,1028,15,1,delivered,otp,dev_eb67146a,addr_88bc539c,21,item_not_received,I have not received this package even after 21 days.,honest,,False,1
ALT02957,CUST01478,1250.83,1001,34,0,in_transit,none,dev_0649bcf6,addr_1ac3bf31,35,duplicate_charge,Two payments went out for a single purchase. Kindly help.,honest,,False,0
ALT02958,CUST00696,1824.52,1327,35,0,delivered,otp,dev_1674eb65,addr_620d4a1f,3,duplicate_charge,Duplicate debit of the same amount on the same day.,honest,,False,0
ALT02959,CUST01217,1603.94,516,4,3,delivered,signed,dev_cb2c0efb,addr_a5f62181,13,not_as_described,Product does not match the description on your site.,opportunist,,False,1
ALT02960,CUST00785,1262.99,843,46,1,in_transit,none,dev_1d0af7f7,addr_bc55300b,38,duplicate_charge,"Charged twice for the same order, please reverse one debit.",honest,,False,1
ALT02961,CUST01304,2118.32,428,6,1,delivered,signed,dev_3eb13b90,addr_8b9d2434,21,item_not_received,Order never arrived. Tracking shows delivered but nothing reached me. Kindly help.,honest,,False,1
ALT02962,CUST01087,1569.79,460,9,4,delivered,signed,dev_d41bd8bf,addr_6dd9a879,9,duplicate_charge,Duplicate debit of the same amount on the same day. This keeps happening.,opportunist,,False,1
ALT02963,CUST00439,552.26,987,48,0,delivered,otp,dev_7de7f41a,addr_fda2f9a0,11,duplicate_charge,Duplicate debit of the same amount on the same day. Kindly help.,honest,,False,1
ALT02964,CUST00874,2314.56,1389,45,0,delivered,otp,dev_c1cfd878,addr_a92f85fe,29,duplicate_charge,"Charged twice for the same order, please reverse one debit.",honest,,False,1
ALT02965,CUST01324,1709.84,110,17,4,delivered,signed,dev_66308af8,addr_c55f30a1,15,item_not_received,I have not received this package even after 15 days. This keeps happening.,opportunist,,False,1
ALT02966,CUST00206,479.96,693,26,1,delivered,otp,dev_a4b0718e,addr_3c28f5dc,43,item_not_received,I have not received this package even after 43 days.,honest,,False,1
ALT02967,CUST01206,1668.07,867,29,1,delivered,otp,dev_64976593,addr_905881df,26,item_not_received,Nothing was delivered to my address. Please refund the amount.,honest,,False,1
ALT02968,CUST00155,5384.13,1234,43,0,delivered,otp,dev_8fadc1a6,addr_6b65a6a4,22,item_not_received,Nothing was delivered to my address. Please refund the amount. Kindly help.,honest,,False,1
ALT02969,CUST01090,3342.95,401,38,0,delivered,none,dev_095b81d6,addr_1da76d69,4,unauthorised,"Unknown charge from your store, I never placed any order.",honest,,False,1
ALT02970,CUST00119,8591.89,31,0,0,in_transit,otp,dev_51ffdef6,addr_b6caf840,22,item_not_received,Order never arrived. Tracking shows delivered but nothing reached me. Reverse this now.,ring,tight,False,1
ALT02971,CUST01640,4119.62,1128,9,0,delivered,otp,dev_2877f5d9,addr_6a662fce,21,not_as_described,"Received the wrong variant, this is not what I ordered. Kindly help.",honest,,False,1
ALT02972,CUST00099,2356.94,290,7,1,in_transit,otp,dev_81145252,addr_64f22a7c,3,duplicate_charge,Duplicate debit of the same amount on the same day.,honest,,False,0
ALT02973,CUST00626,1915.16,121,19,3,in_transit,otp,dev_cc5bf684,addr_a266530e,6,item_not_received,I have not received this package even after 6 days. This keeps happening.,opportunist,,False,0
ALT02974,CUST00026,1429.39,1424,33,1,delivered,signed,dev_225f52ab,addr_d00dcc4f,4,not_as_described,"Received the wrong variant, this is not what I ordered.",honest,,False,1
ALT02975,CUST01063,3892.08,1377,23,1,delivered,signed,dev_6553867d,addr_f93e08d5,15,not_as_described,Product does not match the description on your site.,honest,,False,1
ALT02976,CUST00579,2093.89,947,48,0,delivered,signed,dev_38de44f1,addr_65333140,37,not_as_described,Product does not match the description on your site. Kindly help.,honest,,False,1
ALT02977,CUST00565,569.71,1467,39,0,delivered,signed,dev_8591a818,addr_c0249b51,37,not_as_described,"Received the wrong variant, this is not what I ordered.",honest,,False,1
ALT02978,CUST01072,1965.32,246,18,2,delivered,signed,dev_4cac895c,addr_0361b157,23,duplicate_charge,Duplicate debit of the same amount on the same day. This keeps happening.,opportunist,,False,1
ALT02979,CUST00358,1676.33,544,19,2,delivered,signed,dev_7e50a000,addr_016d26d9,38,item_not_received,Nothing was delivered to my address. Please refund the amount.,opportunist,,False,1
ALT02980,CUST01183,1811.8,486,20,2,delivered,otp,dev_4d126ab1,addr_2ef17a90,12,item_not_received,Nothing was delivered to my address. Please refund the amount. This keeps happening.,opportunist,,False,1
ALT02981,CUST00467,1708.95,77,13,3,in_transit,none,dev_aa1c5dca,addr_10a0e260,36,item_not_received,I have not received this package even after 36 days. I raised this before and got no response.,opportunist,,False,0
ALT02982,CUST00074,1846.83,137,5,1,lost,none,dev_88219541,addr_fe31f408,11,item_not_received,Order never arrived. Tracking shows delivered but nothing reached me.,opportunist,,False,0
ALT02983,CUST01599,3352.31,474,11,2,lost,none,dev_b7447158,addr_629f1962,42,item_not_received,Nothing was delivered to my address. Please refund the amount.,opportunist,,False,0
ALT02984,CUST01093,5117.17,948,27,0,delivered,signed,dev_521be8c2,addr_4e089bb4,13,not_as_described,Product does not match the description on your site.,honest,,False,0
ALT02985,CUST01045,2690.85,718,7,0,delivered,signed,dev_493e904d,addr_a7de02cc,37,not_as_described,Product does not match the description on your site. Kindly help.,honest,,False,1
ALT02986,CUST01787,4751.77,365,3,2,in_transit,otp,dev_dad4c20f,addr_f9d59f7f,29,duplicate_charge,Two payments went out for a single purchase. I raised this before and got no response.,opportunist,,False,1
ALT02987,CUST00496,1774.7,1426,40,0,delivered,none,dev_27afbff9,addr_5dfb1922,23,not_as_described,Product does not match the description on your site.,honest,,False,0
ALT02988,CUST01128,1707.07,293,13,3,delivered,signed,dev_b8d11a8f,addr_9f2e444a,7,unauthorised,"This charge is not mine, my card was used without permission. The size is wrong, I want to send it back. I raised this before and got no response.",opportunist,,True,1
ALT02989,CUST01724,560.37,564,8,3,delivered,signed,dev_81ddf3ea,addr_a5310be0,43,item_not_received,Order never arrived. Tracking shows delivered but nothing reached me.,opportunist,,False,1
ALT02990,CUST00319,3375.27,1028,36,0,delivered,none,dev_f2a24da4,addr_ed850a6d,29,not_as_described,Item is not what the listing showed. Quality is poor.,honest,,False,1
ALT02991,CUST01031,524.04,5,0,3,delivered,none,dev_b87189e1,addr_a0d763f0,1,item_not_received,I have not received this package even after 1 days. Refund immediately.,ring,dropship,False,0
ALT02992,CUST01001,4464.22,435,39,0,delivered,signed,dev_a5cb63a2,addr_e88da719,11,duplicate_charge,Duplicate debit of the same amount on the same day.,honest,,False,0
ALT02993,CUST01356,5488.54,18,2,3,lost,none,dev_c37637d6,addr_a057c558,22,unauthorised,I did not authorise this transaction on my card.,ring,tight,False,0
ALT02994,CUST00829,378.68,472,46,0,in_transit,otp,dev_9033da65,addr_2a038ad4,37,not_as_described,"Received the wrong variant, this is not what I ordered.",honest,,False,1
ALT02995,CUST01429,2167.37,857,22,1,in_transit,otp,dev_16db80db,addr_711456de,7,not_as_described,"Received the wrong variant, this is not what I ordered.",honest,,False,0
ALT02996,CUST00926,4103.95,570,6,4,delivered,signed,dev_504fde7c,addr_5d0314d8,20,not_as_described,Product does not match the description on your site. This keeps happening.,opportunist,,False,1
ALT02997,CUST01089,2976.46,1163,6,0,delivered,none,dev_59970043,addr_a66fd7f7,27,item_not_received,Nothing was delivered to my address. Please refund the amount.,honest,,False,0
ALT02998,CUST01671,785.17,1491,19,0,delivered,none,dev_b509109b,addr_02571851,7,unauthorised,"Unknown charge from your store, I never placed any order.",honest,,False,0
ALT02999,CUST00975,851.24,85,2,1,in_transit,none,dev_a510f7b4,addr_f11f1e97,35,unauthorised,"This charge is not mine, my card was used without permission. Refund immediately.",ring,dropship,False,0
